method,noise_mult,pi_s,huber_k,repeat,value
clean,0,0.0,,0,0.07985404605884919
clean,0,0.0,,1,0.07850568351073271
clean,0,0.0,,2,0.06929586874434054
clean,0,0.0,,3,0.03420237990538751
clean,0,0.0,,4,0.07219700027290685
clean,0,0.0,,5,0.10778181213630209
clean,0,0.0,,6,0.06611024258962064
clean,0,0.0,,7,0.08029971290969261
clean,0,0.0,,8,0.05390952558176247
clean,0,0.0,,9,0.06757369589047381
clean,0,0.0,,10,0.0614971471699323
clean,0,0.0,,11,0.0660189421339757
clean,0,0.0,,12,0.044180677614942994
clean,0,0.0,,13,0.05526559251382401
clean,0,0.0,,14,0.05015226720140574
clean,0,0.0,,15,0.09169397674458189
clean,0,0.0,,16,0.045851242947569544
clean,0,0.0,,17,0.058755997279682844
clean,0,0.0,,18,0.1027780754669658
clean,0,0.0,,19,0.08698853827572597
clean,0,0.0,,20,0.08298719067832996
clean,0,0.0,,21,0.07773688155262536
clean,0,0.0,,22,0.07218327141950295
clean,0,0.0,,23,0.05835403721498933
clean,0,0.0,,24,0.05235341268080194
clean,0,0.0,,25,0.05784580371584282
clean,0,0.0,,26,0.055956201845165685
clean,0,0.0,,27,0.07536458026637803
clean,0,0.0,,28,0.08611806000058563
clean,0,0.0,,29,0.051099474957450756
clean,0,0.0,,30,0.08465016104896933
clean,0,0.0,,31,0.04932850067053223
clean,0,0.0,,32,0.09915562432662492
clean,0,0.0,,33,0.05190620105715807
clean,0,0.0,,34,0.09225945530476153
clean,0,0.0,,35,0.08143577017244129
clean,0,0.0,,36,0.037225069817871534
clean,0,0.0,,37,0.08299874675818932
clean,0,0.0,,38,0.08313745904829091
clean,0,0.0,,39,0.06427169660900973
clean,0,0.0,,40,0.06802521104651534
clean,0,0.0,,41,0.08141912928765323
clean,0,0.0,,42,0.0668575859287103
clean,0,0.0,,43,0.0712095479854753
clean,0,0.0,,44,0.07061124809284751
clean,0,0.0,,45,0.05212829742629491
clean,0,0.0,,46,0.08191462705621916
clean,0,0.0,,47,0.06498752060963368
clean,0,0.0,,48,0.05593221738415847
clean,0,0.0,,49,0.0608318250770354
baseline,2,0.05,,0,0.05339079986181341
baseline,2,0.05,,1,0.05731784445706703
baseline,2,0.05,,2,0.06734424122898015
baseline,2,0.05,,3,0.06101102710179483
baseline,2,0.05,,4,0.06261921223503693
baseline,2,0.05,,5,0.07670594418764783
baseline,2,0.05,,6,0.058792522864129136
baseline,2,0.05,,7,0.047092655134812325
baseline,2,0.05,,8,0.06873771560907525
baseline,2,0.05,,9,0.04336531071355434
baseline,2,0.05,,10,0.0782444925437729
baseline,2,0.05,,11,0.07347386472149545
baseline,2,0.05,,12,0.07002777870339479
baseline,2,0.05,,13,0.06552932778109272
baseline,2,0.05,,14,0.08588885723725276
baseline,2,0.05,,15,0.07261027124512091
baseline,2,0.05,,16,0.07532181076450602
baseline,2,0.05,,17,0.04939893271075514
baseline,2,0.05,,18,0.045576236537886644
baseline,2,0.05,,19,0.07383380041916315
baseline,2,0.05,,20,0.07481004940474367
baseline,2,0.05,,21,0.09573859167585948
baseline,2,0.05,,22,0.06771589368483259
baseline,2,0.05,,23,0.05743260695737267
baseline,2,0.05,,24,0.1020304929869194
baseline,2,0.05,,25,0.037879233480095365
baseline,2,0.05,,26,0.07636010614034114
baseline,2,0.05,,27,0.07328835255146099
baseline,2,0.05,,28,0.06914535579182765
baseline,2,0.05,,29,0.0721079474376143
baseline,2,0.05,,30,0.09740355941161168
baseline,2,0.05,,31,0.06705449545262969
baseline,2,0.05,,32,0.06754212993159996
baseline,2,0.05,,33,0.04194446056904296
baseline,2,0.05,,34,0.07211836989994998
baseline,2,0.05,,35,0.06358647608259206
baseline,2,0.05,,36,0.0512601040078733
baseline,2,0.05,,37,0.04729530723704401
baseline,2,0.05,,38,0.06855967836505793
baseline,2,0.05,,39,0.0813060374497574
baseline,2,0.05,,40,0.06298245401505834
baseline,2,0.05,,41,0.06601810921965438
baseline,2,0.05,,42,0.06387371922910944
baseline,2,0.05,,43,0.04894721303584973
baseline,2,0.05,,44,0.051423091222023
baseline,2,0.05,,45,0.05284155610218058
baseline,2,0.05,,46,0.061838961120212005
baseline,2,0.05,,47,0.07485988828864072
baseline,2,0.05,,48,0.05356433676113836
baseline,2,0.05,,49,0.07247283831361741
rftl_s_prec,2,0.05,1.0,0,0.13333333333333333
rftl_s_prec,2,0.05,1.0,1,0.13333333333333333
rftl_s_prec,2,0.05,1.0,2,0.13333333333333333
rftl_s_prec,2,0.05,1.0,3,0.13333333333333333
rftl_s_prec,2,0.05,1.0,4,0.13333333333333333
rftl_s_prec,2,0.05,1.0,5,0.13333333333333333
rftl_s_prec,2,0.05,1.0,6,0.13333333333333333
rftl_s_prec,2,0.05,1.0,7,0.13333333333333333
rftl_s_prec,2,0.05,1.0,8,0.13333333333333333
rftl_s_prec,2,0.05,1.0,9,0.13333333333333333
rftl_s_prec,2,0.05,1.0,10,0.13333333333333333
rftl_s_prec,2,0.05,1.0,11,0.13333333333333333
rftl_s_prec,2,0.05,1.0,12,0.13333333333333333
rftl_s_prec,2,0.05,1.0,13,0.13333333333333333
rftl_s_prec,2,0.05,1.0,14,0.13333333333333333
rftl_s_prec,2,0.05,1.0,15,0.13333333333333333
rftl_s_prec,2,0.05,1.0,16,0.13333333333333333
rftl_s_prec,2,0.05,1.0,17,0.13333333333333333
rftl_s_prec,2,0.05,1.0,18,0.13333333333333333
rftl_s_prec,2,0.05,1.0,19,0.13333333333333333
rftl_s_prec,2,0.05,1.0,20,0.13333333333333333
rftl_s_prec,2,0.05,1.0,21,0.13333333333333333
rftl_s_prec,2,0.05,1.0,22,0.13333333333333333
rftl_s_prec,2,0.05,1.0,23,0.13333333333333333
rftl_s_prec,2,0.05,1.0,24,0.13333333333333333
rftl_s_prec,2,0.05,1.0,25,0.13333333333333333
rftl_s_prec,2,0.05,1.0,26,0.13333333333333333
rftl_s_prec,2,0.05,1.0,27,0.13333333333333333
rftl_s_prec,2,0.05,1.0,28,0.13333333333333333
rftl_s_prec,2,0.05,1.0,29,0.13333333333333333
rftl_s_prec,2,0.05,1.0,30,0.13333333333333333
rftl_s_prec,2,0.05,1.0,31,0.13333333333333333
rftl_s_prec,2,0.05,1.0,32,0.13333333333333333
rftl_s_prec,2,0.05,1.0,33,0.13333333333333333
rftl_s_prec,2,0.05,1.0,34,0.13333333333333333
rftl_s_prec,2,0.05,1.0,35,0.13333333333333333
rftl_s_prec,2,0.05,1.0,36,0.13333333333333333
rftl_s_prec,2,0.05,1.0,37,0.13333333333333333
rftl_s_prec,2,0.05,1.0,38,0.13333333333333333
rftl_s_prec,2,0.05,1.0,39,0.13333333333333333
rftl_s_prec,2,0.05,1.0,40,0.13333333333333333
rftl_s_prec,2,0.05,1.0,41,0.13333333333333333
rftl_s_prec,2,0.05,1.0,42,0.13333333333333333
rftl_s_prec,2,0.05,1.0,43,0.13333333333333333
rftl_s_prec,2,0.05,1.0,44,0.13333333333333333
rftl_s_prec,2,0.05,1.0,45,0.13333333333333333
rftl_s_prec,2,0.05,1.0,46,0.13333333333333333
rftl_s_prec,2,0.05,1.0,47,0.13333333333333333
rftl_s_prec,2,0.05,1.0,48,0.13333333333333333
rftl_s_prec,2,0.05,1.0,49,0.13333333333333333
rftl_s_rec,2,0.05,1.0,0,1.0
rftl_s_rec,2,0.05,1.0,1,1.0
rftl_s_rec,2,0.05,1.0,2,1.0
rftl_s_rec,2,0.05,1.0,3,1.0
rftl_s_rec,2,0.05,1.0,4,1.0
rftl_s_rec,2,0.05,1.0,5,1.0
rftl_s_rec,2,0.05,1.0,6,1.0
rftl_s_rec,2,0.05,1.0,7,1.0
rftl_s_rec,2,0.05,1.0,8,1.0
rftl_s_rec,2,0.05,1.0,9,1.0
rftl_s_rec,2,0.05,1.0,10,1.0
rftl_s_rec,2,0.05,1.0,11,1.0
rftl_s_rec,2,0.05,1.0,12,1.0
rftl_s_rec,2,0.05,1.0,13,1.0
rftl_s_rec,2,0.05,1.0,14,1.0
rftl_s_rec,2,0.05,1.0,15,1.0
rftl_s_rec,2,0.05,1.0,16,1.0
rftl_s_rec,2,0.05,1.0,17,1.0
rftl_s_rec,2,0.05,1.0,18,1.0
rftl_s_rec,2,0.05,1.0,19,1.0
rftl_s_rec,2,0.05,1.0,20,1.0
rftl_s_rec,2,0.05,1.0,21,1.0
rftl_s_rec,2,0.05,1.0,22,1.0
rftl_s_rec,2,0.05,1.0,23,1.0
rftl_s_rec,2,0.05,1.0,24,1.0
rftl_s_rec,2,0.05,1.0,25,1.0
rftl_s_rec,2,0.05,1.0,26,1.0
rftl_s_rec,2,0.05,1.0,27,1.0
rftl_s_rec,2,0.05,1.0,28,1.0
rftl_s_rec,2,0.05,1.0,29,1.0
rftl_s_rec,2,0.05,1.0,30,1.0
rftl_s_rec,2,0.05,1.0,31,1.0
rftl_s_rec,2,0.05,1.0,32,1.0
rftl_s_rec,2,0.05,1.0,33,1.0
rftl_s_rec,2,0.05,1.0,34,1.0
rftl_s_rec,2,0.05,1.0,35,1.0
rftl_s_rec,2,0.05,1.0,36,1.0
rftl_s_rec,2,0.05,1.0,37,1.0
rftl_s_rec,2,0.05,1.0,38,1.0
rftl_s_rec,2,0.05,1.0,39,1.0
rftl_s_rec,2,0.05,1.0,40,1.0
rftl_s_rec,2,0.05,1.0,41,1.0
rftl_s_rec,2,0.05,1.0,42,1.0
rftl_s_rec,2,0.05,1.0,43,1.0
rftl_s_rec,2,0.05,1.0,44,1.0
rftl_s_rec,2,0.05,1.0,45,1.0
rftl_s_rec,2,0.05,1.0,46,1.0
rftl_s_rec,2,0.05,1.0,47,1.0
rftl_s_rec,2,0.05,1.0,48,1.0
rftl_s_rec,2,0.05,1.0,49,1.0
rftl_s,2,0.05,1.0,0,0.0675521480479523
rftl_s,2,0.05,1.0,1,0.06869325749470574
rftl_s,2,0.05,1.0,2,0.09299179491359072
rftl_s,2,0.05,1.0,3,0.06612197652463116
rftl_s,2,0.05,1.0,4,0.0770013109258389
rftl_s,2,0.05,1.0,5,0.08940716100441279
rftl_s,2,0.05,1.0,6,0.07967154749242761
rftl_s,2,0.05,1.0,7,0.08740835080048454
rftl_s,2,0.05,1.0,8,0.06582165646261816
rftl_s,2,0.05,1.0,9,0.0649163294872206
rftl_s,2,0.05,1.0,10,0.06525532967123673
rftl_s,2,0.05,1.0,11,0.08412220966802696
rftl_s,2,0.05,1.0,12,0.05263040876367329
rftl_s,2,0.05,1.0,13,0.0820326781774831
rftl_s,2,0.05,1.0,14,0.04562821617020192
rftl_s,2,0.05,1.0,15,0.06353322857563344
rftl_s,2,0.05,1.0,16,0.04261590025020369
rftl_s,2,0.05,1.0,17,0.07365126836196748
rftl_s,2,0.05,1.0,18,0.0712379884174521
rftl_s,2,0.05,1.0,19,0.05071375855544833
rftl_s,2,0.05,1.0,20,0.08601752996766177
rftl_s,2,0.05,1.0,21,0.07359820175641499
rftl_s,2,0.05,1.0,22,0.0562389732978343
rftl_s,2,0.05,1.0,23,0.06997955373513146
rftl_s,2,0.05,1.0,24,0.09128213620022775
rftl_s,2,0.05,1.0,25,0.04683073359829484
rftl_s,2,0.05,1.0,26,0.07584684573010247
rftl_s,2,0.05,1.0,27,0.05459876417975356
rftl_s,2,0.05,1.0,28,0.08076835752594087
rftl_s,2,0.05,1.0,29,0.05463424912909184
rftl_s,2,0.05,1.0,30,0.08185090492673974
rftl_s,2,0.05,1.0,31,0.06878049395020862
rftl_s,2,0.05,1.0,32,0.048706190742715504
rftl_s,2,0.05,1.0,33,0.07972207768412147
rftl_s,2,0.05,1.0,34,0.06448753886993853
rftl_s,2,0.05,1.0,35,0.044949601963723614
rftl_s,2,0.05,1.0,36,0.04798354700342063
rftl_s,2,0.05,1.0,37,0.07086581032007934
rftl_s,2,0.05,1.0,38,0.07941774652780083
rftl_s,2,0.05,1.0,39,0.08478215745248363
rftl_s,2,0.05,1.0,40,0.062464120290369456
rftl_s,2,0.05,1.0,41,0.07487036905741792
rftl_s,2,0.05,1.0,42,0.09651916259261187
rftl_s,2,0.05,1.0,43,0.06653605069623669
rftl_s,2,0.05,1.0,44,0.05069283301796499
rftl_s,2,0.05,1.0,45,0.08940036455737396
rftl_s,2,0.05,1.0,46,0.061642402683975986
rftl_s,2,0.05,1.0,47,0.09006769828035105
rftl_s,2,0.05,1.0,48,0.08538273745191698
rftl_s,2,0.05,1.0,49,0.05598380846126716
rftl_s_prec,2,0.05,1.345,0,0.2
rftl_s_prec,2,0.05,1.345,1,0.1935483870967742
rftl_s_prec,2,0.05,1.345,2,0.2222222222222222
rftl_s_prec,2,0.05,1.345,3,0.15384615384615385
rftl_s_prec,2,0.05,1.345,4,0.25
rftl_s_prec,2,0.05,1.345,5,0.2727272727272727
rftl_s_prec,2,0.05,1.345,6,0.24
rftl_s_prec,2,0.05,1.345,7,0.2727272727272727
rftl_s_prec,2,0.05,1.345,8,0.23076923076923078
rftl_s_prec,2,0.05,1.345,9,0.17142857142857143
rftl_s_prec,2,0.05,1.345,10,0.16666666666666666
rftl_s_prec,2,0.05,1.345,11,0.17142857142857143
rftl_s_prec,2,0.05,1.345,12,0.17142857142857143
rftl_s_prec,2,0.05,1.345,13,0.16216216216216217
rftl_s_prec,2,0.05,1.345,14,0.20689655172413793
rftl_s_prec,2,0.05,1.345,15,0.23076923076923078
rftl_s_prec,2,0.05,1.345,16,0.17142857142857143
rftl_s_prec,2,0.05,1.345,17,0.17647058823529413
rftl_s_prec,2,0.05,1.345,18,0.20689655172413793
rftl_s_prec,2,0.05,1.345,19,0.2857142857142857
rftl_s_prec,2,0.05,1.345,20,0.1875
rftl_s_prec,2,0.05,1.345,21,0.25
rftl_s_prec,2,0.05,1.345,22,0.1875
rftl_s_prec,2,0.05,1.345,23,0.17142857142857143
rftl_s_prec,2,0.05,1.345,24,0.18181818181818182
rftl_s_prec,2,0.05,1.345,25,0.15
rftl_s_prec,2,0.05,1.345,26,0.16666666666666666
rftl_s_prec,2,0.05,1.345,27,0.2727272727272727
rftl_s_prec,2,0.05,1.345,28,0.1935483870967742
rftl_s_prec,2,0.05,1.345,29,0.15789473684210525
rftl_s_prec,2,0.05,1.345,30,0.17142857142857143
rftl_s_prec,2,0.05,1.345,31,0.1875
rftl_s_prec,2,0.05,1.345,32,0.1875
rftl_s_prec,2,0.05,1.345,33,0.21428571428571427
rftl_s_prec,2,0.05,1.345,34,0.17647058823529413
rftl_s_prec,2,0.05,1.345,35,0.1935483870967742
rftl_s_prec,2,0.05,1.345,36,0.1935483870967742
rftl_s_prec,2,0.05,1.345,37,0.17142857142857143
rftl_s_prec,2,0.05,1.345,38,0.2608695652173913
rftl_s_prec,2,0.05,1.345,39,0.1935483870967742
rftl_s_prec,2,0.05,1.345,40,0.20689655172413793
rftl_s_prec,2,0.05,1.345,41,0.2608695652173913
rftl_s_prec,2,0.05,1.345,42,0.1875
rftl_s_prec,2,0.05,1.345,43,0.18181818181818182
rftl_s_prec,2,0.05,1.345,44,0.35294117647058826
rftl_s_prec,2,0.05,1.345,45,0.18181818181818182
rftl_s_prec,2,0.05,1.345,46,0.2608695652173913
rftl_s_prec,2,0.05,1.345,47,0.15
rftl_s_prec,2,0.05,1.345,48,0.1935483870967742
rftl_s_prec,2,0.05,1.345,49,0.35294117647058826
rftl_s_rec,2,0.05,1.345,0,1.0
rftl_s_rec,2,0.05,1.345,1,1.0
rftl_s_rec,2,0.05,1.345,2,1.0
rftl_s_rec,2,0.05,1.345,3,1.0
rftl_s_rec,2,0.05,1.345,4,1.0
rftl_s_rec,2,0.05,1.345,5,1.0
rftl_s_rec,2,0.05,1.345,6,1.0
rftl_s_rec,2,0.05,1.345,7,1.0
rftl_s_rec,2,0.05,1.345,8,1.0
rftl_s_rec,2,0.05,1.345,9,1.0
rftl_s_rec,2,0.05,1.345,10,1.0
rftl_s_rec,2,0.05,1.345,11,1.0
rftl_s_rec,2,0.05,1.345,12,1.0
rftl_s_rec,2,0.05,1.345,13,1.0
rftl_s_rec,2,0.05,1.345,14,1.0
rftl_s_rec,2,0.05,1.345,15,1.0
rftl_s_rec,2,0.05,1.345,16,1.0
rftl_s_rec,2,0.05,1.345,17,1.0
rftl_s_rec,2,0.05,1.345,18,1.0
rftl_s_rec,2,0.05,1.345,19,1.0
rftl_s_rec,2,0.05,1.345,20,1.0
rftl_s_rec,2,0.05,1.345,21,1.0
rftl_s_rec,2,0.05,1.345,22,1.0
rftl_s_rec,2,0.05,1.345,23,1.0
rftl_s_rec,2,0.05,1.345,24,1.0
rftl_s_rec,2,0.05,1.345,25,1.0
rftl_s_rec,2,0.05,1.345,26,1.0
rftl_s_rec,2,0.05,1.345,27,1.0
rftl_s_rec,2,0.05,1.345,28,1.0
rftl_s_rec,2,0.05,1.345,29,1.0
rftl_s_rec,2,0.05,1.345,30,1.0
rftl_s_rec,2,0.05,1.345,31,1.0
rftl_s_rec,2,0.05,1.345,32,1.0
rftl_s_rec,2,0.05,1.345,33,1.0
rftl_s_rec,2,0.05,1.345,34,1.0
rftl_s_rec,2,0.05,1.345,35,1.0
rftl_s_rec,2,0.05,1.345,36,1.0
rftl_s_rec,2,0.05,1.345,37,1.0
rftl_s_rec,2,0.05,1.345,38,1.0
rftl_s_rec,2,0.05,1.345,39,1.0
rftl_s_rec,2,0.05,1.345,40,1.0
rftl_s_rec,2,0.05,1.345,41,1.0
rftl_s_rec,2,0.05,1.345,42,1.0
rftl_s_rec,2,0.05,1.345,43,1.0
rftl_s_rec,2,0.05,1.345,44,1.0
rftl_s_rec,2,0.05,1.345,45,1.0
rftl_s_rec,2,0.05,1.345,46,1.0
rftl_s_rec,2,0.05,1.345,47,1.0
rftl_s_rec,2,0.05,1.345,48,1.0
rftl_s_rec,2,0.05,1.345,49,1.0
rftl_s,2,0.05,1.345,0,0.060577108689535746
rftl_s,2,0.05,1.345,1,0.07747537768651507
rftl_s,2,0.05,1.345,2,0.05734828504196333
rftl_s,2,0.05,1.345,3,0.0656093889832589
rftl_s,2,0.05,1.345,4,0.07089840842169136
rftl_s,2,0.05,1.345,5,0.09398669544535328
rftl_s,2,0.05,1.345,6,0.06721977256838921
rftl_s,2,0.05,1.345,7,0.0820515245053737
rftl_s,2,0.05,1.345,8,0.05651447221095626
rftl_s,2,0.05,1.345,9,0.06832129676110231
rftl_s,2,0.05,1.345,10,0.07678364978840234
rftl_s,2,0.05,1.345,11,0.08132050875276248
rftl_s,2,0.05,1.345,12,0.05566158647860367
rftl_s,2,0.05,1.345,13,0.08172370726071136
rftl_s,2,0.05,1.345,14,0.043934902422628944
rftl_s,2,0.05,1.345,15,0.07971431394029274
rftl_s,2,0.05,1.345,16,0.061858697005766926
rftl_s,2,0.05,1.345,17,0.08150847227451556
rftl_s,2,0.05,1.345,18,0.0729783169395813
rftl_s,2,0.05,1.345,19,0.06348445147167166
rftl_s,2,0.05,1.345,20,0.06788554209197852
rftl_s,2,0.05,1.345,21,0.10239833438941838
rftl_s,2,0.05,1.345,22,0.06166442217223876
rftl_s,2,0.05,1.345,23,0.06987667291524655
rftl_s,2,0.05,1.345,24,0.05195155226502117
rftl_s,2,0.05,1.345,25,0.07161359359684154
rftl_s,2,0.05,1.345,26,0.05670310824132033
rftl_s,2,0.05,1.345,27,0.06104380288681662
rftl_s,2,0.05,1.345,28,0.09937015227915
rftl_s,2,0.05,1.345,29,0.04565407107519078
rftl_s,2,0.05,1.345,30,0.05978429639164024
rftl_s,2,0.05,1.345,31,0.04741652768728515
rftl_s,2,0.05,1.345,32,0.06117224063208386
rftl_s,2,0.05,1.345,33,0.04746817190497373
rftl_s,2,0.05,1.345,34,0.04827060792187653
rftl_s,2,0.05,1.345,35,0.04687788869695175
rftl_s,2,0.05,1.345,36,0.08567310306287565
rftl_s,2,0.05,1.345,37,0.07385018849677374
rftl_s,2,0.05,1.345,38,0.08714168385190792
rftl_s,2,0.05,1.345,39,0.058020832367366215
rftl_s,2,0.05,1.345,40,0.05400287690316118
rftl_s,2,0.05,1.345,41,0.08160922722537274
rftl_s,2,0.05,1.345,42,0.07944534701829985
rftl_s,2,0.05,1.345,43,0.0706996024487044
rftl_s,2,0.05,1.345,44,0.06877085660033413
rftl_s,2,0.05,1.345,45,0.108234066365912
rftl_s,2,0.05,1.345,46,0.06398002260748402
rftl_s,2,0.05,1.345,47,0.062491682504792555
rftl_s,2,0.05,1.345,48,0.08000708811549369
rftl_s,2,0.05,1.345,49,0.051221368602781384
rftl_s_prec,2,0.05,2.0,0,1.0
rftl_s_prec,2,0.05,2.0,1,0.6
rftl_s_prec,2,0.05,2.0,2,0.75
rftl_s_prec,2,0.05,2.0,3,0.5454545454545454
rftl_s_prec,2,0.05,2.0,4,0.75
rftl_s_prec,2,0.05,2.0,5,0.6666666666666666
rftl_s_prec,2,0.05,2.0,6,1.0
rftl_s_prec,2,0.05,2.0,7,1.0
rftl_s_prec,2,0.05,2.0,8,0.75
rftl_s_prec,2,0.05,2.0,9,0.75
rftl_s_prec,2,0.05,2.0,10,0.5454545454545454
rftl_s_prec,2,0.05,2.0,11,0.5
rftl_s_prec,2,0.05,2.0,12,0.6
rftl_s_prec,2,0.05,2.0,13,0.75
rftl_s_prec,2,0.05,2.0,14,0.75
rftl_s_prec,2,0.05,2.0,15,0.6
rftl_s_prec,2,0.05,2.0,16,0.5454545454545454
rftl_s_prec,2,0.05,2.0,17,0.75
rftl_s_prec,2,0.05,2.0,18,1.0
rftl_s_prec,2,0.05,2.0,19,0.6666666666666666
rftl_s_prec,2,0.05,2.0,20,0.8571428571428571
rftl_s_prec,2,0.05,2.0,21,0.8571428571428571
rftl_s_prec,2,0.05,2.0,22,0.6666666666666666
rftl_s_prec,2,0.05,2.0,23,0.75
rftl_s_prec,2,0.05,2.0,24,0.6
rftl_s_prec,2,0.05,2.0,25,0.24
rftl_s_prec,2,0.05,2.0,26,0.5454545454545454
rftl_s_prec,2,0.05,2.0,27,0.8571428571428571
rftl_s_prec,2,0.05,2.0,28,0.8571428571428571
rftl_s_prec,2,0.05,2.0,29,0.46153846153846156
rftl_s_prec,2,0.05,2.0,30,0.8571428571428571
rftl_s_prec,2,0.05,2.0,31,0.6
rftl_s_prec,2,0.05,2.0,32,1.0
rftl_s_prec,2,0.05,2.0,33,1.0
rftl_s_prec,2,0.05,2.0,34,0.46153846153846156
rftl_s_prec,2,0.05,2.0,35,0.5454545454545454
rftl_s_prec,2,0.05,2.0,36,0.8571428571428571
rftl_s_prec,2,0.05,2.0,37,0.75
rftl_s_prec,2,0.05,2.0,38,0.8571428571428571
rftl_s_prec,2,0.05,2.0,39,1.0
rftl_s_prec,2,0.05,2.0,40,0.5454545454545454
rftl_s_prec,2,0.05,2.0,41,0.75
rftl_s_prec,2,0.05,2.0,42,0.46153846153846156
rftl_s_prec,2,0.05,2.0,43,0.8571428571428571
rftl_s_prec,2,0.05,2.0,44,0.8571428571428571
rftl_s_prec,2,0.05,2.0,45,0.8571428571428571
rftl_s_prec,2,0.05,2.0,46,0.6
rftl_s_prec,2,0.05,2.0,47,0.25
rftl_s_prec,2,0.05,2.0,48,0.75
rftl_s_prec,2,0.05,2.0,49,0.8571428571428571
rftl_s_rec,2,0.05,2.0,0,1.0
rftl_s_rec,2,0.05,2.0,1,1.0
rftl_s_rec,2,0.05,2.0,2,1.0
rftl_s_rec,2,0.05,2.0,3,1.0
rftl_s_rec,2,0.05,2.0,4,1.0
rftl_s_rec,2,0.05,2.0,5,1.0
rftl_s_rec,2,0.05,2.0,6,1.0
rftl_s_rec,2,0.05,2.0,7,1.0
rftl_s_rec,2,0.05,2.0,8,1.0
rftl_s_rec,2,0.05,2.0,9,1.0
rftl_s_rec,2,0.05,2.0,10,1.0
rftl_s_rec,2,0.05,2.0,11,1.0
rftl_s_rec,2,0.05,2.0,12,1.0
rftl_s_rec,2,0.05,2.0,13,1.0
rftl_s_rec,2,0.05,2.0,14,1.0
rftl_s_rec,2,0.05,2.0,15,1.0
rftl_s_rec,2,0.05,2.0,16,1.0
rftl_s_rec,2,0.05,2.0,17,1.0
rftl_s_rec,2,0.05,2.0,18,1.0
rftl_s_rec,2,0.05,2.0,19,1.0
rftl_s_rec,2,0.05,2.0,20,1.0
rftl_s_rec,2,0.05,2.0,21,1.0
rftl_s_rec,2,0.05,2.0,22,1.0
rftl_s_rec,2,0.05,2.0,23,1.0
rftl_s_rec,2,0.05,2.0,24,1.0
rftl_s_rec,2,0.05,2.0,25,1.0
rftl_s_rec,2,0.05,2.0,26,1.0
rftl_s_rec,2,0.05,2.0,27,1.0
rftl_s_rec,2,0.05,2.0,28,1.0
rftl_s_rec,2,0.05,2.0,29,1.0
rftl_s_rec,2,0.05,2.0,30,1.0
rftl_s_rec,2,0.05,2.0,31,1.0
rftl_s_rec,2,0.05,2.0,32,1.0
rftl_s_rec,2,0.05,2.0,33,1.0
rftl_s_rec,2,0.05,2.0,34,1.0
rftl_s_rec,2,0.05,2.0,35,1.0
rftl_s_rec,2,0.05,2.0,36,1.0
rftl_s_rec,2,0.05,2.0,37,1.0
rftl_s_rec,2,0.05,2.0,38,1.0
rftl_s_rec,2,0.05,2.0,39,1.0
rftl_s_rec,2,0.05,2.0,40,1.0
rftl_s_rec,2,0.05,2.0,41,1.0
rftl_s_rec,2,0.05,2.0,42,1.0
rftl_s_rec,2,0.05,2.0,43,1.0
rftl_s_rec,2,0.05,2.0,44,1.0
rftl_s_rec,2,0.05,2.0,45,1.0
rftl_s_rec,2,0.05,2.0,46,1.0
rftl_s_rec,2,0.05,2.0,47,1.0
rftl_s_rec,2,0.05,2.0,48,1.0
rftl_s_rec,2,0.05,2.0,49,1.0
rftl_s,2,0.05,2.0,0,0.07012718760266586
rftl_s,2,0.05,2.0,1,0.05195045255627193
rftl_s,2,0.05,2.0,2,0.044926490278304705
rftl_s,2,0.05,2.0,3,0.07596034415338913
rftl_s,2,0.05,2.0,4,0.0672502179718301
rftl_s,2,0.05,2.0,5,0.0874201182514251
rftl_s,2,0.05,2.0,6,0.060281824236317186
rftl_s,2,0.05,2.0,7,0.07257895927573017
rftl_s,2,0.05,2.0,8,0.04329348997635848
rftl_s,2,0.05,2.0,9,0.06742611737473811
rftl_s,2,0.05,2.0,10,0.0637937276029223
rftl_s,2,0.05,2.0,11,0.08517815566685398
rftl_s,2,0.05,2.0,12,0.07629513303352585
rftl_s,2,0.05,2.0,13,0.07310152411164693
rftl_s,2,0.05,2.0,14,0.040638702289785715
rftl_s,2,0.05,2.0,15,0.06688631497079985
rftl_s,2,0.05,2.0,16,0.07252242696230667
rftl_s,2,0.05,2.0,17,0.08076909412969714
rftl_s,2,0.05,2.0,18,0.07187384465842114
rftl_s,2,0.05,2.0,19,0.09519902837773894
rftl_s,2,0.05,2.0,20,0.058886596700864206
rftl_s,2,0.05,2.0,21,0.11254883975331917
rftl_s,2,0.05,2.0,22,0.07056675447743772
rftl_s,2,0.05,2.0,23,0.06642025745470019
rftl_s,2,0.05,2.0,24,0.07315692936360814
rftl_s,2,0.05,2.0,25,0.04796622281992836
rftl_s,2,0.05,2.0,26,0.08356180961288094
rftl_s,2,0.05,2.0,27,0.07439569508166083
rftl_s,2,0.05,2.0,28,0.06361760932831632
rftl_s,2,0.05,2.0,29,0.05450063357683072
rftl_s,2,0.05,2.0,30,0.05603742231984187
rftl_s,2,0.05,2.0,31,0.05266968924713764
rftl_s,2,0.05,2.0,32,0.03951748204306531
rftl_s,2,0.05,2.0,33,0.07932570772320435
rftl_s,2,0.05,2.0,34,0.08923296095453555
rftl_s,2,0.05,2.0,35,0.05315165060618865
rftl_s,2,0.05,2.0,36,0.07358391552529832
rftl_s,2,0.05,2.0,37,0.06844872278200369
rftl_s,2,0.05,2.0,38,0.06420964249620219
rftl_s,2,0.05,2.0,39,0.06578559498665491
rftl_s,2,0.05,2.0,40,0.04084613746115843
rftl_s,2,0.05,2.0,41,0.06860872471695154
rftl_s,2,0.05,2.0,42,0.08963982445626313
rftl_s,2,0.05,2.0,43,0.07543270161319622
rftl_s,2,0.05,2.0,44,0.06269237204472937
rftl_s,2,0.05,2.0,45,0.06777320667500768
rftl_s,2,0.05,2.0,46,0.07041144611533427
rftl_s,2,0.05,2.0,47,0.08441618167612865
rftl_s,2,0.05,2.0,48,0.06665004610487348
rftl_s,2,0.05,2.0,49,0.0670394182868345
rftl_s_prec,2,0.05,3.0,0,1.0
rftl_s_prec,2,0.05,3.0,1,0.8571428571428571
rftl_s_prec,2,0.05,3.0,2,1.0
rftl_s_prec,2,0.05,3.0,3,1.0
rftl_s_prec,2,0.05,3.0,4,1.0
rftl_s_prec,2,0.05,3.0,5,1.0
rftl_s_prec,2,0.05,3.0,6,1.0
rftl_s_prec,2,0.05,3.0,7,1.0
rftl_s_prec,2,0.05,3.0,8,1.0
rftl_s_prec,2,0.05,3.0,9,1.0
rftl_s_prec,2,0.05,3.0,10,1.0
rftl_s_prec,2,0.05,3.0,11,1.0
rftl_s_prec,2,0.05,3.0,12,1.0
rftl_s_prec,2,0.05,3.0,13,1.0
rftl_s_prec,2,0.05,3.0,14,1.0
rftl_s_prec,2,0.05,3.0,15,1.0
rftl_s_prec,2,0.05,3.0,16,1.0
rftl_s_prec,2,0.05,3.0,17,1.0
rftl_s_prec,2,0.05,3.0,18,1.0
rftl_s_prec,2,0.05,3.0,19,0.8571428571428571
rftl_s_prec,2,0.05,3.0,20,1.0
rftl_s_prec,2,0.05,3.0,21,1.0
rftl_s_prec,2,0.05,3.0,22,1.0
rftl_s_prec,2,0.05,3.0,23,0.8571428571428571
rftl_s_prec,2,0.05,3.0,24,1.0
rftl_s_prec,2,0.05,3.0,25,1.0
rftl_s_prec,2,0.05,3.0,26,1.0
rftl_s_prec,2,0.05,3.0,27,1.0
rftl_s_prec,2,0.05,3.0,28,1.0
rftl_s_prec,2,0.05,3.0,29,1.0
rftl_s_prec,2,0.05,3.0,30,1.0
rftl_s_prec,2,0.05,3.0,31,1.0
rftl_s_prec,2,0.05,3.0,32,1.0
rftl_s_prec,2,0.05,3.0,33,1.0
rftl_s_prec,2,0.05,3.0,34,1.0
rftl_s_prec,2,0.05,3.0,35,1.0
rftl_s_prec,2,0.05,3.0,36,1.0
rftl_s_prec,2,0.05,3.0,37,1.0
rftl_s_prec,2,0.05,3.0,38,1.0
rftl_s_prec,2,0.05,3.0,39,1.0
rftl_s_prec,2,0.05,3.0,40,0.8571428571428571
rftl_s_prec,2,0.05,3.0,41,1.0
rftl_s_prec,2,0.05,3.0,42,1.0
rftl_s_prec,2,0.05,3.0,43,1.0
rftl_s_prec,2,0.05,3.0,44,1.0
rftl_s_prec,2,0.05,3.0,45,1.0
rftl_s_prec,2,0.05,3.0,46,1.0
rftl_s_prec,2,0.05,3.0,47,1.0
rftl_s_prec,2,0.05,3.0,48,0.8571428571428571
rftl_s_prec,2,0.05,3.0,49,1.0
rftl_s_rec,2,0.05,3.0,0,1.0
rftl_s_rec,2,0.05,3.0,1,1.0
rftl_s_rec,2,0.05,3.0,2,1.0
rftl_s_rec,2,0.05,3.0,3,1.0
rftl_s_rec,2,0.05,3.0,4,1.0
rftl_s_rec,2,0.05,3.0,5,1.0
rftl_s_rec,2,0.05,3.0,6,1.0
rftl_s_rec,2,0.05,3.0,7,1.0
rftl_s_rec,2,0.05,3.0,8,1.0
rftl_s_rec,2,0.05,3.0,9,1.0
rftl_s_rec,2,0.05,3.0,10,1.0
rftl_s_rec,2,0.05,3.0,11,1.0
rftl_s_rec,2,0.05,3.0,12,1.0
rftl_s_rec,2,0.05,3.0,13,1.0
rftl_s_rec,2,0.05,3.0,14,1.0
rftl_s_rec,2,0.05,3.0,15,1.0
rftl_s_rec,2,0.05,3.0,16,1.0
rftl_s_rec,2,0.05,3.0,17,1.0
rftl_s_rec,2,0.05,3.0,18,1.0
rftl_s_rec,2,0.05,3.0,19,1.0
rftl_s_rec,2,0.05,3.0,20,1.0
rftl_s_rec,2,0.05,3.0,21,1.0
rftl_s_rec,2,0.05,3.0,22,1.0
rftl_s_rec,2,0.05,3.0,23,1.0
rftl_s_rec,2,0.05,3.0,24,1.0
rftl_s_rec,2,0.05,3.0,25,1.0
rftl_s_rec,2,0.05,3.0,26,1.0
rftl_s_rec,2,0.05,3.0,27,1.0
rftl_s_rec,2,0.05,3.0,28,1.0
rftl_s_rec,2,0.05,3.0,29,1.0
rftl_s_rec,2,0.05,3.0,30,1.0
rftl_s_rec,2,0.05,3.0,31,1.0
rftl_s_rec,2,0.05,3.0,32,1.0
rftl_s_rec,2,0.05,3.0,33,1.0
rftl_s_rec,2,0.05,3.0,34,1.0
rftl_s_rec,2,0.05,3.0,35,1.0
rftl_s_rec,2,0.05,3.0,36,1.0
rftl_s_rec,2,0.05,3.0,37,1.0
rftl_s_rec,2,0.05,3.0,38,1.0
rftl_s_rec,2,0.05,3.0,39,1.0
rftl_s_rec,2,0.05,3.0,40,1.0
rftl_s_rec,2,0.05,3.0,41,1.0
rftl_s_rec,2,0.05,3.0,42,1.0
rftl_s_rec,2,0.05,3.0,43,1.0
rftl_s_rec,2,0.05,3.0,44,1.0
rftl_s_rec,2,0.05,3.0,45,1.0
rftl_s_rec,2,0.05,3.0,46,1.0
rftl_s_rec,2,0.05,3.0,47,1.0
rftl_s_rec,2,0.05,3.0,48,1.0
rftl_s_rec,2,0.05,3.0,49,1.0
rftl_s,2,0.05,3.0,0,0.08134482063887696
rftl_s,2,0.05,3.0,1,0.05814432309892459
rftl_s,2,0.05,3.0,2,0.06223655178643314
rftl_s,2,0.05,3.0,3,0.07761538139178979
rftl_s,2,0.05,3.0,4,0.08011426133439005
rftl_s,2,0.05,3.0,5,0.06839165044063696
rftl_s,2,0.05,3.0,6,0.07194733393830773
rftl_s,2,0.05,3.0,7,0.08423988290045673
rftl_s,2,0.05,3.0,8,0.059843098187989115
rftl_s,2,0.05,3.0,9,0.07016290044593847
rftl_s,2,0.05,3.0,10,0.06632577254582508
rftl_s,2,0.05,3.0,11,0.0716094174044846
rftl_s,2,0.05,3.0,12,0.0889562587444626
rftl_s,2,0.05,3.0,13,0.06447145364609198
rftl_s,2,0.05,3.0,14,0.04449343987918512
rftl_s,2,0.05,3.0,15,0.08643010704622775
rftl_s,2,0.05,3.0,16,0.0531482185044201
rftl_s,2,0.05,3.0,17,0.0675050893159468
rftl_s,2,0.05,3.0,18,0.0588383837740019
rftl_s,2,0.05,3.0,19,0.08062770343133664
rftl_s,2,0.05,3.0,20,0.0909036035291854
rftl_s,2,0.05,3.0,21,0.08114639641641251
rftl_s,2,0.05,3.0,22,0.05006359484304463
rftl_s,2,0.05,3.0,23,0.07662878799812556
rftl_s,2,0.05,3.0,24,0.0654668326700535
rftl_s,2,0.05,3.0,25,0.06322275246919304
rftl_s,2,0.05,3.0,26,0.06779761918592217
rftl_s,2,0.05,3.0,27,0.07089521585727063
rftl_s,2,0.05,3.0,28,0.05453900742841678
rftl_s,2,0.05,3.0,29,0.060610287935535474
rftl_s,2,0.05,3.0,30,0.07969688485070629
rftl_s,2,0.05,3.0,31,0.05753932945279818
rftl_s,2,0.05,3.0,32,0.056852428534746445
rftl_s,2,0.05,3.0,33,0.07604572041723741
rftl_s,2,0.05,3.0,34,0.06888211440200213
rftl_s,2,0.05,3.0,35,0.04068464065200127
rftl_s,2,0.05,3.0,36,0.0715401554987382
rftl_s,2,0.05,3.0,37,0.06908370336620893
rftl_s,2,0.05,3.0,38,0.06938533491766184
rftl_s,2,0.05,3.0,39,0.10762576727458188
rftl_s,2,0.05,3.0,40,0.07073304336178098
rftl_s,2,0.05,3.0,41,0.07438657828981263
rftl_s,2,0.05,3.0,42,0.07598588963436186
rftl_s,2,0.05,3.0,43,0.06260780854274332
rftl_s,2,0.05,3.0,44,0.042638960734686225
rftl_s,2,0.05,3.0,45,0.09059210877601709
rftl_s,2,0.05,3.0,46,0.0500999080230621
rftl_s,2,0.05,3.0,47,0.0713288809946906
rftl_s,2,0.05,3.0,48,0.04529223109451944
rftl_s,2,0.05,3.0,49,0.07722662463782799
baseline,2,0.1,,0,0.0823451219170507
baseline,2,0.1,,1,0.08542919066940631
baseline,2,0.1,,2,0.049299110214440965
baseline,2,0.1,,3,0.06516695206062864
baseline,2,0.1,,4,0.07697912056885362
baseline,2,0.1,,5,0.08158881503362662
baseline,2,0.1,,6,0.06702778207693748
baseline,2,0.1,,7,0.05911237459764762
baseline,2,0.1,,8,0.04935563235143863
baseline,2,0.1,,9,0.08478179151786581
baseline,2,0.1,,10,0.05711445708552034
baseline,2,0.1,,11,0.08936849388917856
baseline,2,0.1,,12,0.07650381621646936
baseline,2,0.1,,13,0.059808732554494
baseline,2,0.1,,14,0.06426650197328758
baseline,2,0.1,,15,0.05383325738091448
baseline,2,0.1,,16,0.06146341816719212
baseline,2,0.1,,17,0.07959429867566488
baseline,2,0.1,,18,0.09879404485663623
baseline,2,0.1,,19,0.08864920041657323
baseline,2,0.1,,20,0.08336833103739578
baseline,2,0.1,,21,0.10574749465825671
baseline,2,0.1,,22,0.06237722023191799
baseline,2,0.1,,23,0.07151195216338392
baseline,2,0.1,,24,0.05328595338001021
baseline,2,0.1,,25,0.04881518074797955
baseline,2,0.1,,26,0.06418225661509003
baseline,2,0.1,,27,0.059468241375019486
baseline,2,0.1,,28,0.09357432011161353
baseline,2,0.1,,29,0.07755230045941934
baseline,2,0.1,,30,0.08248718805605013
baseline,2,0.1,,31,0.06693992472230124
baseline,2,0.1,,32,0.055178701394308804
baseline,2,0.1,,33,0.08791059260848669
baseline,2,0.1,,34,0.07614453879291076
baseline,2,0.1,,35,0.07960699994669791
baseline,2,0.1,,36,0.0430736090882111
baseline,2,0.1,,37,0.07422032920157447
baseline,2,0.1,,38,0.08686223892443717
baseline,2,0.1,,39,0.07731881040253928
baseline,2,0.1,,40,0.052650165329178725
baseline,2,0.1,,41,0.06450360845735938
baseline,2,0.1,,42,0.1016939621702771
baseline,2,0.1,,43,0.07205311239724614
baseline,2,0.1,,44,0.058061963561356435
baseline,2,0.1,,45,0.06723464764861259
baseline,2,0.1,,46,0.08405277685357901
baseline,2,0.1,,47,0.0554743974095845
baseline,2,0.1,,48,0.06439925761344366
baseline,2,0.1,,49,0.04940030715034106
rftl_s_prec,2,0.1,1.0,0,0.2222222222222222
rftl_s_prec,2,0.1,1.0,1,0.2222222222222222
rftl_s_prec,2,0.1,1.0,2,0.2222222222222222
rftl_s_prec,2,0.1,1.0,3,0.2222222222222222
rftl_s_prec,2,0.1,1.0,4,0.2222222222222222
rftl_s_prec,2,0.1,1.0,5,0.2222222222222222
rftl_s_prec,2,0.1,1.0,6,0.2222222222222222
rftl_s_prec,2,0.1,1.0,7,0.2222222222222222
rftl_s_prec,2,0.1,1.0,8,0.2222222222222222
rftl_s_prec,2,0.1,1.0,9,0.2222222222222222
rftl_s_prec,2,0.1,1.0,10,0.2222222222222222
rftl_s_prec,2,0.1,1.0,11,0.2222222222222222
rftl_s_prec,2,0.1,1.0,12,0.2222222222222222
rftl_s_prec,2,0.1,1.0,13,0.2222222222222222
rftl_s_prec,2,0.1,1.0,14,0.2222222222222222
rftl_s_prec,2,0.1,1.0,15,0.2222222222222222
rftl_s_prec,2,0.1,1.0,16,0.2222222222222222
rftl_s_prec,2,0.1,1.0,17,0.2222222222222222
rftl_s_prec,2,0.1,1.0,18,0.2222222222222222
rftl_s_prec,2,0.1,1.0,19,0.2222222222222222
rftl_s_prec,2,0.1,1.0,20,0.2222222222222222
rftl_s_prec,2,0.1,1.0,21,0.2222222222222222
rftl_s_prec,2,0.1,1.0,22,0.2222222222222222
rftl_s_prec,2,0.1,1.0,23,0.2222222222222222
rftl_s_prec,2,0.1,1.0,24,0.2222222222222222
rftl_s_prec,2,0.1,1.0,25,0.2222222222222222
rftl_s_prec,2,0.1,1.0,26,0.2222222222222222
rftl_s_prec,2,0.1,1.0,27,0.2222222222222222
rftl_s_prec,2,0.1,1.0,28,0.2222222222222222
rftl_s_prec,2,0.1,1.0,29,0.2222222222222222
rftl_s_prec,2,0.1,1.0,30,0.2222222222222222
rftl_s_prec,2,0.1,1.0,31,0.2222222222222222
rftl_s_prec,2,0.1,1.0,32,0.2222222222222222
rftl_s_prec,2,0.1,1.0,33,0.2222222222222222
rftl_s_prec,2,0.1,1.0,34,0.2222222222222222
rftl_s_prec,2,0.1,1.0,35,0.2222222222222222
rftl_s_prec,2,0.1,1.0,36,0.2222222222222222
rftl_s_prec,2,0.1,1.0,37,0.2222222222222222
rftl_s_prec,2,0.1,1.0,38,0.2222222222222222
rftl_s_prec,2,0.1,1.0,39,0.2222222222222222
rftl_s_prec,2,0.1,1.0,40,0.2222222222222222
rftl_s_prec,2,0.1,1.0,41,0.2222222222222222
rftl_s_prec,2,0.1,1.0,42,0.2222222222222222
rftl_s_prec,2,0.1,1.0,43,0.2222222222222222
rftl_s_prec,2,0.1,1.0,44,0.2222222222222222
rftl_s_prec,2,0.1,1.0,45,0.2222222222222222
rftl_s_prec,2,0.1,1.0,46,0.2222222222222222
rftl_s_prec,2,0.1,1.0,47,0.2222222222222222
rftl_s_prec,2,0.1,1.0,48,0.2222222222222222
rftl_s_prec,2,0.1,1.0,49,0.2222222222222222
rftl_s_rec,2,0.1,1.0,0,1.0
rftl_s_rec,2,0.1,1.0,1,1.0
rftl_s_rec,2,0.1,1.0,2,1.0
rftl_s_rec,2,0.1,1.0,3,1.0
rftl_s_rec,2,0.1,1.0,4,1.0
rftl_s_rec,2,0.1,1.0,5,1.0
rftl_s_rec,2,0.1,1.0,6,1.0
rftl_s_rec,2,0.1,1.0,7,1.0
rftl_s_rec,2,0.1,1.0,8,1.0
rftl_s_rec,2,0.1,1.0,9,1.0
rftl_s_rec,2,0.1,1.0,10,1.0
rftl_s_rec,2,0.1,1.0,11,1.0
rftl_s_rec,2,0.1,1.0,12,1.0
rftl_s_rec,2,0.1,1.0,13,1.0
rftl_s_rec,2,0.1,1.0,14,1.0
rftl_s_rec,2,0.1,1.0,15,1.0
rftl_s_rec,2,0.1,1.0,16,1.0
rftl_s_rec,2,0.1,1.0,17,1.0
rftl_s_rec,2,0.1,1.0,18,1.0
rftl_s_rec,2,0.1,1.0,19,1.0
rftl_s_rec,2,0.1,1.0,20,1.0
rftl_s_rec,2,0.1,1.0,21,1.0
rftl_s_rec,2,0.1,1.0,22,1.0
rftl_s_rec,2,0.1,1.0,23,1.0
rftl_s_rec,2,0.1,1.0,24,1.0
rftl_s_rec,2,0.1,1.0,25,1.0
rftl_s_rec,2,0.1,1.0,26,1.0
rftl_s_rec,2,0.1,1.0,27,1.0
rftl_s_rec,2,0.1,1.0,28,1.0
rftl_s_rec,2,0.1,1.0,29,1.0
rftl_s_rec,2,0.1,1.0,30,1.0
rftl_s_rec,2,0.1,1.0,31,1.0
rftl_s_rec,2,0.1,1.0,32,1.0
rftl_s_rec,2,0.1,1.0,33,1.0
rftl_s_rec,2,0.1,1.0,34,1.0
rftl_s_rec,2,0.1,1.0,35,1.0
rftl_s_rec,2,0.1,1.0,36,1.0
rftl_s_rec,2,0.1,1.0,37,1.0
rftl_s_rec,2,0.1,1.0,38,1.0
rftl_s_rec,2,0.1,1.0,39,1.0
rftl_s_rec,2,0.1,1.0,40,1.0
rftl_s_rec,2,0.1,1.0,41,1.0
rftl_s_rec,2,0.1,1.0,42,1.0
rftl_s_rec,2,0.1,1.0,43,1.0
rftl_s_rec,2,0.1,1.0,44,1.0
rftl_s_rec,2,0.1,1.0,45,1.0
rftl_s_rec,2,0.1,1.0,46,1.0
rftl_s_rec,2,0.1,1.0,47,1.0
rftl_s_rec,2,0.1,1.0,48,1.0
rftl_s_rec,2,0.1,1.0,49,1.0
rftl_s,2,0.1,1.0,0,0.06105594715840876
rftl_s,2,0.1,1.0,1,0.09861528809954875
rftl_s,2,0.1,1.0,2,0.04138982238782529
rftl_s,2,0.1,1.0,3,0.06517244767446952
rftl_s,2,0.1,1.0,4,0.08461989890278825
rftl_s,2,0.1,1.0,5,0.07097256537980844
rftl_s,2,0.1,1.0,6,0.03270320811227089
rftl_s,2,0.1,1.0,7,0.08189582183926519
rftl_s,2,0.1,1.0,8,0.05453390063258898
rftl_s,2,0.1,1.0,9,0.08450590844103903
rftl_s,2,0.1,1.0,10,0.05250132397103952
rftl_s,2,0.1,1.0,11,0.09025813397399444
rftl_s,2,0.1,1.0,12,0.0781758517014878
rftl_s,2,0.1,1.0,13,0.07127499353063274
rftl_s,2,0.1,1.0,14,0.0641226558445718
rftl_s,2,0.1,1.0,15,0.04452972116158118
rftl_s,2,0.1,1.0,16,0.06409473827703921
rftl_s,2,0.1,1.0,17,0.06799486894832711
rftl_s,2,0.1,1.0,18,0.08964565211312953
rftl_s,2,0.1,1.0,19,0.07786111495655594
rftl_s,2,0.1,1.0,20,0.05325076164592699
rftl_s,2,0.1,1.0,21,0.06920574533528702
rftl_s,2,0.1,1.0,22,0.05302518141674491
rftl_s,2,0.1,1.0,23,0.05464579975484127
rftl_s,2,0.1,1.0,24,0.05505150699638714
rftl_s,2,0.1,1.0,25,0.0611644309867096
rftl_s,2,0.1,1.0,26,0.046190960073913184
rftl_s,2,0.1,1.0,27,0.07109104340936566
rftl_s,2,0.1,1.0,28,0.03763455247347421
rftl_s,2,0.1,1.0,29,0.05251112320253168
rftl_s,2,0.1,1.0,30,0.06054181545095315
rftl_s,2,0.1,1.0,31,0.06669682767665956
rftl_s,2,0.1,1.0,32,0.05182205778852588
rftl_s,2,0.1,1.0,33,0.07813205890410972
rftl_s,2,0.1,1.0,34,0.059906352999134486
rftl_s,2,0.1,1.0,35,0.08249135484584386
rftl_s,2,0.1,1.0,36,0.07417965236919387
rftl_s,2,0.1,1.0,37,0.04438264060404906
rftl_s,2,0.1,1.0,38,0.04459441865851126
rftl_s,2,0.1,1.0,39,0.050638507182620605
rftl_s,2,0.1,1.0,40,0.07028026318824314
rftl_s,2,0.1,1.0,41,0.07092094336673621
rftl_s,2,0.1,1.0,42,0.08553878635476135
rftl_s,2,0.1,1.0,43,0.05002234833910646
rftl_s,2,0.1,1.0,44,0.06717319885576775
rftl_s,2,0.1,1.0,45,0.06193510173331392
rftl_s,2,0.1,1.0,46,0.08634651291347831
rftl_s,2,0.1,1.0,47,0.06684987896042845
rftl_s,2,0.1,1.0,48,0.08093954463807917
rftl_s,2,0.1,1.0,49,0.08474101028888856
rftl_s_prec,2,0.1,1.345,0,0.3125
rftl_s_prec,2,0.1,1.345,1,0.2564102564102564
rftl_s_prec,2,0.1,1.345,2,0.30303030303030304
rftl_s_prec,2,0.1,1.345,3,0.30303030303030304
rftl_s_prec,2,0.1,1.345,4,0.45454545454545453
rftl_s_prec,2,0.1,1.345,5,0.4166666666666667
rftl_s_prec,2,0.1,1.345,6,0.30303030303030304
rftl_s_prec,2,0.1,1.345,7,0.43478260869565216
rftl_s_prec,2,0.1,1.345,8,0.3125
rftl_s_prec,2,0.1,1.345,9,0.2777777777777778
rftl_s_prec,2,0.1,1.345,10,0.29411764705882354
rftl_s_prec,2,0.1,1.345,11,0.37037037037037035
rftl_s_prec,2,0.1,1.345,12,0.4
rftl_s_prec,2,0.1,1.345,13,0.30303030303030304
rftl_s_prec,2,0.1,1.345,14,0.35714285714285715
rftl_s_prec,2,0.1,1.345,15,0.45454545454545453
rftl_s_prec,2,0.1,1.345,16,0.3125
rftl_s_prec,2,0.1,1.345,17,0.3448275862068966
rftl_s_prec,2,0.1,1.345,18,0.25
rftl_s_prec,2,0.1,1.345,19,0.35714285714285715
rftl_s_prec,2,0.1,1.345,20,0.3125
rftl_s_prec,2,0.1,1.345,21,0.3125
rftl_s_prec,2,0.1,1.345,22,0.3225806451612903
rftl_s_prec,2,0.1,1.345,23,0.2631578947368421
rftl_s_prec,2,0.1,1.345,24,0.2631578947368421
rftl_s_prec,2,0.1,1.345,25,0.25
rftl_s_prec,2,0.1,1.345,26,0.29411764705882354
rftl_s_prec,2,0.1,1.345,27,0.5555555555555556
rftl_s_prec,2,0.1,1.345,28,0.37037037037037035
rftl_s_prec,2,0.1,1.345,29,0.24390243902439024
rftl_s_prec,2,0.1,1.345,30,0.2702702702702703
rftl_s_prec,2,0.1,1.345,31,0.3225806451612903
rftl_s_prec,2,0.1,1.345,32,0.2857142857142857
rftl_s_prec,2,0.1,1.345,33,0.5
rftl_s_prec,2,0.1,1.345,34,0.3125
rftl_s_prec,2,0.1,1.345,35,0.3125
rftl_s_prec,2,0.1,1.345,36,0.5
rftl_s_prec,2,0.1,1.345,37,0.37037037037037035
rftl_s_prec,2,0.1,1.345,38,0.3448275862068966
rftl_s_prec,2,0.1,1.345,39,0.3448275862068966
rftl_s_prec,2,0.1,1.345,40,0.3225806451612903
rftl_s_prec,2,0.1,1.345,41,0.30303030303030304
rftl_s_prec,2,0.1,1.345,42,0.29411764705882354
rftl_s_prec,2,0.1,1.345,43,0.29411764705882354
rftl_s_prec,2,0.1,1.345,44,0.37037037037037035
rftl_s_prec,2,0.1,1.345,45,0.3225806451612903
rftl_s_prec,2,0.1,1.345,46,0.3448275862068966
rftl_s_prec,2,0.1,1.345,47,0.2564102564102564
rftl_s_prec,2,0.1,1.345,48,0.4
rftl_s_prec,2,0.1,1.345,49,0.3448275862068966
rftl_s_rec,2,0.1,1.345,0,1.0
rftl_s_rec,2,0.1,1.345,1,1.0
rftl_s_rec,2,0.1,1.345,2,1.0
rftl_s_rec,2,0.1,1.345,3,1.0
rftl_s_rec,2,0.1,1.345,4,1.0
rftl_s_rec,2,0.1,1.345,5,1.0
rftl_s_rec,2,0.1,1.345,6,1.0
rftl_s_rec,2,0.1,1.345,7,1.0
rftl_s_rec,2,0.1,1.345,8,1.0
rftl_s_rec,2,0.1,1.345,9,1.0
rftl_s_rec,2,0.1,1.345,10,1.0
rftl_s_rec,2,0.1,1.345,11,1.0
rftl_s_rec,2,0.1,1.345,12,1.0
rftl_s_rec,2,0.1,1.345,13,1.0
rftl_s_rec,2,0.1,1.345,14,1.0
rftl_s_rec,2,0.1,1.345,15,1.0
rftl_s_rec,2,0.1,1.345,16,1.0
rftl_s_rec,2,0.1,1.345,17,1.0
rftl_s_rec,2,0.1,1.345,18,1.0
rftl_s_rec,2,0.1,1.345,19,1.0
rftl_s_rec,2,0.1,1.345,20,1.0
rftl_s_rec,2,0.1,1.345,21,1.0
rftl_s_rec,2,0.1,1.345,22,1.0
rftl_s_rec,2,0.1,1.345,23,1.0
rftl_s_rec,2,0.1,1.345,24,1.0
rftl_s_rec,2,0.1,1.345,25,1.0
rftl_s_rec,2,0.1,1.345,26,1.0
rftl_s_rec,2,0.1,1.345,27,1.0
rftl_s_rec,2,0.1,1.345,28,1.0
rftl_s_rec,2,0.1,1.345,29,1.0
rftl_s_rec,2,0.1,1.345,30,1.0
rftl_s_rec,2,0.1,1.345,31,1.0
rftl_s_rec,2,0.1,1.345,32,1.0
rftl_s_rec,2,0.1,1.345,33,1.0
rftl_s_rec,2,0.1,1.345,34,1.0
rftl_s_rec,2,0.1,1.345,35,1.0
rftl_s_rec,2,0.1,1.345,36,1.0
rftl_s_rec,2,0.1,1.345,37,1.0
rftl_s_rec,2,0.1,1.345,38,1.0
rftl_s_rec,2,0.1,1.345,39,1.0
rftl_s_rec,2,0.1,1.345,40,1.0
rftl_s_rec,2,0.1,1.345,41,1.0
rftl_s_rec,2,0.1,1.345,42,1.0
rftl_s_rec,2,0.1,1.345,43,1.0
rftl_s_rec,2,0.1,1.345,44,1.0
rftl_s_rec,2,0.1,1.345,45,1.0
rftl_s_rec,2,0.1,1.345,46,1.0
rftl_s_rec,2,0.1,1.345,47,1.0
rftl_s_rec,2,0.1,1.345,48,1.0
rftl_s_rec,2,0.1,1.345,49,1.0
rftl_s,2,0.1,1.345,0,0.06792354061513167
rftl_s,2,0.1,1.345,1,0.07584485715339327
rftl_s,2,0.1,1.345,2,0.059318542639884786
rftl_s,2,0.1,1.345,3,0.05022205623497419
rftl_s,2,0.1,1.345,4,0.07693178510851295
rftl_s,2,0.1,1.345,5,0.05812223806187406
rftl_s,2,0.1,1.345,6,0.047661423075030386
rftl_s,2,0.1,1.345,7,0.0746954902534621
rftl_s,2,0.1,1.345,8,0.0466237422572761
rftl_s,2,0.1,1.345,9,0.0786389528903988
rftl_s,2,0.1,1.345,10,0.05494774212661964
rftl_s,2,0.1,1.345,11,0.08306226009341443
rftl_s,2,0.1,1.345,12,0.0664150050277263
rftl_s,2,0.1,1.345,13,0.0821725218688867
rftl_s,2,0.1,1.345,14,0.07437955353964186
rftl_s,2,0.1,1.345,15,0.06941666775085226
rftl_s,2,0.1,1.345,16,0.07260971697948367
rftl_s,2,0.1,1.345,17,0.06785788810989965
rftl_s,2,0.1,1.345,18,0.08637547468121144
rftl_s,2,0.1,1.345,19,0.0511145331898973
rftl_s,2,0.1,1.345,20,0.07662491484835961
rftl_s,2,0.1,1.345,21,0.08392878169110446
rftl_s,2,0.1,1.345,22,0.053338436400505465
rftl_s,2,0.1,1.345,23,0.061936573271066074
rftl_s,2,0.1,1.345,24,0.04108326810261562
rftl_s,2,0.1,1.345,25,0.04793846738153377
rftl_s,2,0.1,1.345,26,0.08032259654205995
rftl_s,2,0.1,1.345,27,0.07084012568220174
rftl_s,2,0.1,1.345,28,0.08566256220682542
rftl_s,2,0.1,1.345,29,0.041855146560036305
rftl_s,2,0.1,1.345,30,0.09197938093534859
rftl_s,2,0.1,1.345,31,0.07927132180360091
rftl_s,2,0.1,1.345,32,0.057634755154570026
rftl_s,2,0.1,1.345,33,0.06039848349064317
rftl_s,2,0.1,1.345,34,0.07612277958349424
rftl_s,2,0.1,1.345,35,0.07797774918280843
rftl_s,2,0.1,1.345,36,0.08493876095567506
rftl_s,2,0.1,1.345,37,0.04217521280114887
rftl_s,2,0.1,1.345,38,0.049669406829416465
rftl_s,2,0.1,1.345,39,0.07449527456116349
rftl_s,2,0.1,1.345,40,0.10934541920548221
rftl_s,2,0.1,1.345,41,0.09200623438954313
rftl_s,2,0.1,1.345,42,0.08033139982825896
rftl_s,2,0.1,1.345,43,0.04794229969533829
rftl_s,2,0.1,1.345,44,0.05310085006089313
rftl_s,2,0.1,1.345,45,0.06893307517399769
rftl_s,2,0.1,1.345,46,0.08062197567808213
rftl_s,2,0.1,1.345,47,0.07651718932567626
rftl_s,2,0.1,1.345,48,0.06697599221849077
rftl_s,2,0.1,1.345,49,0.05160579041948413
rftl_s_prec,2,0.1,2.0,0,1.0
rftl_s_prec,2,0.1,2.0,1,0.5882352941176471
rftl_s_prec,2,0.1,2.0,2,0.8333333333333334
rftl_s_prec,2,0.1,2.0,3,0.9090909090909091
rftl_s_prec,2,0.1,2.0,4,1.0
rftl_s_prec,2,0.1,2.0,5,0.8333333333333334
rftl_s_prec,2,0.1,2.0,6,0.9090909090909091
rftl_s_prec,2,0.1,2.0,7,1.0
rftl_s_prec,2,0.1,2.0,8,0.8333333333333334
rftl_s_prec,2,0.1,2.0,9,0.5882352941176471
rftl_s_prec,2,0.1,2.0,10,0.6666666666666666
rftl_s_prec,2,0.1,2.0,11,1.0
rftl_s_prec,2,0.1,2.0,12,0.8333333333333334
rftl_s_prec,2,0.1,2.0,13,1.0
rftl_s_prec,2,0.1,2.0,14,0.9090909090909091
rftl_s_prec,2,0.1,2.0,15,0.9090909090909091
rftl_s_prec,2,0.1,2.0,16,0.9090909090909091
rftl_s_prec,2,0.1,2.0,17,1.0
rftl_s_prec,2,0.1,2.0,18,0.8333333333333334
rftl_s_prec,2,0.1,2.0,19,0.8333333333333334
rftl_s_prec,2,0.1,2.0,20,1.0
rftl_s_prec,2,0.1,2.0,21,0.9090909090909091
rftl_s_prec,2,0.1,2.0,22,0.8333333333333334
rftl_s_prec,2,0.1,2.0,23,0.625
rftl_s_prec,2,0.1,2.0,24,0.5882352941176471
rftl_s_prec,2,0.1,2.0,25,0.35714285714285715
rftl_s_prec,2,0.1,2.0,26,0.9090909090909091
rftl_s_prec,2,0.1,2.0,27,1.0
rftl_s_prec,2,0.1,2.0,28,0.9090909090909091
rftl_s_prec,2,0.1,2.0,29,0.7692307692307693
rftl_s_prec,2,0.1,2.0,30,0.8333333333333334
rftl_s_prec,2,0.1,2.0,31,0.8333333333333334
rftl_s_prec,2,0.1,2.0,32,0.9090909090909091
rftl_s_prec,2,0.1,2.0,33,1.0
rftl_s_prec,2,0.1,2.0,34,0.7692307692307693
rftl_s_prec,2,0.1,2.0,35,0.7142857142857143
rftl_s_prec,2,0.1,2.0,36,1.0
rftl_s_prec,2,0.1,2.0,37,1.0
rftl_s_prec,2,0.1,2.0,38,1.0
rftl_s_prec,2,0.1,2.0,39,1.0
rftl_s_prec,2,0.1,2.0,40,1.0
rftl_s_prec,2,0.1,2.0,41,0.7692307692307693
rftl_s_prec,2,0.1,2.0,42,0.7142857142857143
rftl_s_prec,2,0.1,2.0,43,0.9090909090909091
rftl_s_prec,2,0.1,2.0,44,0.9090909090909091
rftl_s_prec,2,0.1,2.0,45,1.0
rftl_s_prec,2,0.1,2.0,46,0.7692307692307693
rftl_s_prec,2,0.1,2.0,47,0.43478260869565216
rftl_s_prec,2,0.1,2.0,48,0.9090909090909091
rftl_s_prec,2,0.1,2.0,49,1.0
rftl_s_rec,2,0.1,2.0,0,1.0
rftl_s_rec,2,0.1,2.0,1,1.0
rftl_s_rec,2,0.1,2.0,2,1.0
rftl_s_rec,2,0.1,2.0,3,1.0
rftl_s_rec,2,0.1,2.0,4,1.0
rftl_s_rec,2,0.1,2.0,5,1.0
rftl_s_rec,2,0.1,2.0,6,1.0
rftl_s_rec,2,0.1,2.0,7,1.0
rftl_s_rec,2,0.1,2.0,8,1.0
rftl_s_rec,2,0.1,2.0,9,1.0
rftl_s_rec,2,0.1,2.0,10,1.0
rftl_s_rec,2,0.1,2.0,11,1.0
rftl_s_rec,2,0.1,2.0,12,1.0
rftl_s_rec,2,0.1,2.0,13,1.0
rftl_s_rec,2,0.1,2.0,14,1.0
rftl_s_rec,2,0.1,2.0,15,1.0
rftl_s_rec,2,0.1,2.0,16,1.0
rftl_s_rec,2,0.1,2.0,17,1.0
rftl_s_rec,2,0.1,2.0,18,1.0
rftl_s_rec,2,0.1,2.0,19,1.0
rftl_s_rec,2,0.1,2.0,20,1.0
rftl_s_rec,2,0.1,2.0,21,1.0
rftl_s_rec,2,0.1,2.0,22,1.0
rftl_s_rec,2,0.1,2.0,23,1.0
rftl_s_rec,2,0.1,2.0,24,1.0
rftl_s_rec,2,0.1,2.0,25,1.0
rftl_s_rec,2,0.1,2.0,26,1.0
rftl_s_rec,2,0.1,2.0,27,1.0
rftl_s_rec,2,0.1,2.0,28,1.0
rftl_s_rec,2,0.1,2.0,29,1.0
rftl_s_rec,2,0.1,2.0,30,1.0
rftl_s_rec,2,0.1,2.0,31,1.0
rftl_s_rec,2,0.1,2.0,32,1.0
rftl_s_rec,2,0.1,2.0,33,1.0
rftl_s_rec,2,0.1,2.0,34,1.0
rftl_s_rec,2,0.1,2.0,35,1.0
rftl_s_rec,2,0.1,2.0,36,1.0
rftl_s_rec,2,0.1,2.0,37,1.0
rftl_s_rec,2,0.1,2.0,38,1.0
rftl_s_rec,2,0.1,2.0,39,1.0
rftl_s_rec,2,0.1,2.0,40,1.0
rftl_s_rec,2,0.1,2.0,41,1.0
rftl_s_rec,2,0.1,2.0,42,1.0
rftl_s_rec,2,0.1,2.0,43,1.0
rftl_s_rec,2,0.1,2.0,44,1.0
rftl_s_rec,2,0.1,2.0,45,1.0
rftl_s_rec,2,0.1,2.0,46,1.0
rftl_s_rec,2,0.1,2.0,47,1.0
rftl_s_rec,2,0.1,2.0,48,1.0
rftl_s_rec,2,0.1,2.0,49,1.0
rftl_s,2,0.1,2.0,0,0.05630756155641377
rftl_s,2,0.1,2.0,1,0.08226207370499823
rftl_s,2,0.1,2.0,2,0.08243531327302107
rftl_s,2,0.1,2.0,3,0.04441502020378137
rftl_s,2,0.1,2.0,4,0.050944733594163086
rftl_s,2,0.1,2.0,5,0.046775093035153606
rftl_s,2,0.1,2.0,6,0.04878351311996763
rftl_s,2,0.1,2.0,7,0.0636785953510089
rftl_s,2,0.1,2.0,8,0.063097959913691
rftl_s,2,0.1,2.0,9,0.04769591824057142
rftl_s,2,0.1,2.0,10,0.10180237960250983
rftl_s,2,0.1,2.0,11,0.10069644522729523
rftl_s,2,0.1,2.0,12,0.04498143290706417
rftl_s,2,0.1,2.0,13,0.07816361720030622
rftl_s,2,0.1,2.0,14,0.07124244883496585
rftl_s,2,0.1,2.0,15,0.05902159361380776
rftl_s,2,0.1,2.0,16,0.0619597237085085
rftl_s,2,0.1,2.0,17,0.09096197830787446
rftl_s,2,0.1,2.0,18,0.06979244389473362
rftl_s,2,0.1,2.0,19,0.07182091494489104
rftl_s,2,0.1,2.0,20,0.07867709108217211
rftl_s,2,0.1,2.0,21,0.08444497457967672
rftl_s,2,0.1,2.0,22,0.08598710587596219
rftl_s,2,0.1,2.0,23,0.06055503890426285
rftl_s,2,0.1,2.0,24,0.07496066311337067
rftl_s,2,0.1,2.0,25,0.059840339931891175
rftl_s,2,0.1,2.0,26,0.07464908219717728
rftl_s,2,0.1,2.0,27,0.07063388677785998
rftl_s,2,0.1,2.0,28,0.04413999244707549
rftl_s,2,0.1,2.0,29,0.06387743900040053
rftl_s,2,0.1,2.0,30,0.07440658106238303
rftl_s,2,0.1,2.0,31,0.07835249944215562
rftl_s,2,0.1,2.0,32,0.1036910383626933
rftl_s,2,0.1,2.0,33,0.05669183411172056
rftl_s,2,0.1,2.0,34,0.06614113566413077
rftl_s,2,0.1,2.0,35,0.0500549948257073
rftl_s,2,0.1,2.0,36,0.0839668776276004
rftl_s,2,0.1,2.0,37,0.05057282522139792
rftl_s,2,0.1,2.0,38,0.04650600938083479
rftl_s,2,0.1,2.0,39,0.045670733089356416
rftl_s,2,0.1,2.0,40,0.07096973480912286
rftl_s,2,0.1,2.0,41,0.059693784948252476
rftl_s,2,0.1,2.0,42,0.10894449218374612
rftl_s,2,0.1,2.0,43,0.03889627209742892
rftl_s,2,0.1,2.0,44,0.04827161720951729
rftl_s,2,0.1,2.0,45,0.08007801990592775
rftl_s,2,0.1,2.0,46,0.09116327441748757
rftl_s,2,0.1,2.0,47,0.07633393478795854
rftl_s,2,0.1,2.0,48,0.05662016627981185
rftl_s,2,0.1,2.0,49,0.05560324377140072
rftl_s_prec,2,0.1,3.0,0,1.0
rftl_s_prec,2,0.1,3.0,1,1.0
rftl_s_prec,2,0.1,3.0,2,1.0
rftl_s_prec,2,0.1,3.0,3,1.0
rftl_s_prec,2,0.1,3.0,4,1.0
rftl_s_prec,2,0.1,3.0,5,1.0
rftl_s_prec,2,0.1,3.0,6,1.0
rftl_s_prec,2,0.1,3.0,7,1.0
rftl_s_prec,2,0.1,3.0,8,1.0
rftl_s_prec,2,0.1,3.0,9,1.0
rftl_s_prec,2,0.1,3.0,10,1.0
rftl_s_prec,2,0.1,3.0,11,1.0
rftl_s_prec,2,0.1,3.0,12,1.0
rftl_s_prec,2,0.1,3.0,13,1.0
rftl_s_prec,2,0.1,3.0,14,1.0
rftl_s_prec,2,0.1,3.0,15,1.0
rftl_s_prec,2,0.1,3.0,16,1.0
rftl_s_prec,2,0.1,3.0,17,1.0
rftl_s_prec,2,0.1,3.0,18,1.0
rftl_s_prec,2,0.1,3.0,19,1.0
rftl_s_prec,2,0.1,3.0,20,1.0
rftl_s_prec,2,0.1,3.0,21,1.0
rftl_s_prec,2,0.1,3.0,22,1.0
rftl_s_prec,2,0.1,3.0,23,0.9090909090909091
rftl_s_prec,2,0.1,3.0,24,1.0
rftl_s_prec,2,0.1,3.0,25,1.0
rftl_s_prec,2,0.1,3.0,26,1.0
rftl_s_prec,2,0.1,3.0,27,1.0
rftl_s_prec,2,0.1,3.0,28,1.0
rftl_s_prec,2,0.1,3.0,29,1.0
rftl_s_prec,2,0.1,3.0,30,1.0
rftl_s_prec,2,0.1,3.0,31,1.0
rftl_s_prec,2,0.1,3.0,32,1.0
rftl_s_prec,2,0.1,3.0,33,1.0
rftl_s_prec,2,0.1,3.0,34,1.0
rftl_s_prec,2,0.1,3.0,35,1.0
rftl_s_prec,2,0.1,3.0,36,1.0
rftl_s_prec,2,0.1,3.0,37,1.0
rftl_s_prec,2,0.1,3.0,38,1.0
rftl_s_prec,2,0.1,3.0,39,1.0
rftl_s_prec,2,0.1,3.0,40,1.0
rftl_s_prec,2,0.1,3.0,41,1.0
rftl_s_prec,2,0.1,3.0,42,1.0
rftl_s_prec,2,0.1,3.0,43,1.0
rftl_s_prec,2,0.1,3.0,44,1.0
rftl_s_prec,2,0.1,3.0,45,1.0
rftl_s_prec,2,0.1,3.0,46,1.0
rftl_s_prec,2,0.1,3.0,47,1.0
rftl_s_prec,2,0.1,3.0,48,1.0
rftl_s_prec,2,0.1,3.0,49,1.0
rftl_s_rec,2,0.1,3.0,0,1.0
rftl_s_rec,2,0.1,3.0,1,1.0
rftl_s_rec,2,0.1,3.0,2,1.0
rftl_s_rec,2,0.1,3.0,3,1.0
rftl_s_rec,2,0.1,3.0,4,1.0
rftl_s_rec,2,0.1,3.0,5,1.0
rftl_s_rec,2,0.1,3.0,6,1.0
rftl_s_rec,2,0.1,3.0,7,1.0
rftl_s_rec,2,0.1,3.0,8,1.0
rftl_s_rec,2,0.1,3.0,9,1.0
rftl_s_rec,2,0.1,3.0,10,1.0
rftl_s_rec,2,0.1,3.0,11,1.0
rftl_s_rec,2,0.1,3.0,12,1.0
rftl_s_rec,2,0.1,3.0,13,1.0
rftl_s_rec,2,0.1,3.0,14,1.0
rftl_s_rec,2,0.1,3.0,15,1.0
rftl_s_rec,2,0.1,3.0,16,1.0
rftl_s_rec,2,0.1,3.0,17,1.0
rftl_s_rec,2,0.1,3.0,18,1.0
rftl_s_rec,2,0.1,3.0,19,1.0
rftl_s_rec,2,0.1,3.0,20,1.0
rftl_s_rec,2,0.1,3.0,21,1.0
rftl_s_rec,2,0.1,3.0,22,1.0
rftl_s_rec,2,0.1,3.0,23,1.0
rftl_s_rec,2,0.1,3.0,24,1.0
rftl_s_rec,2,0.1,3.0,25,1.0
rftl_s_rec,2,0.1,3.0,26,1.0
rftl_s_rec,2,0.1,3.0,27,1.0
rftl_s_rec,2,0.1,3.0,28,1.0
rftl_s_rec,2,0.1,3.0,29,1.0
rftl_s_rec,2,0.1,3.0,30,1.0
rftl_s_rec,2,0.1,3.0,31,1.0
rftl_s_rec,2,0.1,3.0,32,1.0
rftl_s_rec,2,0.1,3.0,33,1.0
rftl_s_rec,2,0.1,3.0,34,1.0
rftl_s_rec,2,0.1,3.0,35,1.0
rftl_s_rec,2,0.1,3.0,36,1.0
rftl_s_rec,2,0.1,3.0,37,1.0
rftl_s_rec,2,0.1,3.0,38,1.0
rftl_s_rec,2,0.1,3.0,39,1.0
rftl_s_rec,2,0.1,3.0,40,1.0
rftl_s_rec,2,0.1,3.0,41,1.0
rftl_s_rec,2,0.1,3.0,42,1.0
rftl_s_rec,2,0.1,3.0,43,1.0
rftl_s_rec,2,0.1,3.0,44,1.0
rftl_s_rec,2,0.1,3.0,45,1.0
rftl_s_rec,2,0.1,3.0,46,1.0
rftl_s_rec,2,0.1,3.0,47,1.0
rftl_s_rec,2,0.1,3.0,48,1.0
rftl_s_rec,2,0.1,3.0,49,1.0
rftl_s,2,0.1,3.0,0,0.08240720806833575
rftl_s,2,0.1,3.0,1,0.06733878374036256
rftl_s,2,0.1,3.0,2,0.07525204990191425
rftl_s,2,0.1,3.0,3,0.06888330436965477
rftl_s,2,0.1,3.0,4,0.06993410400593986
rftl_s,2,0.1,3.0,5,0.056204967782697096
rftl_s,2,0.1,3.0,6,0.056748713900960195
rftl_s,2,0.1,3.0,7,0.07537260182959754
rftl_s,2,0.1,3.0,8,0.06534083172051473
rftl_s,2,0.1,3.0,9,0.05961370833132862
rftl_s,2,0.1,3.0,10,0.07795525992753831
rftl_s,2,0.1,3.0,11,0.04419427966522222
rftl_s,2,0.1,3.0,12,0.057639970697322546
rftl_s,2,0.1,3.0,13,0.05604709498217569
rftl_s,2,0.1,3.0,14,0.07098351901619995
rftl_s,2,0.1,3.0,15,0.07096191076880541
rftl_s,2,0.1,3.0,16,0.053669351555438366
rftl_s,2,0.1,3.0,17,0.09998916766869362
rftl_s,2,0.1,3.0,18,0.08785576364136927
rftl_s,2,0.1,3.0,19,0.11022213667991233
rftl_s,2,0.1,3.0,20,0.06784988704310138
rftl_s,2,0.1,3.0,21,0.07971986945502937
rftl_s,2,0.1,3.0,22,0.07419062685096613
rftl_s,2,0.1,3.0,23,0.07353428010675915
rftl_s,2,0.1,3.0,24,0.06036746671408404
rftl_s,2,0.1,3.0,25,0.07074908831162453
rftl_s,2,0.1,3.0,26,0.0750702046334407
rftl_s,2,0.1,3.0,27,0.0876412936963929
rftl_s,2,0.1,3.0,28,0.08336185892457355
rftl_s,2,0.1,3.0,29,0.05980126647353428
rftl_s,2,0.1,3.0,30,0.06101638125126061
rftl_s,2,0.1,3.0,31,0.0656027763457288
rftl_s,2,0.1,3.0,32,0.06489168200291333
rftl_s,2,0.1,3.0,33,0.07156346146523966
rftl_s,2,0.1,3.0,34,0.0763611357747223
rftl_s,2,0.1,3.0,35,0.06941518482021972
rftl_s,2,0.1,3.0,36,0.06640646598467556
rftl_s,2,0.1,3.0,37,0.06347885060870338
rftl_s,2,0.1,3.0,38,0.07515804893992054
rftl_s,2,0.1,3.0,39,0.09330450387386872
rftl_s,2,0.1,3.0,40,0.06998522134526465
rftl_s,2,0.1,3.0,41,0.06305497141318747
rftl_s,2,0.1,3.0,42,0.05603660952053654
rftl_s,2,0.1,3.0,43,0.10281317397146754
rftl_s,2,0.1,3.0,44,0.0760714004188313
rftl_s,2,0.1,3.0,45,0.0726682501091755
rftl_s,2,0.1,3.0,46,0.07944824050216477
rftl_s,2,0.1,3.0,47,0.07109220669827579
rftl_s,2,0.1,3.0,48,0.058304700143635604
rftl_s,2,0.1,3.0,49,0.05109204108562011
baseline,2,0.2,,0,0.046487705267739196
baseline,2,0.2,,1,0.05923281926113017
baseline,2,0.2,,2,0.06548129729281296
baseline,2,0.2,,3,0.07839297960325134
baseline,2,0.2,,4,0.06839412107864437
baseline,2,0.2,,5,0.06107109061362693
baseline,2,0.2,,6,0.06530398686748039
baseline,2,0.2,,7,0.0602683961521862
baseline,2,0.2,,8,0.05938790649704036
baseline,2,0.2,,9,0.07823434236630218
baseline,2,0.2,,10,0.08906707730817348
baseline,2,0.2,,11,0.08271060001183063
baseline,2,0.2,,12,0.0741883223956403
baseline,2,0.2,,13,0.06246392975493565
baseline,2,0.2,,14,0.0631472301578579
baseline,2,0.2,,15,0.08574360421229167
baseline,2,0.2,,16,0.04971101372041112
baseline,2,0.2,,17,0.08600775571677226
baseline,2,0.2,,18,0.10149993248236533
baseline,2,0.2,,19,0.050192275347658154
baseline,2,0.2,,20,0.07253586173436886
baseline,2,0.2,,21,0.08717416866028713
baseline,2,0.2,,22,0.07176502523603372
baseline,2,0.2,,23,0.06823574030664113
baseline,2,0.2,,24,0.07365510779054026
baseline,2,0.2,,25,0.07493167453599323
baseline,2,0.2,,26,0.07599536941109834
baseline,2,0.2,,27,0.04303652970774353
baseline,2,0.2,,28,0.048217659641402816
baseline,2,0.2,,29,0.05180631495746393
baseline,2,0.2,,30,0.08005709616879848
baseline,2,0.2,,31,0.045723175540737654
baseline,2,0.2,,32,0.06466068926718713
baseline,2,0.2,,33,0.08884035166047252
baseline,2,0.2,,34,0.04344836611258969
baseline,2,0.2,,35,0.07545971059282147
baseline,2,0.2,,36,0.056022836886418285
baseline,2,0.2,,37,0.07296489676720519
baseline,2,0.2,,38,0.0555764382291087
baseline,2,0.2,,39,0.08000396564046537
baseline,2,0.2,,40,0.05434665814528437
baseline,2,0.2,,41,0.05823903126587788
baseline,2,0.2,,42,0.05443073843873035
baseline,2,0.2,,43,0.05607314982505616
baseline,2,0.2,,44,0.06884713363443679
baseline,2,0.2,,45,0.06912082676185069
baseline,2,0.2,,46,0.04992390387226273
baseline,2,0.2,,47,0.05281693511416761
baseline,2,0.2,,48,0.06233192318904922
baseline,2,0.2,,49,0.06562654373475564
rftl_s_prec,2,0.2,1.0,0,0.4
rftl_s_prec,2,0.2,1.0,1,0.4
rftl_s_prec,2,0.2,1.0,2,0.4
rftl_s_prec,2,0.2,1.0,3,0.4
rftl_s_prec,2,0.2,1.0,4,0.4
rftl_s_prec,2,0.2,1.0,5,0.4
rftl_s_prec,2,0.2,1.0,6,0.4
rftl_s_prec,2,0.2,1.0,7,0.4
rftl_s_prec,2,0.2,1.0,8,0.4
rftl_s_prec,2,0.2,1.0,9,0.4
rftl_s_prec,2,0.2,1.0,10,0.4
rftl_s_prec,2,0.2,1.0,11,0.4
rftl_s_prec,2,0.2,1.0,12,0.4
rftl_s_prec,2,0.2,1.0,13,0.4
rftl_s_prec,2,0.2,1.0,14,0.4
rftl_s_prec,2,0.2,1.0,15,0.4
rftl_s_prec,2,0.2,1.0,16,0.4
rftl_s_prec,2,0.2,1.0,17,0.4
rftl_s_prec,2,0.2,1.0,18,0.4
rftl_s_prec,2,0.2,1.0,19,0.4
rftl_s_prec,2,0.2,1.0,20,0.4
rftl_s_prec,2,0.2,1.0,21,0.4
rftl_s_prec,2,0.2,1.0,22,0.4
rftl_s_prec,2,0.2,1.0,23,0.4
rftl_s_prec,2,0.2,1.0,24,0.4
rftl_s_prec,2,0.2,1.0,25,0.4
rftl_s_prec,2,0.2,1.0,26,0.4
rftl_s_prec,2,0.2,1.0,27,0.4
rftl_s_prec,2,0.2,1.0,28,0.4
rftl_s_prec,2,0.2,1.0,29,0.4
rftl_s_prec,2,0.2,1.0,30,0.4
rftl_s_prec,2,0.2,1.0,31,0.4
rftl_s_prec,2,0.2,1.0,32,0.4
rftl_s_prec,2,0.2,1.0,33,0.4
rftl_s_prec,2,0.2,1.0,34,0.4
rftl_s_prec,2,0.2,1.0,35,0.4
rftl_s_prec,2,0.2,1.0,36,0.4
rftl_s_prec,2,0.2,1.0,37,0.4
rftl_s_prec,2,0.2,1.0,38,0.4
rftl_s_prec,2,0.2,1.0,39,0.4
rftl_s_prec,2,0.2,1.0,40,0.4
rftl_s_prec,2,0.2,1.0,41,0.4
rftl_s_prec,2,0.2,1.0,42,0.4
rftl_s_prec,2,0.2,1.0,43,0.4
rftl_s_prec,2,0.2,1.0,44,0.4
rftl_s_prec,2,0.2,1.0,45,0.4
rftl_s_prec,2,0.2,1.0,46,0.4
rftl_s_prec,2,0.2,1.0,47,0.4
rftl_s_prec,2,0.2,1.0,48,0.4
rftl_s_prec,2,0.2,1.0,49,0.4
rftl_s_rec,2,0.2,1.0,0,1.0
rftl_s_rec,2,0.2,1.0,1,1.0
rftl_s_rec,2,0.2,1.0,2,1.0
rftl_s_rec,2,0.2,1.0,3,1.0
rftl_s_rec,2,0.2,1.0,4,1.0
rftl_s_rec,2,0.2,1.0,5,1.0
rftl_s_rec,2,0.2,1.0,6,1.0
rftl_s_rec,2,0.2,1.0,7,1.0
rftl_s_rec,2,0.2,1.0,8,1.0
rftl_s_rec,2,0.2,1.0,9,1.0
rftl_s_rec,2,0.2,1.0,10,1.0
rftl_s_rec,2,0.2,1.0,11,1.0
rftl_s_rec,2,0.2,1.0,12,1.0
rftl_s_rec,2,0.2,1.0,13,1.0
rftl_s_rec,2,0.2,1.0,14,1.0
rftl_s_rec,2,0.2,1.0,15,1.0
rftl_s_rec,2,0.2,1.0,16,1.0
rftl_s_rec,2,0.2,1.0,17,1.0
rftl_s_rec,2,0.2,1.0,18,1.0
rftl_s_rec,2,0.2,1.0,19,1.0
rftl_s_rec,2,0.2,1.0,20,1.0
rftl_s_rec,2,0.2,1.0,21,1.0
rftl_s_rec,2,0.2,1.0,22,1.0
rftl_s_rec,2,0.2,1.0,23,1.0
rftl_s_rec,2,0.2,1.0,24,1.0
rftl_s_rec,2,0.2,1.0,25,1.0
rftl_s_rec,2,0.2,1.0,26,1.0
rftl_s_rec,2,0.2,1.0,27,1.0
rftl_s_rec,2,0.2,1.0,28,1.0
rftl_s_rec,2,0.2,1.0,29,1.0
rftl_s_rec,2,0.2,1.0,30,1.0
rftl_s_rec,2,0.2,1.0,31,1.0
rftl_s_rec,2,0.2,1.0,32,1.0
rftl_s_rec,2,0.2,1.0,33,1.0
rftl_s_rec,2,0.2,1.0,34,1.0
rftl_s_rec,2,0.2,1.0,35,1.0
rftl_s_rec,2,0.2,1.0,36,1.0
rftl_s_rec,2,0.2,1.0,37,1.0
rftl_s_rec,2,0.2,1.0,38,1.0
rftl_s_rec,2,0.2,1.0,39,1.0
rftl_s_rec,2,0.2,1.0,40,1.0
rftl_s_rec,2,0.2,1.0,41,1.0
rftl_s_rec,2,0.2,1.0,42,1.0
rftl_s_rec,2,0.2,1.0,43,1.0
rftl_s_rec,2,0.2,1.0,44,1.0
rftl_s_rec,2,0.2,1.0,45,1.0
rftl_s_rec,2,0.2,1.0,46,1.0
rftl_s_rec,2,0.2,1.0,47,1.0
rftl_s_rec,2,0.2,1.0,48,1.0
rftl_s_rec,2,0.2,1.0,49,1.0
rftl_s,2,0.2,1.0,0,0.04326697002292011
rftl_s,2,0.2,1.0,1,0.0722451877434404
rftl_s,2,0.2,1.0,2,0.04849521014147094
rftl_s,2,0.2,1.0,3,0.07872328638169046
rftl_s,2,0.2,1.0,4,0.07038441676560908
rftl_s,2,0.2,1.0,5,0.05307206817213091
rftl_s,2,0.2,1.0,6,0.07336233234094859
rftl_s,2,0.2,1.0,7,0.061499996673062225
rftl_s,2,0.2,1.0,8,0.06433706223533131
rftl_s,2,0.2,1.0,9,0.06504045807051585
rftl_s,2,0.2,1.0,10,0.06652231775579939
rftl_s,2,0.2,1.0,11,0.06519400588485512
rftl_s,2,0.2,1.0,12,0.06218762000112158
rftl_s,2,0.2,1.0,13,0.08349759099603575
rftl_s,2,0.2,1.0,14,0.049080944010837686
rftl_s,2,0.2,1.0,15,0.0750845868703952
rftl_s,2,0.2,1.0,16,0.0785258451964628
rftl_s,2,0.2,1.0,17,0.0606221263656285
rftl_s,2,0.2,1.0,18,0.0703212326243688
rftl_s,2,0.2,1.0,19,0.04911665707515001
rftl_s,2,0.2,1.0,20,0.10428953347705071
rftl_s,2,0.2,1.0,21,0.07530087612802867
rftl_s,2,0.2,1.0,22,0.054787819492925154
rftl_s,2,0.2,1.0,23,0.06581642187195837
rftl_s,2,0.2,1.0,24,0.07559642249554394
rftl_s,2,0.2,1.0,25,0.07572171837986921
rftl_s,2,0.2,1.0,26,0.05143011525033168
rftl_s,2,0.2,1.0,27,0.06544978889090422
rftl_s,2,0.2,1.0,28,0.10034068959770939
rftl_s,2,0.2,1.0,29,0.06136627902336443
rftl_s,2,0.2,1.0,30,0.06914225210482078
rftl_s,2,0.2,1.0,31,0.06448509538720147
rftl_s,2,0.2,1.0,32,0.04439370972250665
rftl_s,2,0.2,1.0,33,0.04528913286820064
rftl_s,2,0.2,1.0,34,0.08384545265947935
rftl_s,2,0.2,1.0,35,0.06096619935898866
rftl_s,2,0.2,1.0,36,0.05942984374278755
rftl_s,2,0.2,1.0,37,0.08234980598015967
rftl_s,2,0.2,1.0,38,0.08034799397298645
rftl_s,2,0.2,1.0,39,0.08644688518965239
rftl_s,2,0.2,1.0,40,0.08037806629455845
rftl_s,2,0.2,1.0,41,0.07504988690040812
rftl_s,2,0.2,1.0,42,0.052394781466641546
rftl_s,2,0.2,1.0,43,0.04774589146879219
rftl_s,2,0.2,1.0,44,0.06774749923851844
rftl_s,2,0.2,1.0,45,0.059878065749062286
rftl_s,2,0.2,1.0,46,0.09657108801957842
rftl_s,2,0.2,1.0,47,0.07949163468653568
rftl_s,2,0.2,1.0,48,0.073072078094751
rftl_s,2,0.2,1.0,49,0.07942540803557138
rftl_s_prec,2,0.2,1.345,0,0.5454545454545454
rftl_s_prec,2,0.2,1.345,1,0.45
rftl_s_prec,2,0.2,1.345,2,0.4864864864864865
rftl_s_prec,2,0.2,1.345,3,0.45
rftl_s_prec,2,0.2,1.345,4,0.4864864864864865
rftl_s_prec,2,0.2,1.345,5,0.47368421052631576
rftl_s_prec,2,0.2,1.345,6,0.45
rftl_s_prec,2,0.2,1.345,7,0.6428571428571429
rftl_s_prec,2,0.2,1.345,8,0.6206896551724138
rftl_s_prec,2,0.2,1.345,9,0.4864864864864865
rftl_s_prec,2,0.2,1.345,10,0.5806451612903226
rftl_s_prec,2,0.2,1.345,11,0.47368421052631576
rftl_s_prec,2,0.2,1.345,12,0.5142857142857142
rftl_s_prec,2,0.2,1.345,13,0.5294117647058824
rftl_s_prec,2,0.2,1.345,14,0.45
rftl_s_prec,2,0.2,1.345,15,0.6666666666666666
rftl_s_prec,2,0.2,1.345,16,0.5142857142857142
rftl_s_prec,2,0.2,1.345,17,0.4864864864864865
rftl_s_prec,2,0.2,1.345,18,0.4864864864864865
rftl_s_prec,2,0.2,1.345,19,0.5294117647058824
rftl_s_prec,2,0.2,1.345,20,0.5454545454545454
rftl_s_prec,2,0.2,1.345,21,0.46153846153846156
rftl_s_prec,2,0.2,1.345,22,0.5142857142857142
rftl_s_prec,2,0.2,1.345,23,0.46153846153846156
rftl_s_prec,2,0.2,1.345,24,0.5
rftl_s_prec,2,0.2,1.345,25,0.47368421052631576
rftl_s_prec,2,0.2,1.345,26,0.5142857142857142
rftl_s_prec,2,0.2,1.345,27,0.5
rftl_s_prec,2,0.2,1.345,28,0.4864864864864865
rftl_s_prec,2,0.2,1.345,29,0.5625
rftl_s_prec,2,0.2,1.345,30,0.5
rftl_s_prec,2,0.2,1.345,31,0.4864864864864865
rftl_s_prec,2,0.2,1.345,32,0.5454545454545454
rftl_s_prec,2,0.2,1.345,33,0.6923076923076923
rftl_s_prec,2,0.2,1.345,34,0.5454545454545454
rftl_s_prec,2,0.2,1.345,35,0.45
rftl_s_prec,2,0.2,1.345,36,0.5
rftl_s_prec,2,0.2,1.345,37,0.47368421052631576
rftl_s_prec,2,0.2,1.345,38,0.4864864864864865
rftl_s_prec,2,0.2,1.345,39,0.5806451612903226
rftl_s_prec,2,0.2,1.345,40,0.5142857142857142
rftl_s_prec,2,0.2,1.345,41,0.4864864864864865
rftl_s_prec,2,0.2,1.345,42,0.5294117647058824
rftl_s_prec,2,0.2,1.345,43,0.5142857142857142
rftl_s_prec,2,0.2,1.345,44,0.4864864864864865
rftl_s_prec,2,0.2,1.345,45,0.5454545454545454
rftl_s_prec,2,0.2,1.345,46,0.4864864864864865
rftl_s_prec,2,0.2,1.345,47,0.4864864864864865
rftl_s_prec,2,0.2,1.345,48,0.5294117647058824
rftl_s_prec,2,0.2,1.345,49,0.5
rftl_s_rec,2,0.2,1.345,0,1.0
rftl_s_rec,2,0.2,1.345,1,1.0
rftl_s_rec,2,0.2,1.345,2,1.0
rftl_s_rec,2,0.2,1.345,3,1.0
rftl_s_rec,2,0.2,1.345,4,1.0
rftl_s_rec,2,0.2,1.345,5,1.0
rftl_s_rec,2,0.2,1.345,6,1.0
rftl_s_rec,2,0.2,1.345,7,1.0
rftl_s_rec,2,0.2,1.345,8,1.0
rftl_s_rec,2,0.2,1.345,9,1.0
rftl_s_rec,2,0.2,1.345,10,1.0
rftl_s_rec,2,0.2,1.345,11,1.0
rftl_s_rec,2,0.2,1.345,12,1.0
rftl_s_rec,2,0.2,1.345,13,1.0
rftl_s_rec,2,0.2,1.345,14,1.0
rftl_s_rec,2,0.2,1.345,15,1.0
rftl_s_rec,2,0.2,1.345,16,1.0
rftl_s_rec,2,0.2,1.345,17,1.0
rftl_s_rec,2,0.2,1.345,18,1.0
rftl_s_rec,2,0.2,1.345,19,1.0
rftl_s_rec,2,0.2,1.345,20,1.0
rftl_s_rec,2,0.2,1.345,21,1.0
rftl_s_rec,2,0.2,1.345,22,1.0
rftl_s_rec,2,0.2,1.345,23,1.0
rftl_s_rec,2,0.2,1.345,24,1.0
rftl_s_rec,2,0.2,1.345,25,1.0
rftl_s_rec,2,0.2,1.345,26,1.0
rftl_s_rec,2,0.2,1.345,27,1.0
rftl_s_rec,2,0.2,1.345,28,1.0
rftl_s_rec,2,0.2,1.345,29,1.0
rftl_s_rec,2,0.2,1.345,30,1.0
rftl_s_rec,2,0.2,1.345,31,1.0
rftl_s_rec,2,0.2,1.345,32,1.0
rftl_s_rec,2,0.2,1.345,33,1.0
rftl_s_rec,2,0.2,1.345,34,1.0
rftl_s_rec,2,0.2,1.345,35,1.0
rftl_s_rec,2,0.2,1.345,36,1.0
rftl_s_rec,2,0.2,1.345,37,1.0
rftl_s_rec,2,0.2,1.345,38,1.0
rftl_s_rec,2,0.2,1.345,39,1.0
rftl_s_rec,2,0.2,1.345,40,1.0
rftl_s_rec,2,0.2,1.345,41,1.0
rftl_s_rec,2,0.2,1.345,42,1.0
rftl_s_rec,2,0.2,1.345,43,1.0
rftl_s_rec,2,0.2,1.345,44,1.0
rftl_s_rec,2,0.2,1.345,45,1.0
rftl_s_rec,2,0.2,1.345,46,1.0
rftl_s_rec,2,0.2,1.345,47,1.0
rftl_s_rec,2,0.2,1.345,48,1.0
rftl_s_rec,2,0.2,1.345,49,1.0
rftl_s,2,0.2,1.345,0,0.04635977607097564
rftl_s,2,0.2,1.345,1,0.045951408091941384
rftl_s,2,0.2,1.345,2,0.04893896040384554
rftl_s,2,0.2,1.345,3,0.07122671402289041
rftl_s,2,0.2,1.345,4,0.06762081706504788
rftl_s,2,0.2,1.345,5,0.05723483726125004
rftl_s,2,0.2,1.345,6,0.07468523427931027
rftl_s,2,0.2,1.345,7,0.06149875231602753
rftl_s,2,0.2,1.345,8,0.06442001885948202
rftl_s,2,0.2,1.345,9,0.05891792579224355
rftl_s,2,0.2,1.345,10,0.09662516259434874
rftl_s,2,0.2,1.345,11,0.051023730528292975
rftl_s,2,0.2,1.345,12,0.04998646292174659
rftl_s,2,0.2,1.345,13,0.060162972769323926
rftl_s,2,0.2,1.345,14,0.06626312932036418
rftl_s,2,0.2,1.345,15,0.05949689539243615
rftl_s,2,0.2,1.345,16,0.05019139879159249
rftl_s,2,0.2,1.345,17,0.08173430863659378
rftl_s,2,0.2,1.345,18,0.08398268418206986
rftl_s,2,0.2,1.345,19,0.06499940761275592
rftl_s,2,0.2,1.345,20,0.06644811404850096
rftl_s,2,0.2,1.345,21,0.07294001608394846
rftl_s,2,0.2,1.345,22,0.043741143705239245
rftl_s,2,0.2,1.345,23,0.0660794824492621
rftl_s,2,0.2,1.345,24,0.05312154526590402
rftl_s,2,0.2,1.345,25,0.06277395914144614
rftl_s,2,0.2,1.345,26,0.060178350112678754
rftl_s,2,0.2,1.345,27,0.07844137578327222
rftl_s,2,0.2,1.345,28,0.06793699190903585
rftl_s,2,0.2,1.345,29,0.10417479003192662
rftl_s,2,0.2,1.345,30,0.09653058501237076
rftl_s,2,0.2,1.345,31,0.06657566806980451
rftl_s,2,0.2,1.345,32,0.08351777499660518
rftl_s,2,0.2,1.345,33,0.07198268001338978
rftl_s,2,0.2,1.345,34,0.09375999215926442
rftl_s,2,0.2,1.345,35,0.06336975884677679
rftl_s,2,0.2,1.345,36,0.07512835514982653
rftl_s,2,0.2,1.345,37,0.04912231738686317
rftl_s,2,0.2,1.345,38,0.07806254388794984
rftl_s,2,0.2,1.345,39,0.06501741628205768
rftl_s,2,0.2,1.345,40,0.070055682336925
rftl_s,2,0.2,1.345,41,0.06097563468377532
rftl_s,2,0.2,1.345,42,0.06723532200231865
rftl_s,2,0.2,1.345,43,0.04518108954736313
rftl_s,2,0.2,1.345,44,0.06753093955922489
rftl_s,2,0.2,1.345,45,0.04165799098960666
rftl_s,2,0.2,1.345,46,0.08451847478609494
rftl_s,2,0.2,1.345,47,0.04689999466050324
rftl_s,2,0.2,1.345,48,0.07919896519700285
rftl_s,2,0.2,1.345,49,0.05915953695672547
rftl_s_prec,2,0.2,2.0,0,1.0
rftl_s_prec,2,0.2,2.0,1,0.6
rftl_s_prec,2,0.2,2.0,2,1.0
rftl_s_prec,2,0.2,2.0,3,0.782608695652174
rftl_s_prec,2,0.2,2.0,4,1.0
rftl_s_prec,2,0.2,2.0,5,1.0
rftl_s_prec,2,0.2,2.0,6,0.8181818181818182
rftl_s_prec,2,0.2,2.0,7,1.0
rftl_s_prec,2,0.2,2.0,8,0.9473684210526315
rftl_s_prec,2,0.2,2.0,9,0.8571428571428571
rftl_s_prec,2,0.2,2.0,10,1.0
rftl_s_prec,2,0.2,2.0,11,0.75
rftl_s_prec,2,0.2,2.0,12,0.9473684210526315
rftl_s_prec,2,0.2,2.0,13,1.0
rftl_s_prec,2,0.2,2.0,14,0.5806451612903226
rftl_s_prec,2,0.2,2.0,15,0.9473684210526315
rftl_s_prec,2,0.2,2.0,16,1.0
rftl_s_prec,2,0.2,2.0,17,0.8571428571428571
rftl_s_prec,2,0.2,2.0,18,0.782608695652174
rftl_s_prec,2,0.2,2.0,19,0.9473684210526315
rftl_s_prec,2,0.2,2.0,20,1.0
rftl_s_prec,2,0.2,2.0,21,0.75
rftl_s_prec,2,0.2,2.0,22,0.9473684210526315
rftl_s_prec,2,0.2,2.0,23,1.0
rftl_s_prec,2,0.2,2.0,24,1.0
rftl_s_prec,2,0.2,2.0,25,0.782608695652174
rftl_s_prec,2,0.2,2.0,26,1.0
rftl_s_prec,2,0.2,2.0,27,1.0
rftl_s_prec,2,0.2,2.0,28,1.0
rftl_s_prec,2,0.2,2.0,29,1.0
rftl_s_prec,2,0.2,2.0,30,0.782608695652174
rftl_s_prec,2,0.2,2.0,31,0.9473684210526315
rftl_s_prec,2,0.2,2.0,32,1.0
rftl_s_prec,2,0.2,2.0,33,1.0
rftl_s_prec,2,0.2,2.0,34,1.0
rftl_s_prec,2,0.2,2.0,35,0.5454545454545454
rftl_s_prec,2,0.2,2.0,36,1.0
rftl_s_prec,2,0.2,2.0,37,0.9
rftl_s_prec,2,0.2,2.0,38,0.9473684210526315
rftl_s_prec,2,0.2,2.0,39,1.0
rftl_s_prec,2,0.2,2.0,40,1.0
rftl_s_prec,2,0.2,2.0,41,1.0
rftl_s_prec,2,0.2,2.0,42,1.0
rftl_s_prec,2,0.2,2.0,43,1.0
rftl_s_prec,2,0.2,2.0,44,0.9
rftl_s_prec,2,0.2,2.0,45,0.9473684210526315
rftl_s_prec,2,0.2,2.0,46,1.0
rftl_s_prec,2,0.2,2.0,47,0.8571428571428571
rftl_s_prec,2,0.2,2.0,48,0.9473684210526315
rftl_s_prec,2,0.2,2.0,49,0.8571428571428571
rftl_s_rec,2,0.2,2.0,0,1.0
rftl_s_rec,2,0.2,2.0,1,1.0
rftl_s_rec,2,0.2,2.0,2,1.0
rftl_s_rec,2,0.2,2.0,3,1.0
rftl_s_rec,2,0.2,2.0,4,1.0
rftl_s_rec,2,0.2,2.0,5,1.0
rftl_s_rec,2,0.2,2.0,6,1.0
rftl_s_rec,2,0.2,2.0,7,1.0
rftl_s_rec,2,0.2,2.0,8,1.0
rftl_s_rec,2,0.2,2.0,9,1.0
rftl_s_rec,2,0.2,2.0,10,1.0
rftl_s_rec,2,0.2,2.0,11,1.0
rftl_s_rec,2,0.2,2.0,12,1.0
rftl_s_rec,2,0.2,2.0,13,1.0
rftl_s_rec,2,0.2,2.0,14,1.0
rftl_s_rec,2,0.2,2.0,15,1.0
rftl_s_rec,2,0.2,2.0,16,1.0
rftl_s_rec,2,0.2,2.0,17,1.0
rftl_s_rec,2,0.2,2.0,18,1.0
rftl_s_rec,2,0.2,2.0,19,1.0
rftl_s_rec,2,0.2,2.0,20,1.0
rftl_s_rec,2,0.2,2.0,21,1.0
rftl_s_rec,2,0.2,2.0,22,1.0
rftl_s_rec,2,0.2,2.0,23,1.0
rftl_s_rec,2,0.2,2.0,24,1.0
rftl_s_rec,2,0.2,2.0,25,1.0
rftl_s_rec,2,0.2,2.0,26,1.0
rftl_s_rec,2,0.2,2.0,27,1.0
rftl_s_rec,2,0.2,2.0,28,1.0
rftl_s_rec,2,0.2,2.0,29,1.0
rftl_s_rec,2,0.2,2.0,30,1.0
rftl_s_rec,2,0.2,2.0,31,1.0
rftl_s_rec,2,0.2,2.0,32,1.0
rftl_s_rec,2,0.2,2.0,33,1.0
rftl_s_rec,2,0.2,2.0,34,1.0
rftl_s_rec,2,0.2,2.0,35,1.0
rftl_s_rec,2,0.2,2.0,36,1.0
rftl_s_rec,2,0.2,2.0,37,1.0
rftl_s_rec,2,0.2,2.0,38,1.0
rftl_s_rec,2,0.2,2.0,39,1.0
rftl_s_rec,2,0.2,2.0,40,1.0
rftl_s_rec,2,0.2,2.0,41,1.0
rftl_s_rec,2,0.2,2.0,42,1.0
rftl_s_rec,2,0.2,2.0,43,1.0
rftl_s_rec,2,0.2,2.0,44,1.0
rftl_s_rec,2,0.2,2.0,45,1.0
rftl_s_rec,2,0.2,2.0,46,1.0
rftl_s_rec,2,0.2,2.0,47,1.0
rftl_s_rec,2,0.2,2.0,48,1.0
rftl_s_rec,2,0.2,2.0,49,1.0
rftl_s,2,0.2,2.0,0,0.047736727194558716
rftl_s,2,0.2,2.0,1,0.07227336472570753
rftl_s,2,0.2,2.0,2,0.07306040402457971
rftl_s,2,0.2,2.0,3,0.08015186737466332
rftl_s,2,0.2,2.0,4,0.07645749494670094
rftl_s,2,0.2,2.0,5,0.07784623215390514
rftl_s,2,0.2,2.0,6,0.08628895133859008
rftl_s,2,0.2,2.0,7,0.0786393416205932
rftl_s,2,0.2,2.0,8,0.059515271795421446
rftl_s,2,0.2,2.0,9,0.07910284358075993
rftl_s,2,0.2,2.0,10,0.09717441350462915
rftl_s,2,0.2,2.0,11,0.08000958110984042
rftl_s,2,0.2,2.0,12,0.04328280746627019
rftl_s,2,0.2,2.0,13,0.061213211479264285
rftl_s,2,0.2,2.0,14,0.05088697262978914
rftl_s,2,0.2,2.0,15,0.0701656739083439
rftl_s,2,0.2,2.0,16,0.07086109167202931
rftl_s,2,0.2,2.0,17,0.05534301432090327
rftl_s,2,0.2,2.0,18,0.04337452033261657
rftl_s,2,0.2,2.0,19,0.07206688132242918
rftl_s,2,0.2,2.0,20,0.07101438818424868
rftl_s,2,0.2,2.0,21,0.048533207209489476
rftl_s,2,0.2,2.0,22,0.05334918220633868
rftl_s,2,0.2,2.0,23,0.046522766142458385
rftl_s,2,0.2,2.0,24,0.07104736252574245
rftl_s,2,0.2,2.0,25,0.06133018502779254
rftl_s,2,0.2,2.0,26,0.04967395243493227
rftl_s,2,0.2,2.0,27,0.07923548890146655
rftl_s,2,0.2,2.0,28,0.048934754516848006
rftl_s,2,0.2,2.0,29,0.08639480017508253
rftl_s,2,0.2,2.0,30,0.07278068971954732
rftl_s,2,0.2,2.0,31,0.053245794594616
rftl_s,2,0.2,2.0,32,0.0786991214389535
rftl_s,2,0.2,2.0,33,0.06374457874977776
rftl_s,2,0.2,2.0,34,0.06061246201635975
rftl_s,2,0.2,2.0,35,0.06873311577540063
rftl_s,2,0.2,2.0,36,0.07818187057475116
rftl_s,2,0.2,2.0,37,0.04610276670752207
rftl_s,2,0.2,2.0,38,0.09680250877519882
rftl_s,2,0.2,2.0,39,0.08080241272524055
rftl_s,2,0.2,2.0,40,0.06921134595974178
rftl_s,2,0.2,2.0,41,0.07683641247003034
rftl_s,2,0.2,2.0,42,0.050851544035387934
rftl_s,2,0.2,2.0,43,0.04354811158342735
rftl_s,2,0.2,2.0,44,0.06016672240402807
rftl_s,2,0.2,2.0,45,0.0655658778065667
rftl_s,2,0.2,2.0,46,0.09654623584484846
rftl_s,2,0.2,2.0,47,0.04796513908893559
rftl_s,2,0.2,2.0,48,0.05499994400885876
rftl_s,2,0.2,2.0,49,0.05999560474709514
rftl_s_prec,2,0.2,3.0,0,1.0
rftl_s_prec,2,0.2,3.0,1,1.0
rftl_s_prec,2,0.2,3.0,2,1.0
rftl_s_prec,2,0.2,3.0,3,1.0
rftl_s_prec,2,0.2,3.0,4,1.0
rftl_s_prec,2,0.2,3.0,5,1.0
rftl_s_prec,2,0.2,3.0,6,1.0
rftl_s_prec,2,0.2,3.0,7,1.0
rftl_s_prec,2,0.2,3.0,8,1.0
rftl_s_prec,2,0.2,3.0,9,1.0
rftl_s_prec,2,0.2,3.0,10,1.0
rftl_s_prec,2,0.2,3.0,11,1.0
rftl_s_prec,2,0.2,3.0,12,1.0
rftl_s_prec,2,0.2,3.0,13,1.0
rftl_s_prec,2,0.2,3.0,14,1.0
rftl_s_prec,2,0.2,3.0,15,1.0
rftl_s_prec,2,0.2,3.0,16,1.0
rftl_s_prec,2,0.2,3.0,17,1.0
rftl_s_prec,2,0.2,3.0,18,1.0
rftl_s_prec,2,0.2,3.0,19,1.0
rftl_s_prec,2,0.2,3.0,20,1.0
rftl_s_prec,2,0.2,3.0,21,1.0
rftl_s_prec,2,0.2,3.0,22,1.0
rftl_s_prec,2,0.2,3.0,23,1.0
rftl_s_prec,2,0.2,3.0,24,1.0
rftl_s_prec,2,0.2,3.0,25,1.0
rftl_s_prec,2,0.2,3.0,26,1.0
rftl_s_prec,2,0.2,3.0,27,1.0
rftl_s_prec,2,0.2,3.0,28,1.0
rftl_s_prec,2,0.2,3.0,29,1.0
rftl_s_prec,2,0.2,3.0,30,1.0
rftl_s_prec,2,0.2,3.0,31,1.0
rftl_s_prec,2,0.2,3.0,32,1.0
rftl_s_prec,2,0.2,3.0,33,1.0
rftl_s_prec,2,0.2,3.0,34,1.0
rftl_s_prec,2,0.2,3.0,35,1.0
rftl_s_prec,2,0.2,3.0,36,1.0
rftl_s_prec,2,0.2,3.0,37,1.0
rftl_s_prec,2,0.2,3.0,38,1.0
rftl_s_prec,2,0.2,3.0,39,1.0
rftl_s_prec,2,0.2,3.0,40,1.0
rftl_s_prec,2,0.2,3.0,41,1.0
rftl_s_prec,2,0.2,3.0,42,1.0
rftl_s_prec,2,0.2,3.0,43,1.0
rftl_s_prec,2,0.2,3.0,44,1.0
rftl_s_prec,2,0.2,3.0,45,1.0
rftl_s_prec,2,0.2,3.0,46,1.0
rftl_s_prec,2,0.2,3.0,47,1.0
rftl_s_prec,2,0.2,3.0,48,1.0
rftl_s_prec,2,0.2,3.0,49,1.0
rftl_s_rec,2,0.2,3.0,0,1.0
rftl_s_rec,2,0.2,3.0,1,1.0
rftl_s_rec,2,0.2,3.0,2,1.0
rftl_s_rec,2,0.2,3.0,3,1.0
rftl_s_rec,2,0.2,3.0,4,1.0
rftl_s_rec,2,0.2,3.0,5,1.0
rftl_s_rec,2,0.2,3.0,6,1.0
rftl_s_rec,2,0.2,3.0,7,1.0
rftl_s_rec,2,0.2,3.0,8,1.0
rftl_s_rec,2,0.2,3.0,9,1.0
rftl_s_rec,2,0.2,3.0,10,1.0
rftl_s_rec,2,0.2,3.0,11,1.0
rftl_s_rec,2,0.2,3.0,12,1.0
rftl_s_rec,2,0.2,3.0,13,1.0
rftl_s_rec,2,0.2,3.0,14,1.0
rftl_s_rec,2,0.2,3.0,15,1.0
rftl_s_rec,2,0.2,3.0,16,1.0
rftl_s_rec,2,0.2,3.0,17,1.0
rftl_s_rec,2,0.2,3.0,18,1.0
rftl_s_rec,2,0.2,3.0,19,1.0
rftl_s_rec,2,0.2,3.0,20,1.0
rftl_s_rec,2,0.2,3.0,21,1.0
rftl_s_rec,2,0.2,3.0,22,1.0
rftl_s_rec,2,0.2,3.0,23,1.0
rftl_s_rec,2,0.2,3.0,24,1.0
rftl_s_rec,2,0.2,3.0,25,1.0
rftl_s_rec,2,0.2,3.0,26,1.0
rftl_s_rec,2,0.2,3.0,27,1.0
rftl_s_rec,2,0.2,3.0,28,1.0
rftl_s_rec,2,0.2,3.0,29,1.0
rftl_s_rec,2,0.2,3.0,30,1.0
rftl_s_rec,2,0.2,3.0,31,1.0
rftl_s_rec,2,0.2,3.0,32,1.0
rftl_s_rec,2,0.2,3.0,33,1.0
rftl_s_rec,2,0.2,3.0,34,1.0
rftl_s_rec,2,0.2,3.0,35,1.0
rftl_s_rec,2,0.2,3.0,36,1.0
rftl_s_rec,2,0.2,3.0,37,1.0
rftl_s_rec,2,0.2,3.0,38,1.0
rftl_s_rec,2,0.2,3.0,39,1.0
rftl_s_rec,2,0.2,3.0,40,1.0
rftl_s_rec,2,0.2,3.0,41,1.0
rftl_s_rec,2,0.2,3.0,42,1.0
rftl_s_rec,2,0.2,3.0,43,1.0
rftl_s_rec,2,0.2,3.0,44,1.0
rftl_s_rec,2,0.2,3.0,45,1.0
rftl_s_rec,2,0.2,3.0,46,1.0
rftl_s_rec,2,0.2,3.0,47,1.0
rftl_s_rec,2,0.2,3.0,48,1.0
rftl_s_rec,2,0.2,3.0,49,1.0
rftl_s,2,0.2,3.0,0,0.0463608194393353
rftl_s,2,0.2,3.0,1,0.07891188871802869
rftl_s,2,0.2,3.0,2,0.06991235109326605
rftl_s,2,0.2,3.0,3,0.0751596635913205
rftl_s,2,0.2,3.0,4,0.06210571588860743
rftl_s,2,0.2,3.0,5,0.07775601259271547
rftl_s,2,0.2,3.0,6,0.04435541087490713
rftl_s,2,0.2,3.0,7,0.08225019218270152
rftl_s,2,0.2,3.0,8,0.04103336196393124
rftl_s,2,0.2,3.0,9,0.05304316968619423
rftl_s,2,0.2,3.0,10,0.07547446929455855
rftl_s,2,0.2,3.0,11,0.04916544800514946
rftl_s,2,0.2,3.0,12,0.04572147348249711
rftl_s,2,0.2,3.0,13,0.06972398375304688
rftl_s,2,0.2,3.0,14,0.07265198316600953
rftl_s,2,0.2,3.0,15,0.06518051705498376
rftl_s,2,0.2,3.0,16,0.0535555012171468
rftl_s,2,0.2,3.0,17,0.06713011112394612
rftl_s,2,0.2,3.0,18,0.0904331672740918
rftl_s,2,0.2,3.0,19,0.07114079318366288
rftl_s,2,0.2,3.0,20,0.07757834901639499
rftl_s,2,0.2,3.0,21,0.0845735332701305
rftl_s,2,0.2,3.0,22,0.04713328118681175
rftl_s,2,0.2,3.0,23,0.05299895124488764
rftl_s,2,0.2,3.0,24,0.0735568437211787
rftl_s,2,0.2,3.0,25,0.04309960490659826
rftl_s,2,0.2,3.0,26,0.08299481685704897
rftl_s,2,0.2,3.0,27,0.07886194715663727
rftl_s,2,0.2,3.0,28,0.05084309697708459
rftl_s,2,0.2,3.0,29,0.07098367453562246
rftl_s,2,0.2,3.0,30,0.05824186736994742
rftl_s,2,0.2,3.0,31,0.05358966811664147
rftl_s,2,0.2,3.0,32,0.04941835713919513
rftl_s,2,0.2,3.0,33,0.0642133813067243
rftl_s,2,0.2,3.0,34,0.07955488528677454
rftl_s,2,0.2,3.0,35,0.0690224375857474
rftl_s,2,0.2,3.0,36,0.05097719625314962
rftl_s,2,0.2,3.0,37,0.04021583025918387
rftl_s,2,0.2,3.0,38,0.052156437150742155
rftl_s,2,0.2,3.0,39,0.05635867014451876
rftl_s,2,0.2,3.0,40,0.069484021405868
rftl_s,2,0.2,3.0,41,0.06842340622204497
rftl_s,2,0.2,3.0,42,0.07739852160307521
rftl_s,2,0.2,3.0,43,0.05808259252365889
rftl_s,2,0.2,3.0,44,0.04695580456744684
rftl_s,2,0.2,3.0,45,0.07959517349916496
rftl_s,2,0.2,3.0,46,0.09676687202644493
rftl_s,2,0.2,3.0,47,0.07405907539755603
rftl_s,2,0.2,3.0,48,0.06378686137721502
rftl_s,2,0.2,3.0,49,0.05585591632507976
baseline,2,0.3,,0,0.10636760207794246
baseline,2,0.3,,1,0.07439186996548042
baseline,2,0.3,,2,0.060126614537908414
baseline,2,0.3,,3,0.044708112644211345
baseline,2,0.3,,4,0.0528165841119766
baseline,2,0.3,,5,0.06805111124070806
baseline,2,0.3,,6,0.07163265092987638
baseline,2,0.3,,7,0.04250369596359543
baseline,2,0.3,,8,0.07795297870251
baseline,2,0.3,,9,0.08423434490184253
baseline,2,0.3,,10,0.09819881478309338
baseline,2,0.3,,11,0.10251386257272584
baseline,2,0.3,,12,0.05426188569935167
baseline,2,0.3,,13,0.07720383557729
baseline,2,0.3,,14,0.06467818473004723
baseline,2,0.3,,15,0.05487546350906439
baseline,2,0.3,,16,0.06801192403081724
baseline,2,0.3,,17,0.06567424288319453
baseline,2,0.3,,18,0.06868190819914015
baseline,2,0.3,,19,0.049192973850575514
baseline,2,0.3,,20,0.08912953411875793
baseline,2,0.3,,21,0.08865713937912773
baseline,2,0.3,,22,0.06334176168572417
baseline,2,0.3,,23,0.04322907517912307
baseline,2,0.3,,24,0.05830527348222232
baseline,2,0.3,,25,0.07835862196319564
baseline,2,0.3,,26,0.03953270243043159
baseline,2,0.3,,27,0.05103464095127428
baseline,2,0.3,,28,0.07448970108539145
baseline,2,0.3,,29,0.07570711893444768
baseline,2,0.3,,30,0.05214902516620592
baseline,2,0.3,,31,0.06003523544937132
baseline,2,0.3,,32,0.07525769059812079
baseline,2,0.3,,33,0.0716032663255198
baseline,2,0.3,,34,0.06669628415339261
baseline,2,0.3,,35,0.06995565929812647
baseline,2,0.3,,36,0.04331795659894998
baseline,2,0.3,,37,0.04869231367897467
baseline,2,0.3,,38,0.047566842514473955
baseline,2,0.3,,39,0.0807153675287013
baseline,2,0.3,,40,0.09444416641361716
baseline,2,0.3,,41,0.07272489065976641
baseline,2,0.3,,42,0.057508841993549595
baseline,2,0.3,,43,0.04328538085097558
baseline,2,0.3,,44,0.06025769618018342
baseline,2,0.3,,45,0.04362135794579436
baseline,2,0.3,,46,0.08131901479189922
baseline,2,0.3,,47,0.06970617587162489
baseline,2,0.3,,48,0.07997222463246298
baseline,2,0.3,,49,0.07237788607624276
rftl_s_prec,2,0.3,1.0,0,0.6222222222222222
rftl_s_prec,2,0.3,1.0,1,0.6222222222222222
rftl_s_prec,2,0.3,1.0,2,0.6222222222222222
rftl_s_prec,2,0.3,1.0,3,0.6222222222222222
rftl_s_prec,2,0.3,1.0,4,0.6222222222222222
rftl_s_prec,2,0.3,1.0,5,0.6222222222222222
rftl_s_prec,2,0.3,1.0,6,0.6222222222222222
rftl_s_prec,2,0.3,1.0,7,0.6222222222222222
rftl_s_prec,2,0.3,1.0,8,0.6222222222222222
rftl_s_prec,2,0.3,1.0,9,0.6222222222222222
rftl_s_prec,2,0.3,1.0,10,0.6222222222222222
rftl_s_prec,2,0.3,1.0,11,0.6222222222222222
rftl_s_prec,2,0.3,1.0,12,0.6222222222222222
rftl_s_prec,2,0.3,1.0,13,0.6222222222222222
rftl_s_prec,2,0.3,1.0,14,0.6222222222222222
rftl_s_prec,2,0.3,1.0,15,0.6222222222222222
rftl_s_prec,2,0.3,1.0,16,0.6222222222222222
rftl_s_prec,2,0.3,1.0,17,0.6222222222222222
rftl_s_prec,2,0.3,1.0,18,0.6222222222222222
rftl_s_prec,2,0.3,1.0,19,0.6222222222222222
rftl_s_prec,2,0.3,1.0,20,0.6222222222222222
rftl_s_prec,2,0.3,1.0,21,0.6222222222222222
rftl_s_prec,2,0.3,1.0,22,0.6222222222222222
rftl_s_prec,2,0.3,1.0,23,0.6222222222222222
rftl_s_prec,2,0.3,1.0,24,0.6222222222222222
rftl_s_prec,2,0.3,1.0,25,0.6222222222222222
rftl_s_prec,2,0.3,1.0,26,0.6222222222222222
rftl_s_prec,2,0.3,1.0,27,0.6222222222222222
rftl_s_prec,2,0.3,1.0,28,0.6222222222222222
rftl_s_prec,2,0.3,1.0,29,0.6222222222222222
rftl_s_prec,2,0.3,1.0,30,0.6222222222222222
rftl_s_prec,2,0.3,1.0,31,0.6222222222222222
rftl_s_prec,2,0.3,1.0,32,0.6222222222222222
rftl_s_prec,2,0.3,1.0,33,0.6222222222222222
rftl_s_prec,2,0.3,1.0,34,0.6222222222222222
rftl_s_prec,2,0.3,1.0,35,0.6222222222222222
rftl_s_prec,2,0.3,1.0,36,0.6222222222222222
rftl_s_prec,2,0.3,1.0,37,0.6222222222222222
rftl_s_prec,2,0.3,1.0,38,0.6222222222222222
rftl_s_prec,2,0.3,1.0,39,0.6222222222222222
rftl_s_prec,2,0.3,1.0,40,0.6222222222222222
rftl_s_prec,2,0.3,1.0,41,0.6222222222222222
rftl_s_prec,2,0.3,1.0,42,0.6222222222222222
rftl_s_prec,2,0.3,1.0,43,0.6222222222222222
rftl_s_prec,2,0.3,1.0,44,0.6222222222222222
rftl_s_prec,2,0.3,1.0,45,0.6222222222222222
rftl_s_prec,2,0.3,1.0,46,0.6222222222222222
rftl_s_prec,2,0.3,1.0,47,0.6222222222222222
rftl_s_prec,2,0.3,1.0,48,0.6222222222222222
rftl_s_prec,2,0.3,1.0,49,0.6222222222222222
rftl_s_rec,2,0.3,1.0,0,1.0
rftl_s_rec,2,0.3,1.0,1,1.0
rftl_s_rec,2,0.3,1.0,2,1.0
rftl_s_rec,2,0.3,1.0,3,1.0
rftl_s_rec,2,0.3,1.0,4,1.0
rftl_s_rec,2,0.3,1.0,5,1.0
rftl_s_rec,2,0.3,1.0,6,1.0
rftl_s_rec,2,0.3,1.0,7,1.0
rftl_s_rec,2,0.3,1.0,8,1.0
rftl_s_rec,2,0.3,1.0,9,1.0
rftl_s_rec,2,0.3,1.0,10,1.0
rftl_s_rec,2,0.3,1.0,11,1.0
rftl_s_rec,2,0.3,1.0,12,1.0
rftl_s_rec,2,0.3,1.0,13,1.0
rftl_s_rec,2,0.3,1.0,14,1.0
rftl_s_rec,2,0.3,1.0,15,1.0
rftl_s_rec,2,0.3,1.0,16,1.0
rftl_s_rec,2,0.3,1.0,17,1.0
rftl_s_rec,2,0.3,1.0,18,1.0
rftl_s_rec,2,0.3,1.0,19,1.0
rftl_s_rec,2,0.3,1.0,20,1.0
rftl_s_rec,2,0.3,1.0,21,1.0
rftl_s_rec,2,0.3,1.0,22,1.0
rftl_s_rec,2,0.3,1.0,23,1.0
rftl_s_rec,2,0.3,1.0,24,1.0
rftl_s_rec,2,0.3,1.0,25,1.0
rftl_s_rec,2,0.3,1.0,26,1.0
rftl_s_rec,2,0.3,1.0,27,1.0
rftl_s_rec,2,0.3,1.0,28,1.0
rftl_s_rec,2,0.3,1.0,29,1.0
rftl_s_rec,2,0.3,1.0,30,1.0
rftl_s_rec,2,0.3,1.0,31,1.0
rftl_s_rec,2,0.3,1.0,32,1.0
rftl_s_rec,2,0.3,1.0,33,1.0
rftl_s_rec,2,0.3,1.0,34,1.0
rftl_s_rec,2,0.3,1.0,35,1.0
rftl_s_rec,2,0.3,1.0,36,1.0
rftl_s_rec,2,0.3,1.0,37,1.0
rftl_s_rec,2,0.3,1.0,38,1.0
rftl_s_rec,2,0.3,1.0,39,1.0
rftl_s_rec,2,0.3,1.0,40,1.0
rftl_s_rec,2,0.3,1.0,41,1.0
rftl_s_rec,2,0.3,1.0,42,1.0
rftl_s_rec,2,0.3,1.0,43,1.0
rftl_s_rec,2,0.3,1.0,44,1.0
rftl_s_rec,2,0.3,1.0,45,1.0
rftl_s_rec,2,0.3,1.0,46,1.0
rftl_s_rec,2,0.3,1.0,47,1.0
rftl_s_rec,2,0.3,1.0,48,1.0
rftl_s_rec,2,0.3,1.0,49,1.0
rftl_s,2,0.3,1.0,0,0.04079897605465196
rftl_s,2,0.3,1.0,1,0.06391154266426621
rftl_s,2,0.3,1.0,2,0.07590528164084827
rftl_s,2,0.3,1.0,3,0.07804142202324967
rftl_s,2,0.3,1.0,4,0.06937489705397544
rftl_s,2,0.3,1.0,5,0.07590155901955425
rftl_s,2,0.3,1.0,6,0.04940341122633085
rftl_s,2,0.3,1.0,7,0.07120154209406328
rftl_s,2,0.3,1.0,8,0.05152444347473607
rftl_s,2,0.3,1.0,9,0.04694582562271989
rftl_s,2,0.3,1.0,10,0.07359141146726707
rftl_s,2,0.3,1.0,11,0.04562072967685468
rftl_s,2,0.3,1.0,12,0.05072257371629033
rftl_s,2,0.3,1.0,13,0.069706242323006
rftl_s,2,0.3,1.0,14,0.04975521033876096
rftl_s,2,0.3,1.0,15,0.08163080453373363
rftl_s,2,0.3,1.0,16,0.04905887201512866
rftl_s,2,0.3,1.0,17,0.09064636661172565
rftl_s,2,0.3,1.0,18,0.05392950493203685
rftl_s,2,0.3,1.0,19,0.06336558213414889
rftl_s,2,0.3,1.0,20,0.11629246834174682
rftl_s,2,0.3,1.0,21,0.05590564156605109
rftl_s,2,0.3,1.0,22,0.0544084410918619
rftl_s,2,0.3,1.0,23,0.07815126836569308
rftl_s,2,0.3,1.0,24,0.056615967553288106
rftl_s,2,0.3,1.0,25,0.0518863939579712
rftl_s,2,0.3,1.0,26,0.07077539263155325
rftl_s,2,0.3,1.0,27,0.08711404960643163
rftl_s,2,0.3,1.0,28,0.07279188901511638
rftl_s,2,0.3,1.0,29,0.06946258168881458
rftl_s,2,0.3,1.0,30,0.07812204563507574
rftl_s,2,0.3,1.0,31,0.06171673401605737
rftl_s,2,0.3,1.0,32,0.06670451303932758
rftl_s,2,0.3,1.0,33,0.06994021317620937
rftl_s,2,0.3,1.0,34,0.07113006076238153
rftl_s,2,0.3,1.0,35,0.0738114945722454
rftl_s,2,0.3,1.0,36,0.05664208615178242
rftl_s,2,0.3,1.0,37,0.08428229655161522
rftl_s,2,0.3,1.0,38,0.0642030645975843
rftl_s,2,0.3,1.0,39,0.0662805851965585
rftl_s,2,0.3,1.0,40,0.0540134826154365
rftl_s,2,0.3,1.0,41,0.07840299068370982
rftl_s,2,0.3,1.0,42,0.05364727028913755
rftl_s,2,0.3,1.0,43,0.05704514391535986
rftl_s,2,0.3,1.0,44,0.05705307819046671
rftl_s,2,0.3,1.0,45,0.06828815530287118
rftl_s,2,0.3,1.0,46,0.04220189335427219
rftl_s,2,0.3,1.0,47,0.08112011465335306
rftl_s,2,0.3,1.0,48,0.062023742967929875
rftl_s,2,0.3,1.0,49,0.07292309423209603
rftl_s_prec,2,0.3,1.345,0,0.7567567567567568
rftl_s_prec,2,0.3,1.345,1,0.8235294117647058
rftl_s_prec,2,0.3,1.345,2,0.7777777777777778
rftl_s_prec,2,0.3,1.345,3,0.875
rftl_s_prec,2,0.3,1.345,4,0.8
rftl_s_prec,2,0.3,1.345,5,0.9333333333333333
rftl_s_prec,2,0.3,1.345,6,0.8
rftl_s_prec,2,0.3,1.345,7,0.9032258064516129
rftl_s_prec,2,0.3,1.345,8,0.8
rftl_s_prec,2,0.3,1.345,9,0.717948717948718
rftl_s_prec,2,0.3,1.345,10,0.7777777777777778
rftl_s_prec,2,0.3,1.345,11,0.6666666666666666
rftl_s_prec,2,0.3,1.345,12,0.8484848484848485
rftl_s_prec,2,0.3,1.345,13,0.7368421052631579
rftl_s_prec,2,0.3,1.345,14,0.9333333333333333
rftl_s_prec,2,0.3,1.345,15,0.8235294117647058
rftl_s_prec,2,0.3,1.345,16,0.717948717948718
rftl_s_prec,2,0.3,1.345,17,0.6666666666666666
rftl_s_prec,2,0.3,1.345,18,0.717948717948718
rftl_s_prec,2,0.3,1.345,19,0.8
rftl_s_prec,2,0.3,1.345,20,0.8235294117647058
rftl_s_prec,2,0.3,1.345,21,0.8
rftl_s_prec,2,0.3,1.345,22,0.8484848484848485
rftl_s_prec,2,0.3,1.345,23,0.7777777777777778
rftl_s_prec,2,0.3,1.345,24,0.875
rftl_s_prec,2,0.3,1.345,25,0.6511627906976745
rftl_s_prec,2,0.3,1.345,26,0.8484848484848485
rftl_s_prec,2,0.3,1.345,27,0.9333333333333333
rftl_s_prec,2,0.3,1.345,28,0.7
rftl_s_prec,2,0.3,1.345,29,0.9655172413793104
rftl_s_prec,2,0.3,1.345,30,0.8
rftl_s_prec,2,0.3,1.345,31,0.8484848484848485
rftl_s_prec,2,0.3,1.345,32,0.875
rftl_s_prec,2,0.3,1.345,33,0.9333333333333333
rftl_s_prec,2,0.3,1.345,34,0.7
rftl_s_prec,2,0.3,1.345,35,0.7368421052631579
rftl_s_prec,2,0.3,1.345,36,0.9032258064516129
rftl_s_prec,2,0.3,1.345,37,0.8
rftl_s_prec,2,0.3,1.345,38,0.9032258064516129
rftl_s_prec,2,0.3,1.345,39,0.7567567567567568
rftl_s_prec,2,0.3,1.345,40,0.8484848484848485
rftl_s_prec,2,0.3,1.345,41,0.8235294117647058
rftl_s_prec,2,0.3,1.345,42,0.875
rftl_s_prec,2,0.3,1.345,43,0.8
rftl_s_prec,2,0.3,1.345,44,0.8235294117647058
rftl_s_prec,2,0.3,1.345,45,0.6666666666666666
rftl_s_prec,2,0.3,1.345,46,0.9655172413793104
rftl_s_prec,2,0.3,1.345,47,0.6829268292682927
rftl_s_prec,2,0.3,1.345,48,0.9032258064516129
rftl_s_prec,2,0.3,1.345,49,0.8
rftl_s_rec,2,0.3,1.345,0,1.0
rftl_s_rec,2,0.3,1.345,1,1.0
rftl_s_rec,2,0.3,1.345,2,1.0
rftl_s_rec,2,0.3,1.345,3,1.0
rftl_s_rec,2,0.3,1.345,4,1.0
rftl_s_rec,2,0.3,1.345,5,1.0
rftl_s_rec,2,0.3,1.345,6,1.0
rftl_s_rec,2,0.3,1.345,7,1.0
rftl_s_rec,2,0.3,1.345,8,1.0
rftl_s_rec,2,0.3,1.345,9,1.0
rftl_s_rec,2,0.3,1.345,10,1.0
rftl_s_rec,2,0.3,1.345,11,1.0
rftl_s_rec,2,0.3,1.345,12,1.0
rftl_s_rec,2,0.3,1.345,13,1.0
rftl_s_rec,2,0.3,1.345,14,1.0
rftl_s_rec,2,0.3,1.345,15,1.0
rftl_s_rec,2,0.3,1.345,16,1.0
rftl_s_rec,2,0.3,1.345,17,1.0
rftl_s_rec,2,0.3,1.345,18,1.0
rftl_s_rec,2,0.3,1.345,19,1.0
rftl_s_rec,2,0.3,1.345,20,1.0
rftl_s_rec,2,0.3,1.345,21,1.0
rftl_s_rec,2,0.3,1.345,22,1.0
rftl_s_rec,2,0.3,1.345,23,1.0
rftl_s_rec,2,0.3,1.345,24,1.0
rftl_s_rec,2,0.3,1.345,25,1.0
rftl_s_rec,2,0.3,1.345,26,1.0
rftl_s_rec,2,0.3,1.345,27,1.0
rftl_s_rec,2,0.3,1.345,28,1.0
rftl_s_rec,2,0.3,1.345,29,1.0
rftl_s_rec,2,0.3,1.345,30,1.0
rftl_s_rec,2,0.3,1.345,31,1.0
rftl_s_rec,2,0.3,1.345,32,1.0
rftl_s_rec,2,0.3,1.345,33,1.0
rftl_s_rec,2,0.3,1.345,34,1.0
rftl_s_rec,2,0.3,1.345,35,1.0
rftl_s_rec,2,0.3,1.345,36,1.0
rftl_s_rec,2,0.3,1.345,37,1.0
rftl_s_rec,2,0.3,1.345,38,1.0
rftl_s_rec,2,0.3,1.345,39,1.0
rftl_s_rec,2,0.3,1.345,40,1.0
rftl_s_rec,2,0.3,1.345,41,1.0
rftl_s_rec,2,0.3,1.345,42,1.0
rftl_s_rec,2,0.3,1.345,43,1.0
rftl_s_rec,2,0.3,1.345,44,1.0
rftl_s_rec,2,0.3,1.345,45,1.0
rftl_s_rec,2,0.3,1.345,46,1.0
rftl_s_rec,2,0.3,1.345,47,1.0
rftl_s_rec,2,0.3,1.345,48,1.0
rftl_s_rec,2,0.3,1.345,49,1.0
rftl_s,2,0.3,1.345,0,0.056028712976380325
rftl_s,2,0.3,1.345,1,0.09982328093933882
rftl_s,2,0.3,1.345,2,0.07033488474361872
rftl_s,2,0.3,1.345,3,0.06858756497494659
rftl_s,2,0.3,1.345,4,0.07097078118628654
rftl_s,2,0.3,1.345,5,0.07637880973425513
rftl_s,2,0.3,1.345,6,0.041574312870448625
rftl_s,2,0.3,1.345,7,0.0481366875086537
rftl_s,2,0.3,1.345,8,0.07892755323429411
rftl_s,2,0.3,1.345,9,0.08541854540078966
rftl_s,2,0.3,1.345,10,0.06160000409113946
rftl_s,2,0.3,1.345,11,0.04892088460854786
rftl_s,2,0.3,1.345,12,0.06177669768887083
rftl_s,2,0.3,1.345,13,0.06613061933603497
rftl_s,2,0.3,1.345,14,0.044490712662222785
rftl_s,2,0.3,1.345,15,0.0839514184698756
rftl_s,2,0.3,1.345,16,0.0682550924169675
rftl_s,2,0.3,1.345,17,0.07176754632153877
rftl_s,2,0.3,1.345,18,0.05301606371099454
rftl_s,2,0.3,1.345,19,0.0718040170042518
rftl_s,2,0.3,1.345,20,0.060288945388176814
rftl_s,2,0.3,1.345,21,0.07722355989264076
rftl_s,2,0.3,1.345,22,0.041490783205271324
rftl_s,2,0.3,1.345,23,0.07517700686314456
rftl_s,2,0.3,1.345,24,0.05809833709941657
rftl_s,2,0.3,1.345,25,0.07750509429086115
rftl_s,2,0.3,1.345,26,0.07785572511768343
rftl_s,2,0.3,1.345,27,0.08325294897777642
rftl_s,2,0.3,1.345,28,0.060903452916995296
rftl_s,2,0.3,1.345,29,0.04165825137675843
rftl_s,2,0.3,1.345,30,0.07667178588496011
rftl_s,2,0.3,1.345,31,0.06705492748493468
rftl_s,2,0.3,1.345,32,0.07289215634708753
rftl_s,2,0.3,1.345,33,0.07595659958463136
rftl_s,2,0.3,1.345,34,0.06540211910797464
rftl_s,2,0.3,1.345,35,0.07668267735496598
rftl_s,2,0.3,1.345,36,0.06343223275946555
rftl_s,2,0.3,1.345,37,0.06072536205560484
rftl_s,2,0.3,1.345,38,0.06264724314273142
rftl_s,2,0.3,1.345,39,0.06866333890174549
rftl_s,2,0.3,1.345,40,0.08776137262992541
rftl_s,2,0.3,1.345,41,0.05146107012595284
rftl_s,2,0.3,1.345,42,0.06262078910235853
rftl_s,2,0.3,1.345,43,0.05615202753918174
rftl_s,2,0.3,1.345,44,0.08036533540057565
rftl_s,2,0.3,1.345,45,0.050678764993516943
rftl_s,2,0.3,1.345,46,0.094203672438272
rftl_s,2,0.3,1.345,47,0.08167436992072742
rftl_s,2,0.3,1.345,48,0.07587122158991313
rftl_s,2,0.3,1.345,49,0.06601227782041735
rftl_s_prec,2,0.3,2.0,0,1.0
rftl_s_prec,2,0.3,2.0,1,1.0
rftl_s_prec,2,0.3,2.0,2,1.0
rftl_s_prec,2,0.3,2.0,3,1.0
rftl_s_prec,2,0.3,2.0,4,1.0
rftl_s_prec,2,0.3,2.0,5,1.0
rftl_s_prec,2,0.3,2.0,6,1.0
rftl_s_prec,2,0.3,2.0,7,1.0
rftl_s_prec,2,0.3,2.0,8,1.0
rftl_s_prec,2,0.3,2.0,9,1.0
rftl_s_prec,2,0.3,2.0,10,1.0
rftl_s_prec,2,0.3,2.0,11,1.0
rftl_s_prec,2,0.3,2.0,12,1.0
rftl_s_prec,2,0.3,2.0,13,1.0
rftl_s_prec,2,0.3,2.0,14,1.0
rftl_s_prec,2,0.3,2.0,15,1.0
rftl_s_prec,2,0.3,2.0,16,1.0
rftl_s_prec,2,0.3,2.0,17,0.9655172413793104
rftl_s_prec,2,0.3,2.0,18,1.0
rftl_s_prec,2,0.3,2.0,19,1.0
rftl_s_prec,2,0.3,2.0,20,1.0
rftl_s_prec,2,0.3,2.0,21,1.0
rftl_s_prec,2,0.3,2.0,22,1.0
rftl_s_prec,2,0.3,2.0,23,1.0
rftl_s_prec,2,0.3,2.0,24,1.0
rftl_s_prec,2,0.3,2.0,25,1.0
rftl_s_prec,2,0.3,2.0,26,1.0
rftl_s_prec,2,0.3,2.0,27,1.0
rftl_s_prec,2,0.3,2.0,28,1.0
rftl_s_prec,2,0.3,2.0,29,1.0
rftl_s_prec,2,0.3,2.0,30,1.0
rftl_s_prec,2,0.3,2.0,31,1.0
rftl_s_prec,2,0.3,2.0,32,1.0
rftl_s_prec,2,0.3,2.0,33,1.0
rftl_s_prec,2,0.3,2.0,34,1.0
rftl_s_prec,2,0.3,2.0,35,1.0
rftl_s_prec,2,0.3,2.0,36,1.0
rftl_s_prec,2,0.3,2.0,37,1.0
rftl_s_prec,2,0.3,2.0,38,1.0
rftl_s_prec,2,0.3,2.0,39,1.0
rftl_s_prec,2,0.3,2.0,40,1.0
rftl_s_prec,2,0.3,2.0,41,1.0
rftl_s_prec,2,0.3,2.0,42,1.0
rftl_s_prec,2,0.3,2.0,43,1.0
rftl_s_prec,2,0.3,2.0,44,1.0
rftl_s_prec,2,0.3,2.0,45,1.0
rftl_s_prec,2,0.3,2.0,46,1.0
rftl_s_prec,2,0.3,2.0,47,1.0
rftl_s_prec,2,0.3,2.0,48,1.0
rftl_s_prec,2,0.3,2.0,49,1.0
rftl_s_rec,2,0.3,2.0,0,1.0
rftl_s_rec,2,0.3,2.0,1,1.0
rftl_s_rec,2,0.3,2.0,2,1.0
rftl_s_rec,2,0.3,2.0,3,1.0
rftl_s_rec,2,0.3,2.0,4,1.0
rftl_s_rec,2,0.3,2.0,5,1.0
rftl_s_rec,2,0.3,2.0,6,1.0
rftl_s_rec,2,0.3,2.0,7,1.0
rftl_s_rec,2,0.3,2.0,8,1.0
rftl_s_rec,2,0.3,2.0,9,1.0
rftl_s_rec,2,0.3,2.0,10,1.0
rftl_s_rec,2,0.3,2.0,11,1.0
rftl_s_rec,2,0.3,2.0,12,1.0
rftl_s_rec,2,0.3,2.0,13,1.0
rftl_s_rec,2,0.3,2.0,14,1.0
rftl_s_rec,2,0.3,2.0,15,1.0
rftl_s_rec,2,0.3,2.0,16,1.0
rftl_s_rec,2,0.3,2.0,17,1.0
rftl_s_rec,2,0.3,2.0,18,1.0
rftl_s_rec,2,0.3,2.0,19,1.0
rftl_s_rec,2,0.3,2.0,20,1.0
rftl_s_rec,2,0.3,2.0,21,1.0
rftl_s_rec,2,0.3,2.0,22,1.0
rftl_s_rec,2,0.3,2.0,23,1.0
rftl_s_rec,2,0.3,2.0,24,1.0
rftl_s_rec,2,0.3,2.0,25,1.0
rftl_s_rec,2,0.3,2.0,26,1.0
rftl_s_rec,2,0.3,2.0,27,1.0
rftl_s_rec,2,0.3,2.0,28,1.0
rftl_s_rec,2,0.3,2.0,29,1.0
rftl_s_rec,2,0.3,2.0,30,1.0
rftl_s_rec,2,0.3,2.0,31,1.0
rftl_s_rec,2,0.3,2.0,32,1.0
rftl_s_rec,2,0.3,2.0,33,1.0
rftl_s_rec,2,0.3,2.0,34,1.0
rftl_s_rec,2,0.3,2.0,35,1.0
rftl_s_rec,2,0.3,2.0,36,1.0
rftl_s_rec,2,0.3,2.0,37,1.0
rftl_s_rec,2,0.3,2.0,38,1.0
rftl_s_rec,2,0.3,2.0,39,1.0
rftl_s_rec,2,0.3,2.0,40,1.0
rftl_s_rec,2,0.3,2.0,41,1.0
rftl_s_rec,2,0.3,2.0,42,1.0
rftl_s_rec,2,0.3,2.0,43,1.0
rftl_s_rec,2,0.3,2.0,44,1.0
rftl_s_rec,2,0.3,2.0,45,1.0
rftl_s_rec,2,0.3,2.0,46,1.0
rftl_s_rec,2,0.3,2.0,47,1.0
rftl_s_rec,2,0.3,2.0,48,1.0
rftl_s_rec,2,0.3,2.0,49,1.0
rftl_s,2,0.3,2.0,0,0.0389004489263048
rftl_s,2,0.3,2.0,1,0.05442970888533868
rftl_s,2,0.3,2.0,2,0.06064875762908596
rftl_s,2,0.3,2.0,3,0.057188441046892975
rftl_s,2,0.3,2.0,4,0.055900621427007184
rftl_s,2,0.3,2.0,5,0.04409049906357661
rftl_s,2,0.3,2.0,6,0.0655625603722605
rftl_s,2,0.3,2.0,7,0.07689948120826035
rftl_s,2,0.3,2.0,8,0.04647303354025026
rftl_s,2,0.3,2.0,9,0.07519470038470051
rftl_s,2,0.3,2.0,10,0.07344483097151011
rftl_s,2,0.3,2.0,11,0.07897145129004793
rftl_s,2,0.3,2.0,12,0.04473542096907914
rftl_s,2,0.3,2.0,13,0.0847843483435123
rftl_s,2,0.3,2.0,14,0.05364234924720234
rftl_s,2,0.3,2.0,15,0.07501827836489695
rftl_s,2,0.3,2.0,16,0.05825972059285136
rftl_s,2,0.3,2.0,17,0.09587240948123972
rftl_s,2,0.3,2.0,18,0.05175447159275129
rftl_s,2,0.3,2.0,19,0.10801550936618515
rftl_s,2,0.3,2.0,20,0.0801792975927657
rftl_s,2,0.3,2.0,21,0.08848250418120002
rftl_s,2,0.3,2.0,22,0.060897339221674555
rftl_s,2,0.3,2.0,23,0.054042238737257296
rftl_s,2,0.3,2.0,24,0.07954947802306923
rftl_s,2,0.3,2.0,25,0.06699740639565385
rftl_s,2,0.3,2.0,26,0.08783695464020289
rftl_s,2,0.3,2.0,27,0.07979669682671107
rftl_s,2,0.3,2.0,28,0.04370569221885033
rftl_s,2,0.3,2.0,29,0.06096801777057489
rftl_s,2,0.3,2.0,30,0.0728490665867536
rftl_s,2,0.3,2.0,31,0.06902247860229074
rftl_s,2,0.3,2.0,32,0.06089965397883087
rftl_s,2,0.3,2.0,33,0.08925018114275726
rftl_s,2,0.3,2.0,34,0.06687440198751925
rftl_s,2,0.3,2.0,35,0.0875081429901307
rftl_s,2,0.3,2.0,36,0.06891582576381378
rftl_s,2,0.3,2.0,37,0.04379175391731774
rftl_s,2,0.3,2.0,38,0.09940513172444057
rftl_s,2,0.3,2.0,39,0.06265313290501572
rftl_s,2,0.3,2.0,40,0.04969571496462926
rftl_s,2,0.3,2.0,41,0.049651493399685505
rftl_s,2,0.3,2.0,42,0.08186087897517527
rftl_s,2,0.3,2.0,43,0.0879206432981258
rftl_s,2,0.3,2.0,44,0.0643041871141209
rftl_s,2,0.3,2.0,45,0.045779188281714366
rftl_s,2,0.3,2.0,46,0.04896796020388456
rftl_s,2,0.3,2.0,47,0.08683111322265903
rftl_s,2,0.3,2.0,48,0.05827245861048618
rftl_s,2,0.3,2.0,49,0.059328679037892205
rftl_s_prec,2,0.3,3.0,0,1.0
rftl_s_prec,2,0.3,3.0,1,1.0
rftl_s_prec,2,0.3,3.0,2,1.0
rftl_s_prec,2,0.3,3.0,3,1.0
rftl_s_prec,2,0.3,3.0,4,1.0
rftl_s_prec,2,0.3,3.0,5,1.0
rftl_s_prec,2,0.3,3.0,6,1.0
rftl_s_prec,2,0.3,3.0,7,1.0
rftl_s_prec,2,0.3,3.0,8,1.0
rftl_s_prec,2,0.3,3.0,9,1.0
rftl_s_prec,2,0.3,3.0,10,1.0
rftl_s_prec,2,0.3,3.0,11,1.0
rftl_s_prec,2,0.3,3.0,12,1.0
rftl_s_prec,2,0.3,3.0,13,1.0
rftl_s_prec,2,0.3,3.0,14,1.0
rftl_s_prec,2,0.3,3.0,15,1.0
rftl_s_prec,2,0.3,3.0,16,1.0
rftl_s_prec,2,0.3,3.0,17,1.0
rftl_s_prec,2,0.3,3.0,18,1.0
rftl_s_prec,2,0.3,3.0,19,1.0
rftl_s_prec,2,0.3,3.0,20,1.0
rftl_s_prec,2,0.3,3.0,21,1.0
rftl_s_prec,2,0.3,3.0,22,1.0
rftl_s_prec,2,0.3,3.0,23,1.0
rftl_s_prec,2,0.3,3.0,24,1.0
rftl_s_prec,2,0.3,3.0,25,1.0
rftl_s_prec,2,0.3,3.0,26,1.0
rftl_s_prec,2,0.3,3.0,27,1.0
rftl_s_prec,2,0.3,3.0,28,1.0
rftl_s_prec,2,0.3,3.0,29,1.0
rftl_s_prec,2,0.3,3.0,30,1.0
rftl_s_prec,2,0.3,3.0,31,1.0
rftl_s_prec,2,0.3,3.0,32,1.0
rftl_s_prec,2,0.3,3.0,33,1.0
rftl_s_prec,2,0.3,3.0,34,1.0
rftl_s_prec,2,0.3,3.0,35,1.0
rftl_s_prec,2,0.3,3.0,36,1.0
rftl_s_prec,2,0.3,3.0,37,1.0
rftl_s_prec,2,0.3,3.0,38,1.0
rftl_s_prec,2,0.3,3.0,39,1.0
rftl_s_prec,2,0.3,3.0,40,1.0
rftl_s_prec,2,0.3,3.0,41,1.0
rftl_s_prec,2,0.3,3.0,42,1.0
rftl_s_prec,2,0.3,3.0,43,1.0
rftl_s_prec,2,0.3,3.0,44,1.0
rftl_s_prec,2,0.3,3.0,45,1.0
rftl_s_prec,2,0.3,3.0,46,1.0
rftl_s_prec,2,0.3,3.0,47,1.0
rftl_s_prec,2,0.3,3.0,48,1.0
rftl_s_prec,2,0.3,3.0,49,1.0
rftl_s_rec,2,0.3,3.0,0,1.0
rftl_s_rec,2,0.3,3.0,1,1.0
rftl_s_rec,2,0.3,3.0,2,1.0
rftl_s_rec,2,0.3,3.0,3,1.0
rftl_s_rec,2,0.3,3.0,4,1.0
rftl_s_rec,2,0.3,3.0,5,1.0
rftl_s_rec,2,0.3,3.0,6,1.0
rftl_s_rec,2,0.3,3.0,7,1.0
rftl_s_rec,2,0.3,3.0,8,1.0
rftl_s_rec,2,0.3,3.0,9,1.0
rftl_s_rec,2,0.3,3.0,10,1.0
rftl_s_rec,2,0.3,3.0,11,1.0
rftl_s_rec,2,0.3,3.0,12,1.0
rftl_s_rec,2,0.3,3.0,13,1.0
rftl_s_rec,2,0.3,3.0,14,1.0
rftl_s_rec,2,0.3,3.0,15,1.0
rftl_s_rec,2,0.3,3.0,16,1.0
rftl_s_rec,2,0.3,3.0,17,1.0
rftl_s_rec,2,0.3,3.0,18,1.0
rftl_s_rec,2,0.3,3.0,19,1.0
rftl_s_rec,2,0.3,3.0,20,1.0
rftl_s_rec,2,0.3,3.0,21,1.0
rftl_s_rec,2,0.3,3.0,22,1.0
rftl_s_rec,2,0.3,3.0,23,1.0
rftl_s_rec,2,0.3,3.0,24,1.0
rftl_s_rec,2,0.3,3.0,25,1.0
rftl_s_rec,2,0.3,3.0,26,1.0
rftl_s_rec,2,0.3,3.0,27,1.0
rftl_s_rec,2,0.3,3.0,28,1.0
rftl_s_rec,2,0.3,3.0,29,1.0
rftl_s_rec,2,0.3,3.0,30,1.0
rftl_s_rec,2,0.3,3.0,31,1.0
rftl_s_rec,2,0.3,3.0,32,1.0
rftl_s_rec,2,0.3,3.0,33,1.0
rftl_s_rec,2,0.3,3.0,34,1.0
rftl_s_rec,2,0.3,3.0,35,1.0
rftl_s_rec,2,0.3,3.0,36,1.0
rftl_s_rec,2,0.3,3.0,37,1.0
rftl_s_rec,2,0.3,3.0,38,0.8571428571428571
rftl_s_rec,2,0.3,3.0,39,1.0
rftl_s_rec,2,0.3,3.0,40,1.0
rftl_s_rec,2,0.3,3.0,41,1.0
rftl_s_rec,2,0.3,3.0,42,1.0
rftl_s_rec,2,0.3,3.0,43,1.0
rftl_s_rec,2,0.3,3.0,44,1.0
rftl_s_rec,2,0.3,3.0,45,1.0
rftl_s_rec,2,0.3,3.0,46,1.0
rftl_s_rec,2,0.3,3.0,47,1.0
rftl_s_rec,2,0.3,3.0,48,1.0
rftl_s_rec,2,0.3,3.0,49,0.7142857142857143
rftl_s,2,0.3,3.0,0,0.07588582346663034
rftl_s,2,0.3,3.0,1,0.06021564992050578
rftl_s,2,0.3,3.0,2,0.0894173903754489
rftl_s,2,0.3,3.0,3,0.0826801984227902
rftl_s,2,0.3,3.0,4,0.0723673032031026
rftl_s,2,0.3,3.0,5,0.05121130780631004
rftl_s,2,0.3,3.0,6,0.07664027446873503
rftl_s,2,0.3,3.0,7,0.04640625058581408
rftl_s,2,0.3,3.0,8,0.051018064404362504
rftl_s,2,0.3,3.0,9,0.0686875599925005
rftl_s,2,0.3,3.0,10,0.07064514602195857
rftl_s,2,0.3,3.0,11,0.07235445750036305
rftl_s,2,0.3,3.0,12,0.06099496818354698
rftl_s,2,0.3,3.0,13,0.0637410227976301
rftl_s,2,0.3,3.0,14,0.08819379281189257
rftl_s,2,0.3,3.0,15,0.05958252606347058
rftl_s,2,0.3,3.0,16,0.04936104962463485
rftl_s,2,0.3,3.0,17,0.06895194061686265
rftl_s,2,0.3,3.0,18,0.07499376418503635
rftl_s,2,0.3,3.0,19,0.05645001490871685
rftl_s,2,0.3,3.0,20,0.0954083031911888
rftl_s,2,0.3,3.0,21,0.08973626926118226
rftl_s,2,0.3,3.0,22,0.04249161261052119
rftl_s,2,0.3,3.0,23,0.07496831172913132
rftl_s,2,0.3,3.0,24,0.0693854367583152
rftl_s,2,0.3,3.0,25,0.04700386624535405
rftl_s,2,0.3,3.0,26,0.06097643755914437
rftl_s,2,0.3,3.0,27,0.07546981790129004
rftl_s,2,0.3,3.0,28,0.04451090076546274
rftl_s,2,0.3,3.0,29,0.06053208320626275
rftl_s,2,0.3,3.0,30,0.07261954208402131
rftl_s,2,0.3,3.0,31,0.05702368378581857
rftl_s,2,0.3,3.0,32,0.06666163683532396
rftl_s,2,0.3,3.0,33,0.059090488068543924
rftl_s,2,0.3,3.0,34,0.04453683395898389
rftl_s,2,0.3,3.0,35,0.07495745010070752
rftl_s,2,0.3,3.0,36,0.06910396019820662
rftl_s,2,0.3,3.0,37,0.0593561209180256
rftl_s,2,0.3,3.0,38,0.057104415869171365
rftl_s,2,0.3,3.0,39,0.06683637143777607
rftl_s,2,0.3,3.0,40,0.08161709813872625
rftl_s,2,0.3,3.0,41,0.05575836595888309
rftl_s,2,0.3,3.0,42,0.07044026538831868
rftl_s,2,0.3,3.0,43,0.06078013029641285
rftl_s,2,0.3,3.0,44,0.07728424150864009
rftl_s,2,0.3,3.0,45,0.06395333356732666
rftl_s,2,0.3,3.0,46,0.0754849162183762
rftl_s,2,0.3,3.0,47,0.095423231339425
rftl_s,2,0.3,3.0,48,0.08414968820732617
rftl_s,2,0.3,3.0,49,0.03738701467402391
baseline,3,0.05,,0,0.08749304075591108
baseline,3,0.05,,1,0.04380226656729509
baseline,3,0.05,,2,0.06729646688179769
baseline,3,0.05,,3,0.06964354450626634
baseline,3,0.05,,4,0.05930614571761796
baseline,3,0.05,,5,0.050636560464297806
baseline,3,0.05,,6,0.06571604934817449
baseline,3,0.05,,7,0.053163147440191565
baseline,3,0.05,,8,0.0692032672188544
baseline,3,0.05,,9,0.06946136635642167
baseline,3,0.05,,10,0.06456610413898617
baseline,3,0.05,,11,0.05247010603077842
baseline,3,0.05,,12,0.05775834476367409
baseline,3,0.05,,13,0.04844757250820205
baseline,3,0.05,,14,0.04676999892780764
baseline,3,0.05,,15,0.04727143421268436
baseline,3,0.05,,16,0.06101452608804499
baseline,3,0.05,,17,0.07648882373231061
baseline,3,0.05,,18,0.04222760207417393
baseline,3,0.05,,19,0.061595499227611865
baseline,3,0.05,,20,0.09472153722977864
baseline,3,0.05,,21,0.058942048933640745
baseline,3,0.05,,22,0.044148652684677055
baseline,3,0.05,,23,0.05665458275619414
baseline,3,0.05,,24,0.055731775849770786
baseline,3,0.05,,25,0.06701111233030904
baseline,3,0.05,,26,0.07040616416451681
baseline,3,0.05,,27,0.08027617258159209
baseline,3,0.05,,28,0.0898125102574965
baseline,3,0.05,,29,0.06705531183500753
baseline,3,0.05,,30,0.0762222978179526
baseline,3,0.05,,31,0.059210229215992255
baseline,3,0.05,,32,0.06297925681279899
baseline,3,0.05,,33,0.0759242277665738
baseline,3,0.05,,34,0.06179918345843313
baseline,3,0.05,,35,0.070916673201104
baseline,3,0.05,,36,0.07544372291275736
baseline,3,0.05,,37,0.04821139096306553
baseline,3,0.05,,38,0.036849352646899765
baseline,3,0.05,,39,0.043946315791529154
baseline,3,0.05,,40,0.045476454531245804
baseline,3,0.05,,41,0.07183024129548625
baseline,3,0.05,,42,0.0755222023503826
baseline,3,0.05,,43,0.053587056768748136
baseline,3,0.05,,44,0.05380762135760422
baseline,3,0.05,,45,0.09243325390227894
baseline,3,0.05,,46,0.07206213107796927
baseline,3,0.05,,47,0.07244120484258378
baseline,3,0.05,,48,0.05337645127328874
baseline,3,0.05,,49,0.07269002200076749
rftl_s_prec,3,0.05,1.0,0,0.13333333333333333
rftl_s_prec,3,0.05,1.0,1,0.13333333333333333
rftl_s_prec,3,0.05,1.0,2,0.13333333333333333
rftl_s_prec,3,0.05,1.0,3,0.13333333333333333
rftl_s_prec,3,0.05,1.0,4,0.13333333333333333
rftl_s_prec,3,0.05,1.0,5,0.13333333333333333
rftl_s_prec,3,0.05,1.0,6,0.13333333333333333
rftl_s_prec,3,0.05,1.0,7,0.13333333333333333
rftl_s_prec,3,0.05,1.0,8,0.13333333333333333
rftl_s_prec,3,0.05,1.0,9,0.13333333333333333
rftl_s_prec,3,0.05,1.0,10,0.13333333333333333
rftl_s_prec,3,0.05,1.0,11,0.13333333333333333
rftl_s_prec,3,0.05,1.0,12,0.13333333333333333
rftl_s_prec,3,0.05,1.0,13,0.13333333333333333
rftl_s_prec,3,0.05,1.0,14,0.13333333333333333
rftl_s_prec,3,0.05,1.0,15,0.13333333333333333
rftl_s_prec,3,0.05,1.0,16,0.13333333333333333
rftl_s_prec,3,0.05,1.0,17,0.13333333333333333
rftl_s_prec,3,0.05,1.0,18,0.13333333333333333
rftl_s_prec,3,0.05,1.0,19,0.13333333333333333
rftl_s_prec,3,0.05,1.0,20,0.13333333333333333
rftl_s_prec,3,0.05,1.0,21,0.13333333333333333
rftl_s_prec,3,0.05,1.0,22,0.13333333333333333
rftl_s_prec,3,0.05,1.0,23,0.13333333333333333
rftl_s_prec,3,0.05,1.0,24,0.13333333333333333
rftl_s_prec,3,0.05,1.0,25,0.13333333333333333
rftl_s_prec,3,0.05,1.0,26,0.13333333333333333
rftl_s_prec,3,0.05,1.0,27,0.13333333333333333
rftl_s_prec,3,0.05,1.0,28,0.13333333333333333
rftl_s_prec,3,0.05,1.0,29,0.13333333333333333
rftl_s_prec,3,0.05,1.0,30,0.13333333333333333
rftl_s_prec,3,0.05,1.0,31,0.13333333333333333
rftl_s_prec,3,0.05,1.0,32,0.13333333333333333
rftl_s_prec,3,0.05,1.0,33,0.13333333333333333
rftl_s_prec,3,0.05,1.0,34,0.13333333333333333
rftl_s_prec,3,0.05,1.0,35,0.13333333333333333
rftl_s_prec,3,0.05,1.0,36,0.13333333333333333
rftl_s_prec,3,0.05,1.0,37,0.13333333333333333
rftl_s_prec,3,0.05,1.0,38,0.13333333333333333
rftl_s_prec,3,0.05,1.0,39,0.13333333333333333
rftl_s_prec,3,0.05,1.0,40,0.13333333333333333
rftl_s_prec,3,0.05,1.0,41,0.13333333333333333
rftl_s_prec,3,0.05,1.0,42,0.13333333333333333
rftl_s_prec,3,0.05,1.0,43,0.13333333333333333
rftl_s_prec,3,0.05,1.0,44,0.13333333333333333
rftl_s_prec,3,0.05,1.0,45,0.13333333333333333
rftl_s_prec,3,0.05,1.0,46,0.13333333333333333
rftl_s_prec,3,0.05,1.0,47,0.13333333333333333
rftl_s_prec,3,0.05,1.0,48,0.13333333333333333
rftl_s_prec,3,0.05,1.0,49,0.13333333333333333
rftl_s_rec,3,0.05,1.0,0,1.0
rftl_s_rec,3,0.05,1.0,1,1.0
rftl_s_rec,3,0.05,1.0,2,1.0
rftl_s_rec,3,0.05,1.0,3,1.0
rftl_s_rec,3,0.05,1.0,4,1.0
rftl_s_rec,3,0.05,1.0,5,1.0
rftl_s_rec,3,0.05,1.0,6,1.0
rftl_s_rec,3,0.05,1.0,7,1.0
rftl_s_rec,3,0.05,1.0,8,1.0
rftl_s_rec,3,0.05,1.0,9,1.0
rftl_s_rec,3,0.05,1.0,10,1.0
rftl_s_rec,3,0.05,1.0,11,1.0
rftl_s_rec,3,0.05,1.0,12,1.0
rftl_s_rec,3,0.05,1.0,13,1.0
rftl_s_rec,3,0.05,1.0,14,1.0
rftl_s_rec,3,0.05,1.0,15,1.0
rftl_s_rec,3,0.05,1.0,16,1.0
rftl_s_rec,3,0.05,1.0,17,1.0
rftl_s_rec,3,0.05,1.0,18,1.0
rftl_s_rec,3,0.05,1.0,19,1.0
rftl_s_rec,3,0.05,1.0,20,1.0
rftl_s_rec,3,0.05,1.0,21,1.0
rftl_s_rec,3,0.05,1.0,22,1.0
rftl_s_rec,3,0.05,1.0,23,1.0
rftl_s_rec,3,0.05,1.0,24,1.0
rftl_s_rec,3,0.05,1.0,25,1.0
rftl_s_rec,3,0.05,1.0,26,1.0
rftl_s_rec,3,0.05,1.0,27,1.0
rftl_s_rec,3,0.05,1.0,28,1.0
rftl_s_rec,3,0.05,1.0,29,1.0
rftl_s_rec,3,0.05,1.0,30,1.0
rftl_s_rec,3,0.05,1.0,31,1.0
rftl_s_rec,3,0.05,1.0,32,1.0
rftl_s_rec,3,0.05,1.0,33,1.0
rftl_s_rec,3,0.05,1.0,34,1.0
rftl_s_rec,3,0.05,1.0,35,1.0
rftl_s_rec,3,0.05,1.0,36,1.0
rftl_s_rec,3,0.05,1.0,37,1.0
rftl_s_rec,3,0.05,1.0,38,1.0
rftl_s_rec,3,0.05,1.0,39,1.0
rftl_s_rec,3,0.05,1.0,40,1.0
rftl_s_rec,3,0.05,1.0,41,1.0
rftl_s_rec,3,0.05,1.0,42,1.0
rftl_s_rec,3,0.05,1.0,43,1.0
rftl_s_rec,3,0.05,1.0,44,1.0
rftl_s_rec,3,0.05,1.0,45,1.0
rftl_s_rec,3,0.05,1.0,46,1.0
rftl_s_rec,3,0.05,1.0,47,1.0
rftl_s_rec,3,0.05,1.0,48,1.0
rftl_s_rec,3,0.05,1.0,49,1.0
rftl_s,3,0.05,1.0,0,0.06558449093550167
rftl_s,3,0.05,1.0,1,0.07212416518075224
rftl_s,3,0.05,1.0,2,0.04781234233689611
rftl_s,3,0.05,1.0,3,0.053465456139895
rftl_s,3,0.05,1.0,4,0.07887687936623897
rftl_s,3,0.05,1.0,5,0.05270705870659572
rftl_s,3,0.05,1.0,6,0.040736058580885214
rftl_s,3,0.05,1.0,7,0.06032821044692915
rftl_s,3,0.05,1.0,8,0.047670931448164824
rftl_s,3,0.05,1.0,9,0.07773283887795528
rftl_s,3,0.05,1.0,10,0.0618326043513622
rftl_s,3,0.05,1.0,11,0.08408272813025007
rftl_s,3,0.05,1.0,12,0.03748083863769601
rftl_s,3,0.05,1.0,13,0.08249159510298516
rftl_s,3,0.05,1.0,14,0.07868504646423781
rftl_s,3,0.05,1.0,15,0.05721412616563195
rftl_s,3,0.05,1.0,16,0.07063881343183127
rftl_s,3,0.05,1.0,17,0.05779231308487717
rftl_s,3,0.05,1.0,18,0.08952920979555952
rftl_s,3,0.05,1.0,19,0.06933808047923319
rftl_s,3,0.05,1.0,20,0.07316895008714216
rftl_s,3,0.05,1.0,21,0.06829183662610384
rftl_s,3,0.05,1.0,22,0.05972847586892675
rftl_s,3,0.05,1.0,23,0.05942022422965713
rftl_s,3,0.05,1.0,24,0.040416759216404
rftl_s,3,0.05,1.0,25,0.07497871661829193
rftl_s,3,0.05,1.0,26,0.06872298613017556
rftl_s,3,0.05,1.0,27,0.06862398665558551
rftl_s,3,0.05,1.0,28,0.058422267442911124
rftl_s,3,0.05,1.0,29,0.05340565754991901
rftl_s,3,0.05,1.0,30,0.09140390813105145
rftl_s,3,0.05,1.0,31,0.044284913680901136
rftl_s,3,0.05,1.0,32,0.057476178246350075
rftl_s,3,0.05,1.0,33,0.08805721112083546
rftl_s,3,0.05,1.0,34,0.045162595219182845
rftl_s,3,0.05,1.0,35,0.062377198098291314
rftl_s,3,0.05,1.0,36,0.06328548114639106
rftl_s,3,0.05,1.0,37,0.05776345882176899
rftl_s,3,0.05,1.0,38,0.06498381500923459
rftl_s,3,0.05,1.0,39,0.06524403438916934
rftl_s,3,0.05,1.0,40,0.09012093576456076
rftl_s,3,0.05,1.0,41,0.06877343433607183
rftl_s,3,0.05,1.0,42,0.0879744297663079
rftl_s,3,0.05,1.0,43,0.06710586625844302
rftl_s,3,0.05,1.0,44,0.07262597731594478
rftl_s,3,0.05,1.0,45,0.08734544547412985
rftl_s,3,0.05,1.0,46,0.047839336086096786
rftl_s,3,0.05,1.0,47,0.05228302258412998
rftl_s,3,0.05,1.0,48,0.05503595562821116
rftl_s,3,0.05,1.0,49,0.06257409074539057
rftl_s_prec,3,0.05,1.345,0,0.1935483870967742
rftl_s_prec,3,0.05,1.345,1,0.15789473684210525
rftl_s_prec,3,0.05,1.345,2,0.16216216216216217
rftl_s_prec,3,0.05,1.345,3,0.17142857142857143
rftl_s_prec,3,0.05,1.345,4,0.2857142857142857
rftl_s_prec,3,0.05,1.345,5,0.1875
rftl_s_prec,3,0.05,1.345,6,0.2857142857142857
rftl_s_prec,3,0.05,1.345,7,0.24
rftl_s_prec,3,0.05,1.345,8,0.2222222222222222
rftl_s_prec,3,0.05,1.345,9,0.16666666666666666
rftl_s_prec,3,0.05,1.345,10,0.1875
rftl_s_prec,3,0.05,1.345,11,0.16666666666666666
rftl_s_prec,3,0.05,1.345,12,0.23076923076923078
rftl_s_prec,3,0.05,1.345,13,0.16666666666666666
rftl_s_prec,3,0.05,1.345,14,0.2
rftl_s_prec,3,0.05,1.345,15,0.2222222222222222
rftl_s_prec,3,0.05,1.345,16,0.25
rftl_s_prec,3,0.05,1.345,17,0.1875
rftl_s_prec,3,0.05,1.345,18,0.2857142857142857
rftl_s_prec,3,0.05,1.345,19,0.1935483870967742
rftl_s_prec,3,0.05,1.345,20,0.17142857142857143
rftl_s_prec,3,0.05,1.345,21,0.21428571428571427
rftl_s_prec,3,0.05,1.345,22,0.16666666666666666
rftl_s_prec,3,0.05,1.345,23,0.17142857142857143
rftl_s_prec,3,0.05,1.345,24,0.16216216216216217
rftl_s_prec,3,0.05,1.345,25,0.17142857142857143
rftl_s_prec,3,0.05,1.345,26,0.18181818181818182
rftl_s_prec,3,0.05,1.345,27,0.16666666666666666
rftl_s_prec,3,0.05,1.345,28,0.16666666666666666
rftl_s_prec,3,0.05,1.345,29,0.16216216216216217
rftl_s_prec,3,0.05,1.345,30,0.16666666666666666
rftl_s_prec,3,0.05,1.345,31,0.2
rftl_s_prec,3,0.05,1.345,32,0.15384615384615385
rftl_s_prec,3,0.05,1.345,33,0.21428571428571427
rftl_s_prec,3,0.05,1.345,34,0.20689655172413793
rftl_s_prec,3,0.05,1.345,35,0.16216216216216217
rftl_s_prec,3,0.05,1.345,36,0.1875
rftl_s_prec,3,0.05,1.345,37,0.2608695652173913
rftl_s_prec,3,0.05,1.345,38,0.3157894736842105
rftl_s_prec,3,0.05,1.345,39,0.2727272727272727
rftl_s_prec,3,0.05,1.345,40,0.23076923076923078
rftl_s_prec,3,0.05,1.345,41,0.23076923076923078
rftl_s_prec,3,0.05,1.345,42,0.2
rftl_s_prec,3,0.05,1.345,43,0.17647058823529413
rftl_s_prec,3,0.05,1.345,44,0.25
rftl_s_prec,3,0.05,1.345,45,0.1875
rftl_s_prec,3,0.05,1.345,46,0.24
rftl_s_prec,3,0.05,1.345,47,0.15789473684210525
rftl_s_prec,3,0.05,1.345,48,0.2
rftl_s_prec,3,0.05,1.345,49,0.2608695652173913
rftl_s_rec,3,0.05,1.345,0,1.0
rftl_s_rec,3,0.05,1.345,1,1.0
rftl_s_rec,3,0.05,1.345,2,1.0
rftl_s_rec,3,0.05,1.345,3,1.0
rftl_s_rec,3,0.05,1.345,4,1.0
rftl_s_rec,3,0.05,1.345,5,1.0
rftl_s_rec,3,0.05,1.345,6,1.0
rftl_s_rec,3,0.05,1.345,7,1.0
rftl_s_rec,3,0.05,1.345,8,1.0
rftl_s_rec,3,0.05,1.345,9,1.0
rftl_s_rec,3,0.05,1.345,10,1.0
rftl_s_rec,3,0.05,1.345,11,1.0
rftl_s_rec,3,0.05,1.345,12,1.0
rftl_s_rec,3,0.05,1.345,13,1.0
rftl_s_rec,3,0.05,1.345,14,1.0
rftl_s_rec,3,0.05,1.345,15,1.0
rftl_s_rec,3,0.05,1.345,16,1.0
rftl_s_rec,3,0.05,1.345,17,1.0
rftl_s_rec,3,0.05,1.345,18,1.0
rftl_s_rec,3,0.05,1.345,19,1.0
rftl_s_rec,3,0.05,1.345,20,1.0
rftl_s_rec,3,0.05,1.345,21,1.0
rftl_s_rec,3,0.05,1.345,22,1.0
rftl_s_rec,3,0.05,1.345,23,1.0
rftl_s_rec,3,0.05,1.345,24,1.0
rftl_s_rec,3,0.05,1.345,25,1.0
rftl_s_rec,3,0.05,1.345,26,1.0
rftl_s_rec,3,0.05,1.345,27,1.0
rftl_s_rec,3,0.05,1.345,28,1.0
rftl_s_rec,3,0.05,1.345,29,1.0
rftl_s_rec,3,0.05,1.345,30,1.0
rftl_s_rec,3,0.05,1.345,31,1.0
rftl_s_rec,3,0.05,1.345,32,1.0
rftl_s_rec,3,0.05,1.345,33,1.0
rftl_s_rec,3,0.05,1.345,34,1.0
rftl_s_rec,3,0.05,1.345,35,1.0
rftl_s_rec,3,0.05,1.345,36,1.0
rftl_s_rec,3,0.05,1.345,37,1.0
rftl_s_rec,3,0.05,1.345,38,1.0
rftl_s_rec,3,0.05,1.345,39,1.0
rftl_s_rec,3,0.05,1.345,40,1.0
rftl_s_rec,3,0.05,1.345,41,1.0
rftl_s_rec,3,0.05,1.345,42,1.0
rftl_s_rec,3,0.05,1.345,43,1.0
rftl_s_rec,3,0.05,1.345,44,1.0
rftl_s_rec,3,0.05,1.345,45,1.0
rftl_s_rec,3,0.05,1.345,46,1.0
rftl_s_rec,3,0.05,1.345,47,1.0
rftl_s_rec,3,0.05,1.345,48,1.0
rftl_s_rec,3,0.05,1.345,49,1.0
rftl_s,3,0.05,1.345,0,0.04654865895798768
rftl_s,3,0.05,1.345,1,0.07784006123177163
rftl_s,3,0.05,1.345,2,0.062456663336172724
rftl_s,3,0.05,1.345,3,0.043511188184005636
rftl_s,3,0.05,1.345,4,0.0689361975738319
rftl_s,3,0.05,1.345,5,0.08337276951155466
rftl_s,3,0.05,1.345,6,0.06007608435921466
rftl_s,3,0.05,1.345,7,0.08735426672401096
rftl_s,3,0.05,1.345,8,0.04846736371129537
rftl_s,3,0.05,1.345,9,0.06720737582960243
rftl_s,3,0.05,1.345,10,0.08528930919353167
rftl_s,3,0.05,1.345,11,0.0481994486093886
rftl_s,3,0.05,1.345,12,0.07205950768739312
rftl_s,3,0.05,1.345,13,0.05482210086877583
rftl_s,3,0.05,1.345,14,0.0575648149780235
rftl_s,3,0.05,1.345,15,0.0790137740993678
rftl_s,3,0.05,1.345,16,0.05361627098752895
rftl_s,3,0.05,1.345,17,0.056085810425864475
rftl_s,3,0.05,1.345,18,0.08501180484657625
rftl_s,3,0.05,1.345,19,0.06191305566497552
rftl_s,3,0.05,1.345,20,0.05314977339531436
rftl_s,3,0.05,1.345,21,0.07106532328119904
rftl_s,3,0.05,1.345,22,0.0665987601098871
rftl_s,3,0.05,1.345,23,0.06940061186839365
rftl_s,3,0.05,1.345,24,0.053316167333055296
rftl_s,3,0.05,1.345,25,0.05371480622966658
rftl_s,3,0.05,1.345,26,0.07670874641625902
rftl_s,3,0.05,1.345,27,0.07736351877028219
rftl_s,3,0.05,1.345,28,0.09192070375525538
rftl_s,3,0.05,1.345,29,0.04784018441393733
rftl_s,3,0.05,1.345,30,0.07527799093023362
rftl_s,3,0.05,1.345,31,0.05507184872106623
rftl_s,3,0.05,1.345,32,0.07616190327598066
rftl_s,3,0.05,1.345,33,0.07929797503145365
rftl_s,3,0.05,1.345,34,0.04383128684245541
rftl_s,3,0.05,1.345,35,0.058326015797381746
rftl_s,3,0.05,1.345,36,0.07179115060366695
rftl_s,3,0.05,1.345,37,0.06450080245727478
rftl_s,3,0.05,1.345,38,0.06742621202891472
rftl_s,3,0.05,1.345,39,0.09529524950117638
rftl_s,3,0.05,1.345,40,0.06404437600969547
rftl_s,3,0.05,1.345,41,0.05494193468155817
rftl_s,3,0.05,1.345,42,0.049858122244535466
rftl_s,3,0.05,1.345,43,0.0587562464910732
rftl_s,3,0.05,1.345,44,0.054893724337450676
rftl_s,3,0.05,1.345,45,0.059021864337835656
rftl_s,3,0.05,1.345,46,0.06031359527865673
rftl_s,3,0.05,1.345,47,0.09077483020640115
rftl_s,3,0.05,1.345,48,0.07005480073121154
rftl_s,3,0.05,1.345,49,0.09412962121560137
rftl_s_prec,3,0.05,2.0,0,0.5454545454545454
rftl_s_prec,3,0.05,2.0,1,0.2
rftl_s_prec,3,0.05,2.0,2,0.24
rftl_s_prec,3,0.05,2.0,3,0.8571428571428571
rftl_s_prec,3,0.05,2.0,4,1.0
rftl_s_prec,3,0.05,2.0,5,0.6666666666666666
rftl_s_prec,3,0.05,2.0,6,1.0
rftl_s_prec,3,0.05,2.0,7,0.8571428571428571
rftl_s_prec,3,0.05,2.0,8,0.75
rftl_s_prec,3,0.05,2.0,9,0.5
rftl_s_prec,3,0.05,2.0,10,0.75
rftl_s_prec,3,0.05,2.0,11,0.46153846153846156
rftl_s_prec,3,0.05,2.0,12,0.6666666666666666
rftl_s_prec,3,0.05,2.0,13,0.5
rftl_s_prec,3,0.05,2.0,14,0.6666666666666666
rftl_s_prec,3,0.05,2.0,15,0.75
rftl_s_prec,3,0.05,2.0,16,0.75
rftl_s_prec,3,0.05,2.0,17,0.6
rftl_s_prec,3,0.05,2.0,18,1.0
rftl_s_prec,3,0.05,2.0,19,0.6
rftl_s_prec,3,0.05,2.0,20,0.42857142857142855
rftl_s_prec,3,0.05,2.0,21,0.75
rftl_s_prec,3,0.05,2.0,22,0.42857142857142855
rftl_s_prec,3,0.05,2.0,23,0.4
rftl_s_prec,3,0.05,2.0,24,0.35294117647058826
rftl_s_prec,3,0.05,2.0,25,0.35294117647058826
rftl_s_prec,3,0.05,2.0,26,0.5
rftl_s_prec,3,0.05,2.0,27,0.6
rftl_s_prec,3,0.05,2.0,28,0.75
rftl_s_prec,3,0.05,2.0,29,0.2857142857142857
rftl_s_prec,3,0.05,2.0,30,0.6666666666666666
rftl_s_prec,3,0.05,2.0,31,0.5
rftl_s_prec,3,0.05,2.0,32,0.2857142857142857
rftl_s_prec,3,0.05,2.0,33,0.6666666666666666
rftl_s_prec,3,0.05,2.0,34,0.6666666666666666
rftl_s_prec,3,0.05,2.0,35,0.3333333333333333
rftl_s_prec,3,0.05,2.0,36,0.6666666666666666
rftl_s_prec,3,0.05,2.0,37,1.0
rftl_s_prec,3,0.05,2.0,38,1.0
rftl_s_prec,3,0.05,2.0,39,1.0
rftl_s_prec,3,0.05,2.0,40,0.5454545454545454
rftl_s_prec,3,0.05,2.0,41,0.8571428571428571
rftl_s_prec,3,0.05,2.0,42,0.6
rftl_s_prec,3,0.05,2.0,43,0.6
rftl_s_prec,3,0.05,2.0,44,0.8571428571428571
rftl_s_prec,3,0.05,2.0,45,1.0
rftl_s_prec,3,0.05,2.0,46,0.6666666666666666
rftl_s_prec,3,0.05,2.0,47,0.3
rftl_s_prec,3,0.05,2.0,48,0.75
rftl_s_prec,3,0.05,2.0,49,0.8571428571428571
rftl_s_rec,3,0.05,2.0,0,1.0
rftl_s_rec,3,0.05,2.0,1,1.0
rftl_s_rec,3,0.05,2.0,2,1.0
rftl_s_rec,3,0.05,2.0,3,1.0
rftl_s_rec,3,0.05,2.0,4,1.0
rftl_s_rec,3,0.05,2.0,5,1.0
rftl_s_rec,3,0.05,2.0,6,1.0
rftl_s_rec,3,0.05,2.0,7,1.0
rftl_s_rec,3,0.05,2.0,8,1.0
rftl_s_rec,3,0.05,2.0,9,1.0
rftl_s_rec,3,0.05,2.0,10,1.0
rftl_s_rec,3,0.05,2.0,11,1.0
rftl_s_rec,3,0.05,2.0,12,1.0
rftl_s_rec,3,0.05,2.0,13,1.0
rftl_s_rec,3,0.05,2.0,14,1.0
rftl_s_rec,3,0.05,2.0,15,1.0
rftl_s_rec,3,0.05,2.0,16,1.0
rftl_s_rec,3,0.05,2.0,17,1.0
rftl_s_rec,3,0.05,2.0,18,1.0
rftl_s_rec,3,0.05,2.0,19,1.0
rftl_s_rec,3,0.05,2.0,20,1.0
rftl_s_rec,3,0.05,2.0,21,1.0
rftl_s_rec,3,0.05,2.0,22,1.0
rftl_s_rec,3,0.05,2.0,23,1.0
rftl_s_rec,3,0.05,2.0,24,1.0
rftl_s_rec,3,0.05,2.0,25,1.0
rftl_s_rec,3,0.05,2.0,26,1.0
rftl_s_rec,3,0.05,2.0,27,1.0
rftl_s_rec,3,0.05,2.0,28,1.0
rftl_s_rec,3,0.05,2.0,29,1.0
rftl_s_rec,3,0.05,2.0,30,1.0
rftl_s_rec,3,0.05,2.0,31,1.0
rftl_s_rec,3,0.05,2.0,32,1.0
rftl_s_rec,3,0.05,2.0,33,1.0
rftl_s_rec,3,0.05,2.0,34,1.0
rftl_s_rec,3,0.05,2.0,35,1.0
rftl_s_rec,3,0.05,2.0,36,1.0
rftl_s_rec,3,0.05,2.0,37,1.0
rftl_s_rec,3,0.05,2.0,38,1.0
rftl_s_rec,3,0.05,2.0,39,1.0
rftl_s_rec,3,0.05,2.0,40,1.0
rftl_s_rec,3,0.05,2.0,41,1.0
rftl_s_rec,3,0.05,2.0,42,1.0
rftl_s_rec,3,0.05,2.0,43,1.0
rftl_s_rec,3,0.05,2.0,44,1.0
rftl_s_rec,3,0.05,2.0,45,1.0
rftl_s_rec,3,0.05,2.0,46,1.0
rftl_s_rec,3,0.05,2.0,47,1.0
rftl_s_rec,3,0.05,2.0,48,1.0
rftl_s_rec,3,0.05,2.0,49,1.0
rftl_s,3,0.05,2.0,0,0.038907690913434226
rftl_s,3,0.05,2.0,1,0.0583453864438272
rftl_s,3,0.05,2.0,2,0.04791308625718987
rftl_s,3,0.05,2.0,3,0.05982143306200568
rftl_s,3,0.05,2.0,4,0.06130758682271897
rftl_s,3,0.05,2.0,5,0.0750423291556874
rftl_s,3,0.05,2.0,6,0.06418703654547107
rftl_s,3,0.05,2.0,7,0.06983921402753836
rftl_s,3,0.05,2.0,8,0.06400409838727289
rftl_s,3,0.05,2.0,9,0.06959996422115096
rftl_s,3,0.05,2.0,10,0.10111091239901548
rftl_s,3,0.05,2.0,11,0.0639842217648994
rftl_s,3,0.05,2.0,12,0.040559560313063445
rftl_s,3,0.05,2.0,13,0.07411809218021383
rftl_s,3,0.05,2.0,14,0.05867854258895268
rftl_s,3,0.05,2.0,15,0.07297792487805334
rftl_s,3,0.05,2.0,16,0.05336845993069044
rftl_s,3,0.05,2.0,17,0.07133461646449012
rftl_s,3,0.05,2.0,18,0.07658016045449331
rftl_s,3,0.05,2.0,19,0.04749306123061951
rftl_s,3,0.05,2.0,20,0.07585756414838091
rftl_s,3,0.05,2.0,21,0.07217015807977738
rftl_s,3,0.05,2.0,22,0.05441779416578163
rftl_s,3,0.05,2.0,23,0.05997923830756692
rftl_s,3,0.05,2.0,24,0.0726470798935281
rftl_s,3,0.05,2.0,25,0.07042519403058924
rftl_s,3,0.05,2.0,26,0.04167215363434941
rftl_s,3,0.05,2.0,27,0.0629657211264661
rftl_s,3,0.05,2.0,28,0.07866026949010681
rftl_s,3,0.05,2.0,29,0.059697887427146754
rftl_s,3,0.05,2.0,30,0.1005851910954417
rftl_s,3,0.05,2.0,31,0.053040889396316356
rftl_s,3,0.05,2.0,32,0.056433971603985035
rftl_s,3,0.05,2.0,33,0.08019247138161846
rftl_s,3,0.05,2.0,34,0.0472542556811992
rftl_s,3,0.05,2.0,35,0.076690038452348
rftl_s,3,0.05,2.0,36,0.07447257446627584
rftl_s,3,0.05,2.0,37,0.060774717906564295
rftl_s,3,0.05,2.0,38,0.06514432571119529
rftl_s,3,0.05,2.0,39,0.06089901302451287
rftl_s,3,0.05,2.0,40,0.08007846702470336
rftl_s,3,0.05,2.0,41,0.1060794019332372
rftl_s,3,0.05,2.0,42,0.07238240159229906
rftl_s,3,0.05,2.0,43,0.04801579605814494
rftl_s,3,0.05,2.0,44,0.05441796438351944
rftl_s,3,0.05,2.0,45,0.06605383965527392
rftl_s,3,0.05,2.0,46,0.050969560821732644
rftl_s,3,0.05,2.0,47,0.04522271351854807
rftl_s,3,0.05,2.0,48,0.08028924103389944
rftl_s,3,0.05,2.0,49,0.07065234051384194
rftl_s_prec,3,0.05,3.0,0,1.0
rftl_s_prec,3,0.05,3.0,1,0.6666666666666666
rftl_s_prec,3,0.05,3.0,2,1.0
rftl_s_prec,3,0.05,3.0,3,1.0
rftl_s_prec,3,0.05,3.0,4,1.0
rftl_s_prec,3,0.05,3.0,5,1.0
rftl_s_prec,3,0.05,3.0,6,1.0
rftl_s_prec,3,0.05,3.0,7,1.0
rftl_s_prec,3,0.05,3.0,8,1.0
rftl_s_prec,3,0.05,3.0,9,1.0
rftl_s_prec,3,0.05,3.0,10,1.0
rftl_s_prec,3,0.05,3.0,11,1.0
rftl_s_prec,3,0.05,3.0,12,1.0
rftl_s_prec,3,0.05,3.0,13,1.0
rftl_s_prec,3,0.05,3.0,14,1.0
rftl_s_prec,3,0.05,3.0,15,1.0
rftl_s_prec,3,0.05,3.0,16,1.0
rftl_s_prec,3,0.05,3.0,17,1.0
rftl_s_prec,3,0.05,3.0,18,1.0
rftl_s_prec,3,0.05,3.0,19,1.0
rftl_s_prec,3,0.05,3.0,20,1.0
rftl_s_prec,3,0.05,3.0,21,1.0
rftl_s_prec,3,0.05,3.0,22,1.0
rftl_s_prec,3,0.05,3.0,23,0.8571428571428571
rftl_s_prec,3,0.05,3.0,24,1.0
rftl_s_prec,3,0.05,3.0,25,1.0
rftl_s_prec,3,0.05,3.0,26,1.0
rftl_s_prec,3,0.05,3.0,27,1.0
rftl_s_prec,3,0.05,3.0,28,1.0
rftl_s_prec,3,0.05,3.0,29,1.0
rftl_s_prec,3,0.05,3.0,30,1.0
rftl_s_prec,3,0.05,3.0,31,1.0
rftl_s_prec,3,0.05,3.0,32,1.0
rftl_s_prec,3,0.05,3.0,33,1.0
rftl_s_prec,3,0.05,3.0,34,1.0
rftl_s_prec,3,0.05,3.0,35,0.8571428571428571
rftl_s_prec,3,0.05,3.0,36,1.0
rftl_s_prec,3,0.05,3.0,37,1.0
rftl_s_prec,3,0.05,3.0,38,1.0
rftl_s_prec,3,0.05,3.0,39,1.0
rftl_s_prec,3,0.05,3.0,40,0.8571428571428571
rftl_s_prec,3,0.05,3.0,41,1.0
rftl_s_prec,3,0.05,3.0,42,1.0
rftl_s_prec,3,0.05,3.0,43,1.0
rftl_s_prec,3,0.05,3.0,44,1.0
rftl_s_prec,3,0.05,3.0,45,1.0
rftl_s_prec,3,0.05,3.0,46,1.0
rftl_s_prec,3,0.05,3.0,47,1.0
rftl_s_prec,3,0.05,3.0,48,0.8571428571428571
rftl_s_prec,3,0.05,3.0,49,1.0
rftl_s_rec,3,0.05,3.0,0,1.0
rftl_s_rec,3,0.05,3.0,1,1.0
rftl_s_rec,3,0.05,3.0,2,1.0
rftl_s_rec,3,0.05,3.0,3,1.0
rftl_s_rec,3,0.05,3.0,4,1.0
rftl_s_rec,3,0.05,3.0,5,1.0
rftl_s_rec,3,0.05,3.0,6,1.0
rftl_s_rec,3,0.05,3.0,7,1.0
rftl_s_rec,3,0.05,3.0,8,1.0
rftl_s_rec,3,0.05,3.0,9,1.0
rftl_s_rec,3,0.05,3.0,10,1.0
rftl_s_rec,3,0.05,3.0,11,1.0
rftl_s_rec,3,0.05,3.0,12,1.0
rftl_s_rec,3,0.05,3.0,13,1.0
rftl_s_rec,3,0.05,3.0,14,1.0
rftl_s_rec,3,0.05,3.0,15,1.0
rftl_s_rec,3,0.05,3.0,16,1.0
rftl_s_rec,3,0.05,3.0,17,1.0
rftl_s_rec,3,0.05,3.0,18,1.0
rftl_s_rec,3,0.05,3.0,19,1.0
rftl_s_rec,3,0.05,3.0,20,1.0
rftl_s_rec,3,0.05,3.0,21,1.0
rftl_s_rec,3,0.05,3.0,22,1.0
rftl_s_rec,3,0.05,3.0,23,1.0
rftl_s_rec,3,0.05,3.0,24,1.0
rftl_s_rec,3,0.05,3.0,25,1.0
rftl_s_rec,3,0.05,3.0,26,1.0
rftl_s_rec,3,0.05,3.0,27,1.0
rftl_s_rec,3,0.05,3.0,28,1.0
rftl_s_rec,3,0.05,3.0,29,1.0
rftl_s_rec,3,0.05,3.0,30,1.0
rftl_s_rec,3,0.05,3.0,31,1.0
rftl_s_rec,3,0.05,3.0,32,1.0
rftl_s_rec,3,0.05,3.0,33,1.0
rftl_s_rec,3,0.05,3.0,34,1.0
rftl_s_rec,3,0.05,3.0,35,1.0
rftl_s_rec,3,0.05,3.0,36,1.0
rftl_s_rec,3,0.05,3.0,37,1.0
rftl_s_rec,3,0.05,3.0,38,1.0
rftl_s_rec,3,0.05,3.0,39,1.0
rftl_s_rec,3,0.05,3.0,40,1.0
rftl_s_rec,3,0.05,3.0,41,1.0
rftl_s_rec,3,0.05,3.0,42,1.0
rftl_s_rec,3,0.05,3.0,43,1.0
rftl_s_rec,3,0.05,3.0,44,1.0
rftl_s_rec,3,0.05,3.0,45,1.0
rftl_s_rec,3,0.05,3.0,46,1.0
rftl_s_rec,3,0.05,3.0,47,1.0
rftl_s_rec,3,0.05,3.0,48,1.0
rftl_s_rec,3,0.05,3.0,49,1.0
rftl_s,3,0.05,3.0,0,0.06107700902441956
rftl_s,3,0.05,3.0,1,0.06291727984838616
rftl_s,3,0.05,3.0,2,0.05461051239968022
rftl_s,3,0.05,3.0,3,0.052932275092035894
rftl_s,3,0.05,3.0,4,0.06093848222198664
rftl_s,3,0.05,3.0,5,0.059068144862703856
rftl_s,3,0.05,3.0,6,0.061382345251607545
rftl_s,3,0.05,3.0,7,0.06043134021006188
rftl_s,3,0.05,3.0,8,0.06453496111797648
rftl_s,3,0.05,3.0,9,0.07643931249650505
rftl_s,3,0.05,3.0,10,0.06773969314095368
rftl_s,3,0.05,3.0,11,0.08062448236948613
rftl_s,3,0.05,3.0,12,0.03439358278229701
rftl_s,3,0.05,3.0,13,0.06891022927075545
rftl_s,3,0.05,3.0,14,0.05976777302961318
rftl_s,3,0.05,3.0,15,0.06195149582996895
rftl_s,3,0.05,3.0,16,0.06026478046444179
rftl_s,3,0.05,3.0,17,0.07842895807896764
rftl_s,3,0.05,3.0,18,0.08965818897897987
rftl_s,3,0.05,3.0,19,0.05872278883073618
rftl_s,3,0.05,3.0,20,0.06938110501968871
rftl_s,3,0.05,3.0,21,0.08756961926750859
rftl_s,3,0.05,3.0,22,0.04305588267462177
rftl_s,3,0.05,3.0,23,0.05339787041391374
rftl_s,3,0.05,3.0,24,0.07683449390002868
rftl_s,3,0.05,3.0,25,0.07437383505238676
rftl_s,3,0.05,3.0,26,0.06472259503963015
rftl_s,3,0.05,3.0,27,0.05440901093344563
rftl_s,3,0.05,3.0,28,0.06565984571484733
rftl_s,3,0.05,3.0,29,0.08498678724320503
rftl_s,3,0.05,3.0,30,0.06774474009452701
rftl_s,3,0.05,3.0,31,0.04803327870245235
rftl_s,3,0.05,3.0,32,0.06670436105469847
rftl_s,3,0.05,3.0,33,0.06993726535962295
rftl_s,3,0.05,3.0,34,0.07179290563041492
rftl_s,3,0.05,3.0,35,0.045170561669465786
rftl_s,3,0.05,3.0,36,0.05449895799295161
rftl_s,3,0.05,3.0,37,0.07787556310279513
rftl_s,3,0.05,3.0,38,0.08108512676618458
rftl_s,3,0.05,3.0,39,0.08348837888101554
rftl_s,3,0.05,3.0,40,0.08015467910360667
rftl_s,3,0.05,3.0,41,0.06848759658146107
rftl_s,3,0.05,3.0,42,0.0653229807990618
rftl_s,3,0.05,3.0,43,0.07028113844965025
rftl_s,3,0.05,3.0,44,0.0786860669135841
rftl_s,3,0.05,3.0,45,0.06750145293226634
rftl_s,3,0.05,3.0,46,0.050167166582035495
rftl_s,3,0.05,3.0,47,0.05266888787137942
rftl_s,3,0.05,3.0,48,0.07059120973540683
rftl_s,3,0.05,3.0,49,0.05604160823523451
baseline,3,0.1,,0,0.05394110563778088
baseline,3,0.1,,1,0.0710886178737521
baseline,3,0.1,,2,0.08077398176260184
baseline,3,0.1,,3,0.06594108093102014
baseline,3,0.1,,4,0.0781040401796145
baseline,3,0.1,,5,0.05933524483605354
baseline,3,0.1,,6,0.05837470587731439
baseline,3,0.1,,7,0.08621070138293362
baseline,3,0.1,,8,0.059587586805815815
baseline,3,0.1,,9,0.03856669379479186
baseline,3,0.1,,10,0.05339436595961042
baseline,3,0.1,,11,0.0859351251607268
baseline,3,0.1,,12,0.09137878783080391
baseline,3,0.1,,13,0.06504174613496719
baseline,3,0.1,,14,0.045176280282429475
baseline,3,0.1,,15,0.0675037035877535
baseline,3,0.1,,16,0.06625009303220912
baseline,3,0.1,,17,0.06516330534142462
baseline,3,0.1,,18,0.0631009776544153
baseline,3,0.1,,19,0.09451943412733883
baseline,3,0.1,,20,0.06427277190714382
baseline,3,0.1,,21,0.06113609769362006
baseline,3,0.1,,22,0.05769902799251729
baseline,3,0.1,,23,0.06098352848904854
baseline,3,0.1,,24,0.07803217132957861
baseline,3,0.1,,25,0.0724544243335486
baseline,3,0.1,,26,0.07365093374400535
baseline,3,0.1,,27,0.06757918575984151
baseline,3,0.1,,28,0.08857779584271722
baseline,3,0.1,,29,0.06052076266279251
baseline,3,0.1,,30,0.07612743335471774
baseline,3,0.1,,31,0.058971561665855154
baseline,3,0.1,,32,0.0711579948310442
baseline,3,0.1,,33,0.07243113984189849
baseline,3,0.1,,34,0.04523263012745016
baseline,3,0.1,,35,0.044559610052055186
baseline,3,0.1,,36,0.04835853618441709
baseline,3,0.1,,37,0.05274252464963455
baseline,3,0.1,,38,0.05525443135916486
baseline,3,0.1,,39,0.058509424017440956
baseline,3,0.1,,40,0.09705624689171842
baseline,3,0.1,,41,0.0673244662735343
baseline,3,0.1,,42,0.07854750492489639
baseline,3,0.1,,43,0.08235911344875925
baseline,3,0.1,,44,0.03490229897939886
baseline,3,0.1,,45,0.05169251178676585
baseline,3,0.1,,46,0.08130571522566657
baseline,3,0.1,,47,0.09035325845194024
baseline,3,0.1,,48,0.07348410306125325
baseline,3,0.1,,49,0.0680671446912882
rftl_s_prec,3,0.1,1.0,0,0.2222222222222222
rftl_s_prec,3,0.1,1.0,1,0.2222222222222222
rftl_s_prec,3,0.1,1.0,2,0.2222222222222222
rftl_s_prec,3,0.1,1.0,3,0.2222222222222222
rftl_s_prec,3,0.1,1.0,4,0.2222222222222222
rftl_s_prec,3,0.1,1.0,5,0.2222222222222222
rftl_s_prec,3,0.1,1.0,6,0.2222222222222222
rftl_s_prec,3,0.1,1.0,7,0.2222222222222222
rftl_s_prec,3,0.1,1.0,8,0.2222222222222222
rftl_s_prec,3,0.1,1.0,9,0.2222222222222222
rftl_s_prec,3,0.1,1.0,10,0.2222222222222222
rftl_s_prec,3,0.1,1.0,11,0.2222222222222222
rftl_s_prec,3,0.1,1.0,12,0.2222222222222222
rftl_s_prec,3,0.1,1.0,13,0.2222222222222222
rftl_s_prec,3,0.1,1.0,14,0.2222222222222222
rftl_s_prec,3,0.1,1.0,15,0.2222222222222222
rftl_s_prec,3,0.1,1.0,16,0.2222222222222222
rftl_s_prec,3,0.1,1.0,17,0.2222222222222222
rftl_s_prec,3,0.1,1.0,18,0.2222222222222222
rftl_s_prec,3,0.1,1.0,19,0.2222222222222222
rftl_s_prec,3,0.1,1.0,20,0.2222222222222222
rftl_s_prec,3,0.1,1.0,21,0.2222222222222222
rftl_s_prec,3,0.1,1.0,22,0.2222222222222222
rftl_s_prec,3,0.1,1.0,23,0.2222222222222222
rftl_s_prec,3,0.1,1.0,24,0.2222222222222222
rftl_s_prec,3,0.1,1.0,25,0.2222222222222222
rftl_s_prec,3,0.1,1.0,26,0.2222222222222222
rftl_s_prec,3,0.1,1.0,27,0.2222222222222222
rftl_s_prec,3,0.1,1.0,28,0.2222222222222222
rftl_s_prec,3,0.1,1.0,29,0.2222222222222222
rftl_s_prec,3,0.1,1.0,30,0.2222222222222222
rftl_s_prec,3,0.1,1.0,31,0.2222222222222222
rftl_s_prec,3,0.1,1.0,32,0.2222222222222222
rftl_s_prec,3,0.1,1.0,33,0.2222222222222222
rftl_s_prec,3,0.1,1.0,34,0.2222222222222222
rftl_s_prec,3,0.1,1.0,35,0.2222222222222222
rftl_s_prec,3,0.1,1.0,36,0.2222222222222222
rftl_s_prec,3,0.1,1.0,37,0.2222222222222222
rftl_s_prec,3,0.1,1.0,38,0.2222222222222222
rftl_s_prec,3,0.1,1.0,39,0.2222222222222222
rftl_s_prec,3,0.1,1.0,40,0.2222222222222222
rftl_s_prec,3,0.1,1.0,41,0.2222222222222222
rftl_s_prec,3,0.1,1.0,42,0.2222222222222222
rftl_s_prec,3,0.1,1.0,43,0.2222222222222222
rftl_s_prec,3,0.1,1.0,44,0.2222222222222222
rftl_s_prec,3,0.1,1.0,45,0.2222222222222222
rftl_s_prec,3,0.1,1.0,46,0.2222222222222222
rftl_s_prec,3,0.1,1.0,47,0.2222222222222222
rftl_s_prec,3,0.1,1.0,48,0.2222222222222222
rftl_s_prec,3,0.1,1.0,49,0.2222222222222222
rftl_s_rec,3,0.1,1.0,0,1.0
rftl_s_rec,3,0.1,1.0,1,1.0
rftl_s_rec,3,0.1,1.0,2,1.0
rftl_s_rec,3,0.1,1.0,3,1.0
rftl_s_rec,3,0.1,1.0,4,1.0
rftl_s_rec,3,0.1,1.0,5,1.0
rftl_s_rec,3,0.1,1.0,6,1.0
rftl_s_rec,3,0.1,1.0,7,1.0
rftl_s_rec,3,0.1,1.0,8,1.0
rftl_s_rec,3,0.1,1.0,9,1.0
rftl_s_rec,3,0.1,1.0,10,1.0
rftl_s_rec,3,0.1,1.0,11,1.0
rftl_s_rec,3,0.1,1.0,12,1.0
rftl_s_rec,3,0.1,1.0,13,1.0
rftl_s_rec,3,0.1,1.0,14,1.0
rftl_s_rec,3,0.1,1.0,15,1.0
rftl_s_rec,3,0.1,1.0,16,1.0
rftl_s_rec,3,0.1,1.0,17,1.0
rftl_s_rec,3,0.1,1.0,18,1.0
rftl_s_rec,3,0.1,1.0,19,1.0
rftl_s_rec,3,0.1,1.0,20,1.0
rftl_s_rec,3,0.1,1.0,21,1.0
rftl_s_rec,3,0.1,1.0,22,1.0
rftl_s_rec,3,0.1,1.0,23,1.0
rftl_s_rec,3,0.1,1.0,24,1.0
rftl_s_rec,3,0.1,1.0,25,1.0
rftl_s_rec,3,0.1,1.0,26,1.0
rftl_s_rec,3,0.1,1.0,27,1.0
rftl_s_rec,3,0.1,1.0,28,1.0
rftl_s_rec,3,0.1,1.0,29,1.0
rftl_s_rec,3,0.1,1.0,30,1.0
rftl_s_rec,3,0.1,1.0,31,1.0
rftl_s_rec,3,0.1,1.0,32,1.0
rftl_s_rec,3,0.1,1.0,33,1.0
rftl_s_rec,3,0.1,1.0,34,1.0
rftl_s_rec,3,0.1,1.0,35,1.0
rftl_s_rec,3,0.1,1.0,36,1.0
rftl_s_rec,3,0.1,1.0,37,1.0
rftl_s_rec,3,0.1,1.0,38,1.0
rftl_s_rec,3,0.1,1.0,39,1.0
rftl_s_rec,3,0.1,1.0,40,1.0
rftl_s_rec,3,0.1,1.0,41,1.0
rftl_s_rec,3,0.1,1.0,42,1.0
rftl_s_rec,3,0.1,1.0,43,1.0
rftl_s_rec,3,0.1,1.0,44,1.0
rftl_s_rec,3,0.1,1.0,45,1.0
rftl_s_rec,3,0.1,1.0,46,1.0
rftl_s_rec,3,0.1,1.0,47,1.0
rftl_s_rec,3,0.1,1.0,48,1.0
rftl_s_rec,3,0.1,1.0,49,1.0
rftl_s,3,0.1,1.0,0,0.051959545213904286
rftl_s,3,0.1,1.0,1,0.07017650996882781
rftl_s,3,0.1,1.0,2,0.040532425687234704
rftl_s,3,0.1,1.0,3,0.05434153853059021
rftl_s,3,0.1,1.0,4,0.0653861290607419
rftl_s,3,0.1,1.0,5,0.0782024755874809
rftl_s,3,0.1,1.0,6,0.05198946267776962
rftl_s,3,0.1,1.0,7,0.09138224858782591
rftl_s,3,0.1,1.0,8,0.07854595982031501
rftl_s,3,0.1,1.0,9,0.0414650633248242
rftl_s,3,0.1,1.0,10,0.06306926972039177
rftl_s,3,0.1,1.0,11,0.050120881754268445
rftl_s,3,0.1,1.0,12,0.05882812759359753
rftl_s,3,0.1,1.0,13,0.06969618163684124
rftl_s,3,0.1,1.0,14,0.05733573483543227
rftl_s,3,0.1,1.0,15,0.07979658691170605
rftl_s,3,0.1,1.0,16,0.05663042787673318
rftl_s,3,0.1,1.0,17,0.05358456383212151
rftl_s,3,0.1,1.0,18,0.05470167047820963
rftl_s,3,0.1,1.0,19,0.07768245465434687
rftl_s,3,0.1,1.0,20,0.052114980183382294
rftl_s,3,0.1,1.0,21,0.07506597484556088
rftl_s,3,0.1,1.0,22,0.0587942907460761
rftl_s,3,0.1,1.0,23,0.07082764940444318
rftl_s,3,0.1,1.0,24,0.05981351279389797
rftl_s,3,0.1,1.0,25,0.06184103017667933
rftl_s,3,0.1,1.0,26,0.06711676291520906
rftl_s,3,0.1,1.0,27,0.07925491879478398
rftl_s,3,0.1,1.0,28,0.0541130184200849
rftl_s,3,0.1,1.0,29,0.053968499029042404
rftl_s,3,0.1,1.0,30,0.06142742925314561
rftl_s,3,0.1,1.0,31,0.06498419954449222
rftl_s,3,0.1,1.0,32,0.05061839545079369
rftl_s,3,0.1,1.0,33,0.05989106714614576
rftl_s,3,0.1,1.0,34,0.09110725091795008
rftl_s,3,0.1,1.0,35,0.07246796679596991
rftl_s,3,0.1,1.0,36,0.07894150907153599
rftl_s,3,0.1,1.0,37,0.06780642210738784
rftl_s,3,0.1,1.0,38,0.05149626193159954
rftl_s,3,0.1,1.0,39,0.08602940543465332
rftl_s,3,0.1,1.0,40,0.060292859909654356
rftl_s,3,0.1,1.0,41,0.08291602808557032
rftl_s,3,0.1,1.0,42,0.05797803132951851
rftl_s,3,0.1,1.0,43,0.061961580927506005
rftl_s,3,0.1,1.0,44,0.06533219913028053
rftl_s,3,0.1,1.0,45,0.05540336295262975
rftl_s,3,0.1,1.0,46,0.07567657339082275
rftl_s,3,0.1,1.0,47,0.08912912186255398
rftl_s,3,0.1,1.0,48,0.06810491408474689
rftl_s,3,0.1,1.0,49,0.06621440167600022
rftl_s_prec,3,0.1,1.345,0,0.2777777777777778
rftl_s_prec,3,0.1,1.345,1,0.29411764705882354
rftl_s_prec,3,0.1,1.345,2,0.35714285714285715
rftl_s_prec,3,0.1,1.345,3,0.2702702702702703
rftl_s_prec,3,0.1,1.345,4,0.29411764705882354
rftl_s_prec,3,0.1,1.345,5,0.30303030303030304
rftl_s_prec,3,0.1,1.345,6,0.29411764705882354
rftl_s_prec,3,0.1,1.345,7,0.3225806451612903
rftl_s_prec,3,0.1,1.345,8,0.38461538461538464
rftl_s_prec,3,0.1,1.345,9,0.2857142857142857
rftl_s_prec,3,0.1,1.345,10,0.2777777777777778
rftl_s_prec,3,0.1,1.345,11,0.2857142857142857
rftl_s_prec,3,0.1,1.345,12,0.30303030303030304
rftl_s_prec,3,0.1,1.345,13,0.3225806451612903
rftl_s_prec,3,0.1,1.345,14,0.2777777777777778
rftl_s_prec,3,0.1,1.345,15,0.35714285714285715
rftl_s_prec,3,0.1,1.345,16,0.37037037037037035
rftl_s_prec,3,0.1,1.345,17,0.2777777777777778
rftl_s_prec,3,0.1,1.345,18,0.3125
rftl_s_prec,3,0.1,1.345,19,0.3225806451612903
rftl_s_prec,3,0.1,1.345,20,0.3225806451612903
rftl_s_prec,3,0.1,1.345,21,0.4
rftl_s_prec,3,0.1,1.345,22,0.29411764705882354
rftl_s_prec,3,0.1,1.345,23,0.2777777777777778
rftl_s_prec,3,0.1,1.345,24,0.2702702702702703
rftl_s_prec,3,0.1,1.345,25,0.24390243902439024
rftl_s_prec,3,0.1,1.345,26,0.3448275862068966
rftl_s_prec,3,0.1,1.345,27,0.30303030303030304
rftl_s_prec,3,0.1,1.345,28,0.3225806451612903
rftl_s_prec,3,0.1,1.345,29,0.3225806451612903
rftl_s_prec,3,0.1,1.345,30,0.2702702702702703
rftl_s_prec,3,0.1,1.345,31,0.4166666666666667
rftl_s_prec,3,0.1,1.345,32,0.3333333333333333
rftl_s_prec,3,0.1,1.345,33,0.3333333333333333
rftl_s_prec,3,0.1,1.345,34,0.29411764705882354
rftl_s_prec,3,0.1,1.345,35,0.2702702702702703
rftl_s_prec,3,0.1,1.345,36,0.38461538461538464
rftl_s_prec,3,0.1,1.345,37,0.4
rftl_s_prec,3,0.1,1.345,38,0.5263157894736842
rftl_s_prec,3,0.1,1.345,39,0.37037037037037035
rftl_s_prec,3,0.1,1.345,40,0.30303030303030304
rftl_s_prec,3,0.1,1.345,41,0.3448275862068966
rftl_s_prec,3,0.1,1.345,42,0.29411764705882354
rftl_s_prec,3,0.1,1.345,43,0.29411764705882354
rftl_s_prec,3,0.1,1.345,44,0.38461538461538464
rftl_s_prec,3,0.1,1.345,45,0.30303030303030304
rftl_s_prec,3,0.1,1.345,46,0.30303030303030304
rftl_s_prec,3,0.1,1.345,47,0.29411764705882354
rftl_s_prec,3,0.1,1.345,48,0.4166666666666667
rftl_s_prec,3,0.1,1.345,49,0.3225806451612903
rftl_s_rec,3,0.1,1.345,0,1.0
rftl_s_rec,3,0.1,1.345,1,1.0
rftl_s_rec,3,0.1,1.345,2,1.0
rftl_s_rec,3,0.1,1.345,3,1.0
rftl_s_rec,3,0.1,1.345,4,1.0
rftl_s_rec,3,0.1,1.345,5,1.0
rftl_s_rec,3,0.1,1.345,6,1.0
rftl_s_rec,3,0.1,1.345,7,1.0
rftl_s_rec,3,0.1,1.345,8,1.0
rftl_s_rec,3,0.1,1.345,9,1.0
rftl_s_rec,3,0.1,1.345,10,1.0
rftl_s_rec,3,0.1,1.345,11,1.0
rftl_s_rec,3,0.1,1.345,12,1.0
rftl_s_rec,3,0.1,1.345,13,1.0
rftl_s_rec,3,0.1,1.345,14,1.0
rftl_s_rec,3,0.1,1.345,15,1.0
rftl_s_rec,3,0.1,1.345,16,1.0
rftl_s_rec,3,0.1,1.345,17,1.0
rftl_s_rec,3,0.1,1.345,18,1.0
rftl_s_rec,3,0.1,1.345,19,1.0
rftl_s_rec,3,0.1,1.345,20,1.0
rftl_s_rec,3,0.1,1.345,21,1.0
rftl_s_rec,3,0.1,1.345,22,1.0
rftl_s_rec,3,0.1,1.345,23,1.0
rftl_s_rec,3,0.1,1.345,24,1.0
rftl_s_rec,3,0.1,1.345,25,1.0
rftl_s_rec,3,0.1,1.345,26,1.0
rftl_s_rec,3,0.1,1.345,27,1.0
rftl_s_rec,3,0.1,1.345,28,1.0
rftl_s_rec,3,0.1,1.345,29,1.0
rftl_s_rec,3,0.1,1.345,30,1.0
rftl_s_rec,3,0.1,1.345,31,1.0
rftl_s_rec,3,0.1,1.345,32,1.0
rftl_s_rec,3,0.1,1.345,33,1.0
rftl_s_rec,3,0.1,1.345,34,1.0
rftl_s_rec,3,0.1,1.345,35,1.0
rftl_s_rec,3,0.1,1.345,36,1.0
rftl_s_rec,3,0.1,1.345,37,1.0
rftl_s_rec,3,0.1,1.345,38,1.0
rftl_s_rec,3,0.1,1.345,39,1.0
rftl_s_rec,3,0.1,1.345,40,1.0
rftl_s_rec,3,0.1,1.345,41,1.0
rftl_s_rec,3,0.1,1.345,42,1.0
rftl_s_rec,3,0.1,1.345,43,1.0
rftl_s_rec,3,0.1,1.345,44,1.0
rftl_s_rec,3,0.1,1.345,45,1.0
rftl_s_rec,3,0.1,1.345,46,1.0
rftl_s_rec,3,0.1,1.345,47,1.0
rftl_s_rec,3,0.1,1.345,48,1.0
rftl_s_rec,3,0.1,1.345,49,1.0
rftl_s,3,0.1,1.345,0,0.0659955122797524
rftl_s,3,0.1,1.345,1,0.07219379186914072
rftl_s,3,0.1,1.345,2,0.028828448427288336
rftl_s,3,0.1,1.345,3,0.07539766970777516
rftl_s,3,0.1,1.345,4,0.08630106706668812
rftl_s,3,0.1,1.345,5,0.047640778895077666
rftl_s,3,0.1,1.345,6,0.05027018047765311
rftl_s,3,0.1,1.345,7,0.07455117374639662
rftl_s,3,0.1,1.345,8,0.05593525597132027
rftl_s,3,0.1,1.345,9,0.057909882993066306
rftl_s,3,0.1,1.345,10,0.06766677508107813
rftl_s,3,0.1,1.345,11,0.0672248034576132
rftl_s,3,0.1,1.345,12,0.05874087595372029
rftl_s,3,0.1,1.345,13,0.06735103183235468
rftl_s,3,0.1,1.345,14,0.08382649481189237
rftl_s,3,0.1,1.345,15,0.05848629722552642
rftl_s,3,0.1,1.345,16,0.06694024665697647
rftl_s,3,0.1,1.345,17,0.05999278459682876
rftl_s,3,0.1,1.345,18,0.08792209625130668
rftl_s,3,0.1,1.345,19,0.06422200387297425
rftl_s,3,0.1,1.345,20,0.0621735367393676
rftl_s,3,0.1,1.345,21,0.08848490724715645
rftl_s,3,0.1,1.345,22,0.05383518230706375
rftl_s,3,0.1,1.345,23,0.07413800422040026
rftl_s,3,0.1,1.345,24,0.08267009758380704
rftl_s,3,0.1,1.345,25,0.07835280554294262
rftl_s,3,0.1,1.345,26,0.06722033096567488
rftl_s,3,0.1,1.345,27,0.08567237568353905
rftl_s,3,0.1,1.345,28,0.05217801727660833
rftl_s,3,0.1,1.345,29,0.07243060975785487
rftl_s,3,0.1,1.345,30,0.0756239826883188
rftl_s,3,0.1,1.345,31,0.06155084866976656
rftl_s,3,0.1,1.345,32,0.044086081447369294
rftl_s,3,0.1,1.345,33,0.0388124810801509
rftl_s,3,0.1,1.345,34,0.07027061593642242
rftl_s,3,0.1,1.345,35,0.062077051651079136
rftl_s,3,0.1,1.345,36,0.06468885742984339
rftl_s,3,0.1,1.345,37,0.06434603058353411
rftl_s,3,0.1,1.345,38,0.057177846196433804
rftl_s,3,0.1,1.345,39,0.0987165731486883
rftl_s,3,0.1,1.345,40,0.0656452034968451
rftl_s,3,0.1,1.345,41,0.04867140506424186
rftl_s,3,0.1,1.345,42,0.05153006914687998
rftl_s,3,0.1,1.345,43,0.049479560335204995
rftl_s,3,0.1,1.345,44,0.060861944969245955
rftl_s,3,0.1,1.345,45,0.07032045943145578
rftl_s,3,0.1,1.345,46,0.12176659118677761
rftl_s,3,0.1,1.345,47,0.08133417925513346
rftl_s,3,0.1,1.345,48,0.0695387469942315
rftl_s,3,0.1,1.345,49,0.054494495320915146
rftl_s_prec,3,0.1,2.0,0,0.5555555555555556
rftl_s_prec,3,0.1,2.0,1,0.7692307692307693
rftl_s_prec,3,0.1,2.0,2,0.9090909090909091
rftl_s_prec,3,0.1,2.0,3,0.5
rftl_s_prec,3,0.1,2.0,4,0.9090909090909091
rftl_s_prec,3,0.1,2.0,5,0.8333333333333334
rftl_s_prec,3,0.1,2.0,6,0.7692307692307693
rftl_s_prec,3,0.1,2.0,7,0.9090909090909091
rftl_s_prec,3,0.1,2.0,8,0.9090909090909091
rftl_s_prec,3,0.1,2.0,9,0.7142857142857143
rftl_s_prec,3,0.1,2.0,10,0.7692307692307693
rftl_s_prec,3,0.1,2.0,11,0.9090909090909091
rftl_s_prec,3,0.1,2.0,12,0.625
rftl_s_prec,3,0.1,2.0,13,0.5882352941176471
rftl_s_prec,3,0.1,2.0,14,0.5882352941176471
rftl_s_prec,3,0.1,2.0,15,0.7142857142857143
rftl_s_prec,3,0.1,2.0,16,1.0
rftl_s_prec,3,0.1,2.0,17,0.5882352941176471
rftl_s_prec,3,0.1,2.0,18,0.9090909090909091
rftl_s_prec,3,0.1,2.0,19,0.9090909090909091
rftl_s_prec,3,0.1,2.0,20,1.0
rftl_s_prec,3,0.1,2.0,21,1.0
rftl_s_prec,3,0.1,2.0,22,0.7692307692307693
rftl_s_prec,3,0.1,2.0,23,0.9090909090909091
rftl_s_prec,3,0.1,2.0,24,0.6666666666666666
rftl_s_prec,3,0.1,2.0,25,0.5
rftl_s_prec,3,0.1,2.0,26,1.0
rftl_s_prec,3,0.1,2.0,27,0.9090909090909091
rftl_s_prec,3,0.1,2.0,28,0.7692307692307693
rftl_s_prec,3,0.1,2.0,29,0.7692307692307693
rftl_s_prec,3,0.1,2.0,30,0.6666666666666666
rftl_s_prec,3,0.1,2.0,31,0.7692307692307693
rftl_s_prec,3,0.1,2.0,32,0.7692307692307693
rftl_s_prec,3,0.1,2.0,33,1.0
rftl_s_prec,3,0.1,2.0,34,0.7692307692307693
rftl_s_prec,3,0.1,2.0,35,0.47619047619047616
rftl_s_prec,3,0.1,2.0,36,0.9090909090909091
rftl_s_prec,3,0.1,2.0,37,0.8333333333333334
rftl_s_prec,3,0.1,2.0,38,1.0
rftl_s_prec,3,0.1,2.0,39,1.0
rftl_s_prec,3,0.1,2.0,40,0.625
rftl_s_prec,3,0.1,2.0,41,0.625
rftl_s_prec,3,0.1,2.0,42,0.5882352941176471
rftl_s_prec,3,0.1,2.0,43,0.9090909090909091
rftl_s_prec,3,0.1,2.0,44,0.8333333333333334
rftl_s_prec,3,0.1,2.0,45,1.0
rftl_s_prec,3,0.1,2.0,46,0.9090909090909091
rftl_s_prec,3,0.1,2.0,47,0.38461538461538464
rftl_s_prec,3,0.1,2.0,48,0.8333333333333334
rftl_s_prec,3,0.1,2.0,49,0.7692307692307693
rftl_s_rec,3,0.1,2.0,0,1.0
rftl_s_rec,3,0.1,2.0,1,1.0
rftl_s_rec,3,0.1,2.0,2,1.0
rftl_s_rec,3,0.1,2.0,3,1.0
rftl_s_rec,3,0.1,2.0,4,1.0
rftl_s_rec,3,0.1,2.0,5,1.0
rftl_s_rec,3,0.1,2.0,6,1.0
rftl_s_rec,3,0.1,2.0,7,1.0
rftl_s_rec,3,0.1,2.0,8,1.0
rftl_s_rec,3,0.1,2.0,9,1.0
rftl_s_rec,3,0.1,2.0,10,1.0
rftl_s_rec,3,0.1,2.0,11,1.0
rftl_s_rec,3,0.1,2.0,12,1.0
rftl_s_rec,3,0.1,2.0,13,1.0
rftl_s_rec,3,0.1,2.0,14,1.0
rftl_s_rec,3,0.1,2.0,15,1.0
rftl_s_rec,3,0.1,2.0,16,1.0
rftl_s_rec,3,0.1,2.0,17,1.0
rftl_s_rec,3,0.1,2.0,18,1.0
rftl_s_rec,3,0.1,2.0,19,1.0
rftl_s_rec,3,0.1,2.0,20,1.0
rftl_s_rec,3,0.1,2.0,21,1.0
rftl_s_rec,3,0.1,2.0,22,1.0
rftl_s_rec,3,0.1,2.0,23,1.0
rftl_s_rec,3,0.1,2.0,24,1.0
rftl_s_rec,3,0.1,2.0,25,1.0
rftl_s_rec,3,0.1,2.0,26,1.0
rftl_s_rec,3,0.1,2.0,27,1.0
rftl_s_rec,3,0.1,2.0,28,1.0
rftl_s_rec,3,0.1,2.0,29,1.0
rftl_s_rec,3,0.1,2.0,30,1.0
rftl_s_rec,3,0.1,2.0,31,1.0
rftl_s_rec,3,0.1,2.0,32,1.0
rftl_s_rec,3,0.1,2.0,33,1.0
rftl_s_rec,3,0.1,2.0,34,1.0
rftl_s_rec,3,0.1,2.0,35,1.0
rftl_s_rec,3,0.1,2.0,36,1.0
rftl_s_rec,3,0.1,2.0,37,1.0
rftl_s_rec,3,0.1,2.0,38,1.0
rftl_s_rec,3,0.1,2.0,39,1.0
rftl_s_rec,3,0.1,2.0,40,1.0
rftl_s_rec,3,0.1,2.0,41,1.0
rftl_s_rec,3,0.1,2.0,42,1.0
rftl_s_rec,3,0.1,2.0,43,1.0
rftl_s_rec,3,0.1,2.0,44,1.0
rftl_s_rec,3,0.1,2.0,45,1.0
rftl_s_rec,3,0.1,2.0,46,1.0
rftl_s_rec,3,0.1,2.0,47,1.0
rftl_s_rec,3,0.1,2.0,48,1.0
rftl_s_rec,3,0.1,2.0,49,1.0
rftl_s,3,0.1,2.0,0,0.06044392342482051
rftl_s,3,0.1,2.0,1,0.035996980085587514
rftl_s,3,0.1,2.0,2,0.05551462117048798
rftl_s,3,0.1,2.0,3,0.0852394027600709
rftl_s,3,0.1,2.0,4,0.046499804784511344
rftl_s,3,0.1,2.0,5,0.06704702814746348
rftl_s,3,0.1,2.0,6,0.05489946101500948
rftl_s,3,0.1,2.0,7,0.07290662113678353
rftl_s,3,0.1,2.0,8,0.06271255907880392
rftl_s,3,0.1,2.0,9,0.059176445485868534
rftl_s,3,0.1,2.0,10,0.0795912519611397
rftl_s,3,0.1,2.0,11,0.10083440551269969
rftl_s,3,0.1,2.0,12,0.08139248824777501
rftl_s,3,0.1,2.0,13,0.08875981478282079
rftl_s,3,0.1,2.0,14,0.07773770860157853
rftl_s,3,0.1,2.0,15,0.08184906282825692
rftl_s,3,0.1,2.0,16,0.05147216464471703
rftl_s,3,0.1,2.0,17,0.07603354979132745
rftl_s,3,0.1,2.0,18,0.06767512573284411
rftl_s,3,0.1,2.0,19,0.08071381287960895
rftl_s,3,0.1,2.0,20,0.0663658307177993
rftl_s,3,0.1,2.0,21,0.07801304052382124
rftl_s,3,0.1,2.0,22,0.06024955873704965
rftl_s,3,0.1,2.0,23,0.04306601796650333
rftl_s,3,0.1,2.0,24,0.0800368395614799
rftl_s,3,0.1,2.0,25,0.07645752501030087
rftl_s,3,0.1,2.0,26,0.08598659633930693
rftl_s,3,0.1,2.0,27,0.07605541896481076
rftl_s,3,0.1,2.0,28,0.04697573685594747
rftl_s,3,0.1,2.0,29,0.05006381812846698
rftl_s,3,0.1,2.0,30,0.06867867742926125
rftl_s,3,0.1,2.0,31,0.06515754155052594
rftl_s,3,0.1,2.0,32,0.04529741805870462
rftl_s,3,0.1,2.0,33,0.03792449335545483
rftl_s,3,0.1,2.0,34,0.07367084816376647
rftl_s,3,0.1,2.0,35,0.05669233162496922
rftl_s,3,0.1,2.0,36,0.0658470956875157
rftl_s,3,0.1,2.0,37,0.06316987413212787
rftl_s,3,0.1,2.0,38,0.05960435835367095
rftl_s,3,0.1,2.0,39,0.07317957894300758
rftl_s,3,0.1,2.0,40,0.05527387904120188
rftl_s,3,0.1,2.0,41,0.07650822121005693
rftl_s,3,0.1,2.0,42,0.07421248676665439
rftl_s,3,0.1,2.0,43,0.04592427696371429
rftl_s,3,0.1,2.0,44,0.06343995130035467
rftl_s,3,0.1,2.0,45,0.0598496357615843
rftl_s,3,0.1,2.0,46,0.0603006207166081
rftl_s,3,0.1,2.0,47,0.059566228147974506
rftl_s,3,0.1,2.0,48,0.05285188495020541
rftl_s,3,0.1,2.0,49,0.03724287630361305
rftl_s_prec,3,0.1,3.0,0,1.0
rftl_s_prec,3,0.1,3.0,1,1.0
rftl_s_prec,3,0.1,3.0,2,1.0
rftl_s_prec,3,0.1,3.0,3,1.0
rftl_s_prec,3,0.1,3.0,4,1.0
rftl_s_prec,3,0.1,3.0,5,1.0
rftl_s_prec,3,0.1,3.0,6,1.0
rftl_s_prec,3,0.1,3.0,7,1.0
rftl_s_prec,3,0.1,3.0,8,1.0
rftl_s_prec,3,0.1,3.0,9,1.0
rftl_s_prec,3,0.1,3.0,10,1.0
rftl_s_prec,3,0.1,3.0,11,1.0
rftl_s_prec,3,0.1,3.0,12,1.0
rftl_s_prec,3,0.1,3.0,13,1.0
rftl_s_prec,3,0.1,3.0,14,1.0
rftl_s_prec,3,0.1,3.0,15,1.0
rftl_s_prec,3,0.1,3.0,16,1.0
rftl_s_prec,3,0.1,3.0,17,1.0
rftl_s_prec,3,0.1,3.0,18,1.0
rftl_s_prec,3,0.1,3.0,19,1.0
rftl_s_prec,3,0.1,3.0,20,1.0
rftl_s_prec,3,0.1,3.0,21,1.0
rftl_s_prec,3,0.1,3.0,22,1.0
rftl_s_prec,3,0.1,3.0,23,1.0
rftl_s_prec,3,0.1,3.0,24,1.0
rftl_s_prec,3,0.1,3.0,25,1.0
rftl_s_prec,3,0.1,3.0,26,1.0
rftl_s_prec,3,0.1,3.0,27,1.0
rftl_s_prec,3,0.1,3.0,28,1.0
rftl_s_prec,3,0.1,3.0,29,1.0
rftl_s_prec,3,0.1,3.0,30,1.0
rftl_s_prec,3,0.1,3.0,31,0.9090909090909091
rftl_s_prec,3,0.1,3.0,32,1.0
rftl_s_prec,3,0.1,3.0,33,1.0
rftl_s_prec,3,0.1,3.0,34,0.9090909090909091
rftl_s_prec,3,0.1,3.0,35,1.0
rftl_s_prec,3,0.1,3.0,36,1.0
rftl_s_prec,3,0.1,3.0,37,1.0
rftl_s_prec,3,0.1,3.0,38,1.0
rftl_s_prec,3,0.1,3.0,39,1.0
rftl_s_prec,3,0.1,3.0,40,0.9090909090909091
rftl_s_prec,3,0.1,3.0,41,1.0
rftl_s_prec,3,0.1,3.0,42,1.0
rftl_s_prec,3,0.1,3.0,43,1.0
rftl_s_prec,3,0.1,3.0,44,1.0
rftl_s_prec,3,0.1,3.0,45,1.0
rftl_s_prec,3,0.1,3.0,46,1.0
rftl_s_prec,3,0.1,3.0,47,1.0
rftl_s_prec,3,0.1,3.0,48,0.9090909090909091
rftl_s_prec,3,0.1,3.0,49,1.0
rftl_s_rec,3,0.1,3.0,0,1.0
rftl_s_rec,3,0.1,3.0,1,1.0
rftl_s_rec,3,0.1,3.0,2,1.0
rftl_s_rec,3,0.1,3.0,3,1.0
rftl_s_rec,3,0.1,3.0,4,1.0
rftl_s_rec,3,0.1,3.0,5,1.0
rftl_s_rec,3,0.1,3.0,6,1.0
rftl_s_rec,3,0.1,3.0,7,1.0
rftl_s_rec,3,0.1,3.0,8,1.0
rftl_s_rec,3,0.1,3.0,9,1.0
rftl_s_rec,3,0.1,3.0,10,1.0
rftl_s_rec,3,0.1,3.0,11,1.0
rftl_s_rec,3,0.1,3.0,12,1.0
rftl_s_rec,3,0.1,3.0,13,1.0
rftl_s_rec,3,0.1,3.0,14,1.0
rftl_s_rec,3,0.1,3.0,15,1.0
rftl_s_rec,3,0.1,3.0,16,1.0
rftl_s_rec,3,0.1,3.0,17,1.0
rftl_s_rec,3,0.1,3.0,18,1.0
rftl_s_rec,3,0.1,3.0,19,1.0
rftl_s_rec,3,0.1,3.0,20,1.0
rftl_s_rec,3,0.1,3.0,21,1.0
rftl_s_rec,3,0.1,3.0,22,1.0
rftl_s_rec,3,0.1,3.0,23,1.0
rftl_s_rec,3,0.1,3.0,24,1.0
rftl_s_rec,3,0.1,3.0,25,1.0
rftl_s_rec,3,0.1,3.0,26,1.0
rftl_s_rec,3,0.1,3.0,27,1.0
rftl_s_rec,3,0.1,3.0,28,1.0
rftl_s_rec,3,0.1,3.0,29,1.0
rftl_s_rec,3,0.1,3.0,30,1.0
rftl_s_rec,3,0.1,3.0,31,1.0
rftl_s_rec,3,0.1,3.0,32,1.0
rftl_s_rec,3,0.1,3.0,33,1.0
rftl_s_rec,3,0.1,3.0,34,1.0
rftl_s_rec,3,0.1,3.0,35,1.0
rftl_s_rec,3,0.1,3.0,36,1.0
rftl_s_rec,3,0.1,3.0,37,1.0
rftl_s_rec,3,0.1,3.0,38,1.0
rftl_s_rec,3,0.1,3.0,39,1.0
rftl_s_rec,3,0.1,3.0,40,1.0
rftl_s_rec,3,0.1,3.0,41,1.0
rftl_s_rec,3,0.1,3.0,42,1.0
rftl_s_rec,3,0.1,3.0,43,1.0
rftl_s_rec,3,0.1,3.0,44,1.0
rftl_s_rec,3,0.1,3.0,45,1.0
rftl_s_rec,3,0.1,3.0,46,1.0
rftl_s_rec,3,0.1,3.0,47,1.0
rftl_s_rec,3,0.1,3.0,48,1.0
rftl_s_rec,3,0.1,3.0,49,1.0
rftl_s,3,0.1,3.0,0,0.04203419652986951
rftl_s,3,0.1,3.0,1,0.044388466524658846
rftl_s,3,0.1,3.0,2,0.035654137272718996
rftl_s,3,0.1,3.0,3,0.08593001536395506
rftl_s,3,0.1,3.0,4,0.05047271804483717
rftl_s,3,0.1,3.0,5,0.06324284863201923
rftl_s,3,0.1,3.0,6,0.06034261466208042
rftl_s,3,0.1,3.0,7,0.06452231227648582
rftl_s,3,0.1,3.0,8,0.07276563849257875
rftl_s,3,0.1,3.0,9,0.07568972745725328
rftl_s,3,0.1,3.0,10,0.07895834272043599
rftl_s,3,0.1,3.0,11,0.06853231383965151
rftl_s,3,0.1,3.0,12,0.06694737415546809
rftl_s,3,0.1,3.0,13,0.06300972872422343
rftl_s,3,0.1,3.0,14,0.057572897118206644
rftl_s,3,0.1,3.0,15,0.07945648340855041
rftl_s,3,0.1,3.0,16,0.04946908578638014
rftl_s,3,0.1,3.0,17,0.06831279786376107
rftl_s,3,0.1,3.0,18,0.078231792834289
rftl_s,3,0.1,3.0,19,0.048085053105472196
rftl_s,3,0.1,3.0,20,0.047403794659400436
rftl_s,3,0.1,3.0,21,0.08565069694906471
rftl_s,3,0.1,3.0,22,0.058828564227963245
rftl_s,3,0.1,3.0,23,0.04872187290692617
rftl_s,3,0.1,3.0,24,0.057114287879961576
rftl_s,3,0.1,3.0,25,0.06386418517143168
rftl_s,3,0.1,3.0,26,0.0741848366511613
rftl_s,3,0.1,3.0,27,0.07063179156434794
rftl_s,3,0.1,3.0,28,0.10292321525525998
rftl_s,3,0.1,3.0,29,0.09233860955681564
rftl_s,3,0.1,3.0,30,0.10375055726650592
rftl_s,3,0.1,3.0,31,0.049570146375749455
rftl_s,3,0.1,3.0,32,0.0816765637806459
rftl_s,3,0.1,3.0,33,0.04178245263964112
rftl_s,3,0.1,3.0,34,0.054279555450582787
rftl_s,3,0.1,3.0,35,0.07861619505137006
rftl_s,3,0.1,3.0,36,0.07146980664883197
rftl_s,3,0.1,3.0,37,0.08200462765628629
rftl_s,3,0.1,3.0,38,0.06633590964793298
rftl_s,3,0.1,3.0,39,0.08415442565600509
rftl_s,3,0.1,3.0,40,0.057319881989747995
rftl_s,3,0.1,3.0,41,0.07597106867910418
rftl_s,3,0.1,3.0,42,0.08187353172997633
rftl_s,3,0.1,3.0,43,0.052732952841639966
rftl_s,3,0.1,3.0,44,0.04263900669242333
rftl_s,3,0.1,3.0,45,0.0629083339519452
rftl_s,3,0.1,3.0,46,0.05855413009588053
rftl_s,3,0.1,3.0,47,0.05283784781695662
rftl_s,3,0.1,3.0,48,0.05947374833124089
rftl_s,3,0.1,3.0,49,0.05424472882091162
baseline,3,0.2,,0,0.04057563402575916
baseline,3,0.2,,1,0.0535050804060999
baseline,3,0.2,,2,0.07512100559667953
baseline,3,0.2,,3,0.06465123900673382
baseline,3,0.2,,4,0.08839715534800553
baseline,3,0.2,,5,0.05554549301990835
baseline,3,0.2,,6,0.046495245548164865
baseline,3,0.2,,7,0.06999342009314123
baseline,3,0.2,,8,0.054672230627873145
baseline,3,0.2,,9,0.043808276828023844
baseline,3,0.2,,10,0.08997811633286622
baseline,3,0.2,,11,0.05500911049962302
baseline,3,0.2,,12,0.07883996316836855
baseline,3,0.2,,13,0.04899165371420744
baseline,3,0.2,,14,0.057729567580481436
baseline,3,0.2,,15,0.056055146615790724
baseline,3,0.2,,16,0.07619463545198878
baseline,3,0.2,,17,0.0750245600260026
baseline,3,0.2,,18,0.0744491893087668
baseline,3,0.2,,19,0.0831660438288758
baseline,3,0.2,,20,0.05684070691107885
baseline,3,0.2,,21,0.06357397549882879
baseline,3,0.2,,22,0.047091869226256404
baseline,3,0.2,,23,0.06043997330433833
baseline,3,0.2,,24,0.06827700781285956
baseline,3,0.2,,25,0.08308986830982708
baseline,3,0.2,,26,0.09675964073461889
baseline,3,0.2,,27,0.0489763632741044
baseline,3,0.2,,28,0.04830517179410609
baseline,3,0.2,,29,0.06313550325749408
baseline,3,0.2,,30,0.07558571488129438
baseline,3,0.2,,31,0.04753440400597774
baseline,3,0.2,,32,0.07158738834305556
baseline,3,0.2,,33,0.07860888838292499
baseline,3,0.2,,34,0.05280730978607377
baseline,3,0.2,,35,0.04188617505082308
baseline,3,0.2,,36,0.08422154970131634
baseline,3,0.2,,37,0.042530457083203604
baseline,3,0.2,,38,0.05441100430024024
baseline,3,0.2,,39,0.05517510615779914
baseline,3,0.2,,40,0.04534869677013283
baseline,3,0.2,,41,0.05697624458412432
baseline,3,0.2,,42,0.0703133431298371
baseline,3,0.2,,43,0.06425061420555668
baseline,3,0.2,,44,0.08185005940050395
baseline,3,0.2,,45,0.04981014422756404
baseline,3,0.2,,46,0.07940647728750079
baseline,3,0.2,,47,0.07684623769252126
baseline,3,0.2,,48,0.07625422170906153
baseline,3,0.2,,49,0.0701214512703971
rftl_s_prec,3,0.2,1.0,0,0.4
rftl_s_prec,3,0.2,1.0,1,0.4
rftl_s_prec,3,0.2,1.0,2,0.4
rftl_s_prec,3,0.2,1.0,3,0.4
rftl_s_prec,3,0.2,1.0,4,0.4
rftl_s_prec,3,0.2,1.0,5,0.4
rftl_s_prec,3,0.2,1.0,6,0.4
rftl_s_prec,3,0.2,1.0,7,0.4
rftl_s_prec,3,0.2,1.0,8,0.4
rftl_s_prec,3,0.2,1.0,9,0.4
rftl_s_prec,3,0.2,1.0,10,0.4
rftl_s_prec,3,0.2,1.0,11,0.4
rftl_s_prec,3,0.2,1.0,12,0.4
rftl_s_prec,3,0.2,1.0,13,0.4
rftl_s_prec,3,0.2,1.0,14,0.4
rftl_s_prec,3,0.2,1.0,15,0.4
rftl_s_prec,3,0.2,1.0,16,0.4
rftl_s_prec,3,0.2,1.0,17,0.4
rftl_s_prec,3,0.2,1.0,18,0.4
rftl_s_prec,3,0.2,1.0,19,0.4
rftl_s_prec,3,0.2,1.0,20,0.4
rftl_s_prec,3,0.2,1.0,21,0.4
rftl_s_prec,3,0.2,1.0,22,0.4
rftl_s_prec,3,0.2,1.0,23,0.4
rftl_s_prec,3,0.2,1.0,24,0.4
rftl_s_prec,3,0.2,1.0,25,0.4
rftl_s_prec,3,0.2,1.0,26,0.4
rftl_s_prec,3,0.2,1.0,27,0.4
rftl_s_prec,3,0.2,1.0,28,0.4
rftl_s_prec,3,0.2,1.0,29,0.4
rftl_s_prec,3,0.2,1.0,30,0.4
rftl_s_prec,3,0.2,1.0,31,0.4
rftl_s_prec,3,0.2,1.0,32,0.4
rftl_s_prec,3,0.2,1.0,33,0.4
rftl_s_prec,3,0.2,1.0,34,0.4
rftl_s_prec,3,0.2,1.0,35,0.4
rftl_s_prec,3,0.2,1.0,36,0.4
rftl_s_prec,3,0.2,1.0,37,0.4
rftl_s_prec,3,0.2,1.0,38,0.4
rftl_s_prec,3,0.2,1.0,39,0.4
rftl_s_prec,3,0.2,1.0,40,0.4
rftl_s_prec,3,0.2,1.0,41,0.4
rftl_s_prec,3,0.2,1.0,42,0.4
rftl_s_prec,3,0.2,1.0,43,0.4
rftl_s_prec,3,0.2,1.0,44,0.4
rftl_s_prec,3,0.2,1.0,45,0.4
rftl_s_prec,3,0.2,1.0,46,0.4
rftl_s_prec,3,0.2,1.0,47,0.4
rftl_s_prec,3,0.2,1.0,48,0.4
rftl_s_prec,3,0.2,1.0,49,0.4
rftl_s_rec,3,0.2,1.0,0,1.0
rftl_s_rec,3,0.2,1.0,1,1.0
rftl_s_rec,3,0.2,1.0,2,1.0
rftl_s_rec,3,0.2,1.0,3,1.0
rftl_s_rec,3,0.2,1.0,4,1.0
rftl_s_rec,3,0.2,1.0,5,1.0
rftl_s_rec,3,0.2,1.0,6,1.0
rftl_s_rec,3,0.2,1.0,7,1.0
rftl_s_rec,3,0.2,1.0,8,1.0
rftl_s_rec,3,0.2,1.0,9,1.0
rftl_s_rec,3,0.2,1.0,10,1.0
rftl_s_rec,3,0.2,1.0,11,1.0
rftl_s_rec,3,0.2,1.0,12,1.0
rftl_s_rec,3,0.2,1.0,13,1.0
rftl_s_rec,3,0.2,1.0,14,1.0
rftl_s_rec,3,0.2,1.0,15,1.0
rftl_s_rec,3,0.2,1.0,16,1.0
rftl_s_rec,3,0.2,1.0,17,1.0
rftl_s_rec,3,0.2,1.0,18,1.0
rftl_s_rec,3,0.2,1.0,19,1.0
rftl_s_rec,3,0.2,1.0,20,1.0
rftl_s_rec,3,0.2,1.0,21,1.0
rftl_s_rec,3,0.2,1.0,22,1.0
rftl_s_rec,3,0.2,1.0,23,1.0
rftl_s_rec,3,0.2,1.0,24,1.0
rftl_s_rec,3,0.2,1.0,25,1.0
rftl_s_rec,3,0.2,1.0,26,1.0
rftl_s_rec,3,0.2,1.0,27,1.0
rftl_s_rec,3,0.2,1.0,28,1.0
rftl_s_rec,3,0.2,1.0,29,1.0
rftl_s_rec,3,0.2,1.0,30,1.0
rftl_s_rec,3,0.2,1.0,31,1.0
rftl_s_rec,3,0.2,1.0,32,1.0
rftl_s_rec,3,0.2,1.0,33,1.0
rftl_s_rec,3,0.2,1.0,34,1.0
rftl_s_rec,3,0.2,1.0,35,1.0
rftl_s_rec,3,0.2,1.0,36,1.0
rftl_s_rec,3,0.2,1.0,37,1.0
rftl_s_rec,3,0.2,1.0,38,1.0
rftl_s_rec,3,0.2,1.0,39,1.0
rftl_s_rec,3,0.2,1.0,40,1.0
rftl_s_rec,3,0.2,1.0,41,1.0
rftl_s_rec,3,0.2,1.0,42,1.0
rftl_s_rec,3,0.2,1.0,43,1.0
rftl_s_rec,3,0.2,1.0,44,1.0
rftl_s_rec,3,0.2,1.0,45,1.0
rftl_s_rec,3,0.2,1.0,46,1.0
rftl_s_rec,3,0.2,1.0,47,1.0
rftl_s_rec,3,0.2,1.0,48,1.0
rftl_s_rec,3,0.2,1.0,49,1.0
rftl_s,3,0.2,1.0,0,0.061883151754753105
rftl_s,3,0.2,1.0,1,0.04098538463916766
rftl_s,3,0.2,1.0,2,0.08552157106174835
rftl_s,3,0.2,1.0,3,0.07001354231042918
rftl_s,3,0.2,1.0,4,0.06202601438748882
rftl_s,3,0.2,1.0,5,0.04208770861536356
rftl_s,3,0.2,1.0,6,0.08049936822688183
rftl_s,3,0.2,1.0,7,0.04215855268830208
rftl_s,3,0.2,1.0,8,0.07744012804269731
rftl_s,3,0.2,1.0,9,0.051115824920818266
rftl_s,3,0.2,1.0,10,0.05824836779660392
rftl_s,3,0.2,1.0,11,0.08154213530971303
rftl_s,3,0.2,1.0,12,0.06538443173534818
rftl_s,3,0.2,1.0,13,0.07405897829688857
rftl_s,3,0.2,1.0,14,0.062454543715210906
rftl_s,3,0.2,1.0,15,0.06672938796287743
rftl_s,3,0.2,1.0,16,0.05960914258856177
rftl_s,3,0.2,1.0,17,0.08532558839156508
rftl_s,3,0.2,1.0,18,0.07953446119379809
rftl_s,3,0.2,1.0,19,0.08006875491168938
rftl_s,3,0.2,1.0,20,0.0697393677470311
rftl_s,3,0.2,1.0,21,0.08212765525032063
rftl_s,3,0.2,1.0,22,0.06634206600299716
rftl_s,3,0.2,1.0,23,0.060505663891907514
rftl_s,3,0.2,1.0,24,0.06267747371848256
rftl_s,3,0.2,1.0,25,0.06971652554047186
rftl_s,3,0.2,1.0,26,0.06615308235478086
rftl_s,3,0.2,1.0,27,0.04475922949505143
rftl_s,3,0.2,1.0,28,0.09470784691515756
rftl_s,3,0.2,1.0,29,0.062019830466693876
rftl_s,3,0.2,1.0,30,0.07371733398516159
rftl_s,3,0.2,1.0,31,0.06083841921680682
rftl_s,3,0.2,1.0,32,0.06421501338737025
rftl_s,3,0.2,1.0,33,0.07579922990048119
rftl_s,3,0.2,1.0,34,0.0682432908382264
rftl_s,3,0.2,1.0,35,0.03781864723669558
rftl_s,3,0.2,1.0,36,0.06108290610144008
rftl_s,3,0.2,1.0,37,0.09104038423944111
rftl_s,3,0.2,1.0,38,0.07117309372018096
rftl_s,3,0.2,1.0,39,0.06064280757909506
rftl_s,3,0.2,1.0,40,0.06250960266067662
rftl_s,3,0.2,1.0,41,0.07886207277221062
rftl_s,3,0.2,1.0,42,0.06653666825439805
rftl_s,3,0.2,1.0,43,0.08009445089350571
rftl_s,3,0.2,1.0,44,0.04713927141466949
rftl_s,3,0.2,1.0,45,0.06746230200299103
rftl_s,3,0.2,1.0,46,0.06104293095952067
rftl_s,3,0.2,1.0,47,0.06918656592697668
rftl_s,3,0.2,1.0,48,0.05306049003227951
rftl_s,3,0.2,1.0,49,0.045761551140169124
rftl_s_prec,3,0.2,1.345,0,0.5294117647058824
rftl_s_prec,3,0.2,1.345,1,0.45
rftl_s_prec,3,0.2,1.345,2,0.47368421052631576
rftl_s_prec,3,0.2,1.345,3,0.46153846153846156
rftl_s_prec,3,0.2,1.345,4,0.5142857142857142
rftl_s_prec,3,0.2,1.345,5,0.5454545454545454
rftl_s_prec,3,0.2,1.345,6,0.43902439024390244
rftl_s_prec,3,0.2,1.345,7,0.6
rftl_s_prec,3,0.2,1.345,8,0.75
rftl_s_prec,3,0.2,1.345,9,0.45
rftl_s_prec,3,0.2,1.345,10,0.6
rftl_s_prec,3,0.2,1.345,11,0.4864864864864865
rftl_s_prec,3,0.2,1.345,12,0.47368421052631576
rftl_s_prec,3,0.2,1.345,13,0.45
rftl_s_prec,3,0.2,1.345,14,0.5
rftl_s_prec,3,0.2,1.345,15,0.6206896551724138
rftl_s_prec,3,0.2,1.345,16,0.5142857142857142
rftl_s_prec,3,0.2,1.345,17,0.5
rftl_s_prec,3,0.2,1.345,18,0.5142857142857142
rftl_s_prec,3,0.2,1.345,19,0.5625
rftl_s_prec,3,0.2,1.345,20,0.6206896551724138
rftl_s_prec,3,0.2,1.345,21,0.46153846153846156
rftl_s_prec,3,0.2,1.345,22,0.4864864864864865
rftl_s_prec,3,0.2,1.345,23,0.47368421052631576
rftl_s_prec,3,0.2,1.345,24,0.5294117647058824
rftl_s_prec,3,0.2,1.345,25,0.5
rftl_s_prec,3,0.2,1.345,26,0.5294117647058824
rftl_s_prec,3,0.2,1.345,27,0.6666666666666666
rftl_s_prec,3,0.2,1.345,28,0.4864864864864865
rftl_s_prec,3,0.2,1.345,29,0.5294117647058824
rftl_s_prec,3,0.2,1.345,30,0.47368421052631576
rftl_s_prec,3,0.2,1.345,31,0.47368421052631576
rftl_s_prec,3,0.2,1.345,32,0.47368421052631576
rftl_s_prec,3,0.2,1.345,33,0.5806451612903226
rftl_s_prec,3,0.2,1.345,34,0.5294117647058824
rftl_s_prec,3,0.2,1.345,35,0.47368421052631576
rftl_s_prec,3,0.2,1.345,36,0.4864864864864865
rftl_s_prec,3,0.2,1.345,37,0.4864864864864865
rftl_s_prec,3,0.2,1.345,38,0.5
rftl_s_prec,3,0.2,1.345,39,0.6428571428571429
rftl_s_prec,3,0.2,1.345,40,0.5454545454545454
rftl_s_prec,3,0.2,1.345,41,0.5806451612903226
rftl_s_prec,3,0.2,1.345,42,0.47368421052631576
rftl_s_prec,3,0.2,1.345,43,0.5294117647058824
rftl_s_prec,3,0.2,1.345,44,0.47368421052631576
rftl_s_prec,3,0.2,1.345,45,0.5625
rftl_s_prec,3,0.2,1.345,46,0.5806451612903226
rftl_s_prec,3,0.2,1.345,47,0.5
rftl_s_prec,3,0.2,1.345,48,0.5294117647058824
rftl_s_prec,3,0.2,1.345,49,0.5454545454545454
rftl_s_rec,3,0.2,1.345,0,1.0
rftl_s_rec,3,0.2,1.345,1,1.0
rftl_s_rec,3,0.2,1.345,2,1.0
rftl_s_rec,3,0.2,1.345,3,1.0
rftl_s_rec,3,0.2,1.345,4,1.0
rftl_s_rec,3,0.2,1.345,5,1.0
rftl_s_rec,3,0.2,1.345,6,1.0
rftl_s_rec,3,0.2,1.345,7,1.0
rftl_s_rec,3,0.2,1.345,8,1.0
rftl_s_rec,3,0.2,1.345,9,1.0
rftl_s_rec,3,0.2,1.345,10,1.0
rftl_s_rec,3,0.2,1.345,11,1.0
rftl_s_rec,3,0.2,1.345,12,1.0
rftl_s_rec,3,0.2,1.345,13,1.0
rftl_s_rec,3,0.2,1.345,14,1.0
rftl_s_rec,3,0.2,1.345,15,1.0
rftl_s_rec,3,0.2,1.345,16,1.0
rftl_s_rec,3,0.2,1.345,17,1.0
rftl_s_rec,3,0.2,1.345,18,1.0
rftl_s_rec,3,0.2,1.345,19,1.0
rftl_s_rec,3,0.2,1.345,20,1.0
rftl_s_rec,3,0.2,1.345,21,1.0
rftl_s_rec,3,0.2,1.345,22,1.0
rftl_s_rec,3,0.2,1.345,23,1.0
rftl_s_rec,3,0.2,1.345,24,1.0
rftl_s_rec,3,0.2,1.345,25,1.0
rftl_s_rec,3,0.2,1.345,26,1.0
rftl_s_rec,3,0.2,1.345,27,1.0
rftl_s_rec,3,0.2,1.345,28,1.0
rftl_s_rec,3,0.2,1.345,29,1.0
rftl_s_rec,3,0.2,1.345,30,1.0
rftl_s_rec,3,0.2,1.345,31,1.0
rftl_s_rec,3,0.2,1.345,32,1.0
rftl_s_rec,3,0.2,1.345,33,1.0
rftl_s_rec,3,0.2,1.345,34,1.0
rftl_s_rec,3,0.2,1.345,35,1.0
rftl_s_rec,3,0.2,1.345,36,1.0
rftl_s_rec,3,0.2,1.345,37,1.0
rftl_s_rec,3,0.2,1.345,38,1.0
rftl_s_rec,3,0.2,1.345,39,1.0
rftl_s_rec,3,0.2,1.345,40,1.0
rftl_s_rec,3,0.2,1.345,41,1.0
rftl_s_rec,3,0.2,1.345,42,1.0
rftl_s_rec,3,0.2,1.345,43,1.0
rftl_s_rec,3,0.2,1.345,44,1.0
rftl_s_rec,3,0.2,1.345,45,1.0
rftl_s_rec,3,0.2,1.345,46,1.0
rftl_s_rec,3,0.2,1.345,47,1.0
rftl_s_rec,3,0.2,1.345,48,1.0
rftl_s_rec,3,0.2,1.345,49,1.0
rftl_s,3,0.2,1.345,0,0.0575886371827341
rftl_s,3,0.2,1.345,1,0.08850787952446412
rftl_s,3,0.2,1.345,2,0.05905439484210009
rftl_s,3,0.2,1.345,3,0.05290529406241818
rftl_s,3,0.2,1.345,4,0.06576471564822815
rftl_s,3,0.2,1.345,5,0.07361717219215243
rftl_s,3,0.2,1.345,6,0.04428242879664885
rftl_s,3,0.2,1.345,7,0.04676699217750081
rftl_s,3,0.2,1.345,8,0.04375119040037867
rftl_s,3,0.2,1.345,9,0.07194712871117166
rftl_s,3,0.2,1.345,10,0.0872783474770218
rftl_s,3,0.2,1.345,11,0.07676375580209836
rftl_s,3,0.2,1.345,12,0.05575461492163563
rftl_s,3,0.2,1.345,13,0.05211008509647986
rftl_s,3,0.2,1.345,14,0.03881477909632372
rftl_s,3,0.2,1.345,15,0.052823617901369455
rftl_s,3,0.2,1.345,16,0.0667109034919188
rftl_s,3,0.2,1.345,17,0.04925731066509188
rftl_s,3,0.2,1.345,18,0.09098334676933745
rftl_s,3,0.2,1.345,19,0.082134632350013
rftl_s,3,0.2,1.345,20,0.06939087895166797
rftl_s,3,0.2,1.345,21,0.09023295421517553
rftl_s,3,0.2,1.345,22,0.0695309457139117
rftl_s,3,0.2,1.345,23,0.07514446193292854
rftl_s,3,0.2,1.345,24,0.0760455972959391
rftl_s,3,0.2,1.345,25,0.06947750837142244
rftl_s,3,0.2,1.345,26,0.06264283786898615
rftl_s,3,0.2,1.345,27,0.051510009662987064
rftl_s,3,0.2,1.345,28,0.06102104299557751
rftl_s,3,0.2,1.345,29,0.04972916685205523
rftl_s,3,0.2,1.345,30,0.05667638160021896
rftl_s,3,0.2,1.345,31,0.08109123248296062
rftl_s,3,0.2,1.345,32,0.06851200235705765
rftl_s,3,0.2,1.345,33,0.10936924970145998
rftl_s,3,0.2,1.345,34,0.07312500902973636
rftl_s,3,0.2,1.345,35,0.08692019513556185
rftl_s,3,0.2,1.345,36,0.06641089495872715
rftl_s,3,0.2,1.345,37,0.07736824869404019
rftl_s,3,0.2,1.345,38,0.07733434034761824
rftl_s,3,0.2,1.345,39,0.083597244851536
rftl_s,3,0.2,1.345,40,0.08894651723978853
rftl_s,3,0.2,1.345,41,0.06590396075992128
rftl_s,3,0.2,1.345,42,0.0750425531117908
rftl_s,3,0.2,1.345,43,0.07159087359546824
rftl_s,3,0.2,1.345,44,0.0504384461950993
rftl_s,3,0.2,1.345,45,0.08288121236702845
rftl_s,3,0.2,1.345,46,0.0563485278186151
rftl_s,3,0.2,1.345,47,0.07771888378781608
rftl_s,3,0.2,1.345,48,0.08089924320588902
rftl_s,3,0.2,1.345,49,0.046218276997170474
rftl_s_prec,3,0.2,2.0,0,1.0
rftl_s_prec,3,0.2,2.0,1,0.5806451612903226
rftl_s_prec,3,0.2,2.0,2,0.8571428571428571
rftl_s_prec,3,0.2,2.0,3,0.6
rftl_s_prec,3,0.2,2.0,4,1.0
rftl_s_prec,3,0.2,2.0,5,1.0
rftl_s_prec,3,0.2,2.0,6,0.8181818181818182
rftl_s_prec,3,0.2,2.0,7,1.0
rftl_s_prec,3,0.2,2.0,8,1.0
rftl_s_prec,3,0.2,2.0,9,0.782608695652174
rftl_s_prec,3,0.2,2.0,10,0.9473684210526315
rftl_s_prec,3,0.2,2.0,11,0.8571428571428571
rftl_s_prec,3,0.2,2.0,12,0.782608695652174
rftl_s_prec,3,0.2,2.0,13,0.6923076923076923
rftl_s_prec,3,0.2,2.0,14,1.0
rftl_s_prec,3,0.2,2.0,15,1.0
rftl_s_prec,3,0.2,2.0,16,0.9473684210526315
rftl_s_prec,3,0.2,2.0,17,0.9
rftl_s_prec,3,0.2,2.0,18,1.0
rftl_s_prec,3,0.2,2.0,19,1.0
rftl_s_prec,3,0.2,2.0,20,1.0
rftl_s_prec,3,0.2,2.0,21,0.9473684210526315
rftl_s_prec,3,0.2,2.0,22,0.8181818181818182
rftl_s_prec,3,0.2,2.0,23,1.0
rftl_s_prec,3,0.2,2.0,24,1.0
rftl_s_prec,3,0.2,2.0,25,0.75
rftl_s_prec,3,0.2,2.0,26,1.0
rftl_s_prec,3,0.2,2.0,27,1.0
rftl_s_prec,3,0.2,2.0,28,1.0
rftl_s_prec,3,0.2,2.0,29,1.0
rftl_s_prec,3,0.2,2.0,30,0.8181818181818182
rftl_s_prec,3,0.2,2.0,31,0.9473684210526315
rftl_s_prec,3,0.2,2.0,32,0.5806451612903226
rftl_s_prec,3,0.2,2.0,33,1.0
rftl_s_prec,3,0.2,2.0,34,1.0
rftl_s_prec,3,0.2,2.0,35,0.6923076923076923
rftl_s_prec,3,0.2,2.0,36,0.9473684210526315
rftl_s_prec,3,0.2,2.0,37,0.9473684210526315
rftl_s_prec,3,0.2,2.0,38,1.0
rftl_s_prec,3,0.2,2.0,39,1.0
rftl_s_prec,3,0.2,2.0,40,0.9473684210526315
rftl_s_prec,3,0.2,2.0,41,1.0
rftl_s_prec,3,0.2,2.0,42,0.6923076923076923
rftl_s_prec,3,0.2,2.0,43,0.9473684210526315
rftl_s_prec,3,0.2,2.0,44,1.0
rftl_s_prec,3,0.2,2.0,45,1.0
rftl_s_prec,3,0.2,2.0,46,1.0
rftl_s_prec,3,0.2,2.0,47,0.6923076923076923
rftl_s_prec,3,0.2,2.0,48,0.9473684210526315
rftl_s_prec,3,0.2,2.0,49,0.9
rftl_s_rec,3,0.2,2.0,0,1.0
rftl_s_rec,3,0.2,2.0,1,1.0
rftl_s_rec,3,0.2,2.0,2,1.0
rftl_s_rec,3,0.2,2.0,3,1.0
rftl_s_rec,3,0.2,2.0,4,1.0
rftl_s_rec,3,0.2,2.0,5,1.0
rftl_s_rec,3,0.2,2.0,6,1.0
rftl_s_rec,3,0.2,2.0,7,1.0
rftl_s_rec,3,0.2,2.0,8,1.0
rftl_s_rec,3,0.2,2.0,9,1.0
rftl_s_rec,3,0.2,2.0,10,1.0
rftl_s_rec,3,0.2,2.0,11,1.0
rftl_s_rec,3,0.2,2.0,12,1.0
rftl_s_rec,3,0.2,2.0,13,1.0
rftl_s_rec,3,0.2,2.0,14,1.0
rftl_s_rec,3,0.2,2.0,15,1.0
rftl_s_rec,3,0.2,2.0,16,1.0
rftl_s_rec,3,0.2,2.0,17,1.0
rftl_s_rec,3,0.2,2.0,18,1.0
rftl_s_rec,3,0.2,2.0,19,1.0
rftl_s_rec,3,0.2,2.0,20,1.0
rftl_s_rec,3,0.2,2.0,21,1.0
rftl_s_rec,3,0.2,2.0,22,1.0
rftl_s_rec,3,0.2,2.0,23,1.0
rftl_s_rec,3,0.2,2.0,24,1.0
rftl_s_rec,3,0.2,2.0,25,1.0
rftl_s_rec,3,0.2,2.0,26,1.0
rftl_s_rec,3,0.2,2.0,27,1.0
rftl_s_rec,3,0.2,2.0,28,1.0
rftl_s_rec,3,0.2,2.0,29,1.0
rftl_s_rec,3,0.2,2.0,30,1.0
rftl_s_rec,3,0.2,2.0,31,1.0
rftl_s_rec,3,0.2,2.0,32,1.0
rftl_s_rec,3,0.2,2.0,33,1.0
rftl_s_rec,3,0.2,2.0,34,1.0
rftl_s_rec,3,0.2,2.0,35,1.0
rftl_s_rec,3,0.2,2.0,36,1.0
rftl_s_rec,3,0.2,2.0,37,1.0
rftl_s_rec,3,0.2,2.0,38,1.0
rftl_s_rec,3,0.2,2.0,39,1.0
rftl_s_rec,3,0.2,2.0,40,1.0
rftl_s_rec,3,0.2,2.0,41,1.0
rftl_s_rec,3,0.2,2.0,42,1.0
rftl_s_rec,3,0.2,2.0,43,1.0
rftl_s_rec,3,0.2,2.0,44,1.0
rftl_s_rec,3,0.2,2.0,45,1.0
rftl_s_rec,3,0.2,2.0,46,1.0
rftl_s_rec,3,0.2,2.0,47,1.0
rftl_s_rec,3,0.2,2.0,48,1.0
rftl_s_rec,3,0.2,2.0,49,1.0
rftl_s,3,0.2,2.0,0,0.08342553084568281
rftl_s,3,0.2,2.0,1,0.044149477636328004
rftl_s,3,0.2,2.0,2,0.06685263696882249
rftl_s,3,0.2,2.0,3,0.059364739044240965
rftl_s,3,0.2,2.0,4,0.07912686064444661
rftl_s,3,0.2,2.0,5,0.09385595933900936
rftl_s,3,0.2,2.0,6,0.056198452457094844
rftl_s,3,0.2,2.0,7,0.06007361395496248
rftl_s,3,0.2,2.0,8,0.07705535079449945
rftl_s,3,0.2,2.0,9,0.0890614227093021
rftl_s,3,0.2,2.0,10,0.11397802289638796
rftl_s,3,0.2,2.0,11,0.0559574123563931
rftl_s,3,0.2,2.0,12,0.06981559329975169
rftl_s,3,0.2,2.0,13,0.07728385586305836
rftl_s,3,0.2,2.0,14,0.043643150789038195
rftl_s,3,0.2,2.0,15,0.04713699144073327
rftl_s,3,0.2,2.0,16,0.06472479555232034
rftl_s,3,0.2,2.0,17,0.05854161462042345
rftl_s,3,0.2,2.0,18,0.0855922756352558
rftl_s,3,0.2,2.0,19,0.0510329260546725
rftl_s,3,0.2,2.0,20,0.045781915918554045
rftl_s,3,0.2,2.0,21,0.05726915803649268
rftl_s,3,0.2,2.0,22,0.05898548798532883
rftl_s,3,0.2,2.0,23,0.060451801333327275
rftl_s,3,0.2,2.0,24,0.04982499069369795
rftl_s,3,0.2,2.0,25,0.09688077486394195
rftl_s,3,0.2,2.0,26,0.07369213959315152
rftl_s,3,0.2,2.0,27,0.06839704347019139
rftl_s,3,0.2,2.0,28,0.05384421081951936
rftl_s,3,0.2,2.0,29,0.05404779768639676
rftl_s,3,0.2,2.0,30,0.0851840554017704
rftl_s,3,0.2,2.0,31,0.05436392544935734
rftl_s,3,0.2,2.0,32,0.0777855381558714
rftl_s,3,0.2,2.0,33,0.07212117860806179
rftl_s,3,0.2,2.0,34,0.07368780386095208
rftl_s,3,0.2,2.0,35,0.05999593785034461
rftl_s,3,0.2,2.0,36,0.08372162113320304
rftl_s,3,0.2,2.0,37,0.08369225883904523
rftl_s,3,0.2,2.0,38,0.0565237104150264
rftl_s,3,0.2,2.0,39,0.0963758453029973
rftl_s,3,0.2,2.0,40,0.06859517611251802
rftl_s,3,0.2,2.0,41,0.04827109629609251
rftl_s,3,0.2,2.0,42,0.06396877565032223
rftl_s,3,0.2,2.0,43,0.036385025603208124
rftl_s,3,0.2,2.0,44,0.03906675097049195
rftl_s,3,0.2,2.0,45,0.06526771521297646
rftl_s,3,0.2,2.0,46,0.0827862926630704
rftl_s,3,0.2,2.0,47,0.08340168921062749
rftl_s,3,0.2,2.0,48,0.08129277894546248
rftl_s,3,0.2,2.0,49,0.06275270256501153
rftl_s_prec,3,0.2,3.0,0,1.0
rftl_s_prec,3,0.2,3.0,1,1.0
rftl_s_prec,3,0.2,3.0,2,1.0
rftl_s_prec,3,0.2,3.0,3,1.0
rftl_s_prec,3,0.2,3.0,4,1.0
rftl_s_prec,3,0.2,3.0,5,1.0
rftl_s_prec,3,0.2,3.0,6,1.0
rftl_s_prec,3,0.2,3.0,7,1.0
rftl_s_prec,3,0.2,3.0,8,1.0
rftl_s_prec,3,0.2,3.0,9,1.0
rftl_s_prec,3,0.2,3.0,10,1.0
rftl_s_prec,3,0.2,3.0,11,1.0
rftl_s_prec,3,0.2,3.0,12,1.0
rftl_s_prec,3,0.2,3.0,13,1.0
rftl_s_prec,3,0.2,3.0,14,1.0
rftl_s_prec,3,0.2,3.0,15,1.0
rftl_s_prec,3,0.2,3.0,16,1.0
rftl_s_prec,3,0.2,3.0,17,1.0
rftl_s_prec,3,0.2,3.0,18,1.0
rftl_s_prec,3,0.2,3.0,19,1.0
rftl_s_prec,3,0.2,3.0,20,1.0
rftl_s_prec,3,0.2,3.0,21,1.0
rftl_s_prec,3,0.2,3.0,22,1.0
rftl_s_prec,3,0.2,3.0,23,1.0
rftl_s_prec,3,0.2,3.0,24,1.0
rftl_s_prec,3,0.2,3.0,25,1.0
rftl_s_prec,3,0.2,3.0,26,1.0
rftl_s_prec,3,0.2,3.0,27,1.0
rftl_s_prec,3,0.2,3.0,28,1.0
rftl_s_prec,3,0.2,3.0,29,1.0
rftl_s_prec,3,0.2,3.0,30,1.0
rftl_s_prec,3,0.2,3.0,31,1.0
rftl_s_prec,3,0.2,3.0,32,1.0
rftl_s_prec,3,0.2,3.0,33,1.0
rftl_s_prec,3,0.2,3.0,34,1.0
rftl_s_prec,3,0.2,3.0,35,1.0
rftl_s_prec,3,0.2,3.0,36,1.0
rftl_s_prec,3,0.2,3.0,37,1.0
rftl_s_prec,3,0.2,3.0,38,1.0
rftl_s_prec,3,0.2,3.0,39,1.0
rftl_s_prec,3,0.2,3.0,40,1.0
rftl_s_prec,3,0.2,3.0,41,1.0
rftl_s_prec,3,0.2,3.0,42,1.0
rftl_s_prec,3,0.2,3.0,43,1.0
rftl_s_prec,3,0.2,3.0,44,1.0
rftl_s_prec,3,0.2,3.0,45,1.0
rftl_s_prec,3,0.2,3.0,46,1.0
rftl_s_prec,3,0.2,3.0,47,1.0
rftl_s_prec,3,0.2,3.0,48,1.0
rftl_s_prec,3,0.2,3.0,49,1.0
rftl_s_rec,3,0.2,3.0,0,1.0
rftl_s_rec,3,0.2,3.0,1,1.0
rftl_s_rec,3,0.2,3.0,2,1.0
rftl_s_rec,3,0.2,3.0,3,1.0
rftl_s_rec,3,0.2,3.0,4,1.0
rftl_s_rec,3,0.2,3.0,5,1.0
rftl_s_rec,3,0.2,3.0,6,1.0
rftl_s_rec,3,0.2,3.0,7,1.0
rftl_s_rec,3,0.2,3.0,8,1.0
rftl_s_rec,3,0.2,3.0,9,1.0
rftl_s_rec,3,0.2,3.0,10,1.0
rftl_s_rec,3,0.2,3.0,11,1.0
rftl_s_rec,3,0.2,3.0,12,1.0
rftl_s_rec,3,0.2,3.0,13,1.0
rftl_s_rec,3,0.2,3.0,14,1.0
rftl_s_rec,3,0.2,3.0,15,1.0
rftl_s_rec,3,0.2,3.0,16,1.0
rftl_s_rec,3,0.2,3.0,17,1.0
rftl_s_rec,3,0.2,3.0,18,1.0
rftl_s_rec,3,0.2,3.0,19,1.0
rftl_s_rec,3,0.2,3.0,20,1.0
rftl_s_rec,3,0.2,3.0,21,1.0
rftl_s_rec,3,0.2,3.0,22,1.0
rftl_s_rec,3,0.2,3.0,23,1.0
rftl_s_rec,3,0.2,3.0,24,1.0
rftl_s_rec,3,0.2,3.0,25,1.0
rftl_s_rec,3,0.2,3.0,26,1.0
rftl_s_rec,3,0.2,3.0,27,1.0
rftl_s_rec,3,0.2,3.0,28,1.0
rftl_s_rec,3,0.2,3.0,29,1.0
rftl_s_rec,3,0.2,3.0,30,1.0
rftl_s_rec,3,0.2,3.0,31,1.0
rftl_s_rec,3,0.2,3.0,32,1.0
rftl_s_rec,3,0.2,3.0,33,1.0
rftl_s_rec,3,0.2,3.0,34,1.0
rftl_s_rec,3,0.2,3.0,35,1.0
rftl_s_rec,3,0.2,3.0,36,1.0
rftl_s_rec,3,0.2,3.0,37,1.0
rftl_s_rec,3,0.2,3.0,38,1.0
rftl_s_rec,3,0.2,3.0,39,1.0
rftl_s_rec,3,0.2,3.0,40,1.0
rftl_s_rec,3,0.2,3.0,41,1.0
rftl_s_rec,3,0.2,3.0,42,1.0
rftl_s_rec,3,0.2,3.0,43,1.0
rftl_s_rec,3,0.2,3.0,44,1.0
rftl_s_rec,3,0.2,3.0,45,1.0
rftl_s_rec,3,0.2,3.0,46,1.0
rftl_s_rec,3,0.2,3.0,47,1.0
rftl_s_rec,3,0.2,3.0,48,1.0
rftl_s_rec,3,0.2,3.0,49,1.0
rftl_s,3,0.2,3.0,0,0.06534479386201593
rftl_s,3,0.2,3.0,1,0.06634861437997068
rftl_s,3,0.2,3.0,2,0.07018886614169588
rftl_s,3,0.2,3.0,3,0.06805176540878997
rftl_s,3,0.2,3.0,4,0.04601965019621704
rftl_s,3,0.2,3.0,5,0.0410868300322827
rftl_s,3,0.2,3.0,6,0.057181542574491616
rftl_s,3,0.2,3.0,7,0.08840706187423227
rftl_s,3,0.2,3.0,8,0.07624732220901556
rftl_s,3,0.2,3.0,9,0.08796991387206723
rftl_s,3,0.2,3.0,10,0.08013098182208282
rftl_s,3,0.2,3.0,11,0.09819009294462953
rftl_s,3,0.2,3.0,12,0.04840873108513356
rftl_s,3,0.2,3.0,13,0.0713356930618277
rftl_s,3,0.2,3.0,14,0.08077536972057603
rftl_s,3,0.2,3.0,15,0.0605672298538053
rftl_s,3,0.2,3.0,16,0.05170555072710384
rftl_s,3,0.2,3.0,17,0.06313949513167898
rftl_s,3,0.2,3.0,18,0.07576593273980897
rftl_s,3,0.2,3.0,19,0.07398943806905073
rftl_s,3,0.2,3.0,20,0.05913351425968321
rftl_s,3,0.2,3.0,21,0.07264688165183562
rftl_s,3,0.2,3.0,22,0.0513229720007684
rftl_s,3,0.2,3.0,23,0.0675231098708586
rftl_s,3,0.2,3.0,24,0.07901200956163733
rftl_s,3,0.2,3.0,25,0.0783500170459644
rftl_s,3,0.2,3.0,26,0.04539527281319165
rftl_s,3,0.2,3.0,27,0.04796632033560481
rftl_s,3,0.2,3.0,28,0.08252019319359595
rftl_s,3,0.2,3.0,29,0.05170860403177738
rftl_s,3,0.2,3.0,30,0.06004754615564946
rftl_s,3,0.2,3.0,31,0.06940199212160958
rftl_s,3,0.2,3.0,32,0.04153438173242317
rftl_s,3,0.2,3.0,33,0.07772690094335846
rftl_s,3,0.2,3.0,34,0.061590804328267766
rftl_s,3,0.2,3.0,35,0.07896448327208268
rftl_s,3,0.2,3.0,36,0.06334236750862877
rftl_s,3,0.2,3.0,37,0.06360370014707312
rftl_s,3,0.2,3.0,38,0.07425685878380751
rftl_s,3,0.2,3.0,39,0.07828375955773764
rftl_s,3,0.2,3.0,40,0.04918010285540499
rftl_s,3,0.2,3.0,41,0.05126682248892064
rftl_s,3,0.2,3.0,42,0.08312042003902184
rftl_s,3,0.2,3.0,43,0.040605239912160675
rftl_s,3,0.2,3.0,44,0.06355011884404584
rftl_s,3,0.2,3.0,45,0.06681318283755601
rftl_s,3,0.2,3.0,46,0.06454933897125806
rftl_s,3,0.2,3.0,47,0.07807871685587914
rftl_s,3,0.2,3.0,48,0.06089858423529136
rftl_s,3,0.2,3.0,49,0.0619270356275395
baseline,3,0.3,,0,0.06647847310752114
baseline,3,0.3,,1,0.06792258208953611
baseline,3,0.3,,2,0.050450314298663486
baseline,3,0.3,,3,0.07016643900755666
baseline,3,0.3,,4,0.0763270617366791
baseline,3,0.3,,5,0.07298068795982078
baseline,3,0.3,,6,0.050409057459442776
baseline,3,0.3,,7,0.04519100923910332
baseline,3,0.3,,8,0.08273242356505885
baseline,3,0.3,,9,0.03833424867585915
baseline,3,0.3,,10,0.07297668899279171
baseline,3,0.3,,11,0.0819975484395199
baseline,3,0.3,,12,0.07849064968450471
baseline,3,0.3,,13,0.061820152650328274
baseline,3,0.3,,14,0.06283610984133502
baseline,3,0.3,,15,0.04855180416695202
baseline,3,0.3,,16,0.06152781391099037
baseline,3,0.3,,17,0.08915647733642088
baseline,3,0.3,,18,0.07275857639847054
baseline,3,0.3,,19,0.0923357620890222
baseline,3,0.3,,20,0.07486810486366437
baseline,3,0.3,,21,0.08087321725039809
baseline,3,0.3,,22,0.07457018011228406
baseline,3,0.3,,23,0.08384400763763401
baseline,3,0.3,,24,0.05396799456105677
baseline,3,0.3,,25,0.10185168538345699
baseline,3,0.3,,26,0.044155630811469386
baseline,3,0.3,,27,0.055698677865238425
baseline,3,0.3,,28,0.053447245851714634
baseline,3,0.3,,29,0.06232096441360071
baseline,3,0.3,,30,0.09920240776222797
baseline,3,0.3,,31,0.06407454903143431
baseline,3,0.3,,32,0.08672183334985475
baseline,3,0.3,,33,0.04606518422957529
baseline,3,0.3,,34,0.07455914424276223
baseline,3,0.3,,35,0.06806464460014384
baseline,3,0.3,,36,0.07781385991631079
baseline,3,0.3,,37,0.06007721379925745
baseline,3,0.3,,38,0.10548452999945722
baseline,3,0.3,,39,0.0752064020159508
baseline,3,0.3,,40,0.04809939334695168
baseline,3,0.3,,41,0.042822197565142744
baseline,3,0.3,,42,0.0716881907816698
baseline,3,0.3,,43,0.06677565694303651
baseline,3,0.3,,44,0.06818199389661284
baseline,3,0.3,,45,0.07369152772005833
baseline,3,0.3,,46,0.05999807895056178
baseline,3,0.3,,47,0.07721729120857722
baseline,3,0.3,,48,0.04883060229637325
baseline,3,0.3,,49,0.07179792313771452
rftl_s_prec,3,0.3,1.0,0,0.6222222222222222
rftl_s_prec,3,0.3,1.0,1,0.6222222222222222
rftl_s_prec,3,0.3,1.0,2,0.6222222222222222
rftl_s_prec,3,0.3,1.0,3,0.6222222222222222
rftl_s_prec,3,0.3,1.0,4,0.6222222222222222
rftl_s_prec,3,0.3,1.0,5,0.6222222222222222
rftl_s_prec,3,0.3,1.0,6,0.6222222222222222
rftl_s_prec,3,0.3,1.0,7,0.6222222222222222
rftl_s_prec,3,0.3,1.0,8,0.6222222222222222
rftl_s_prec,3,0.3,1.0,9,0.6222222222222222
rftl_s_prec,3,0.3,1.0,10,0.6222222222222222
rftl_s_prec,3,0.3,1.0,11,0.6222222222222222
rftl_s_prec,3,0.3,1.0,12,0.6222222222222222
rftl_s_prec,3,0.3,1.0,13,0.6222222222222222
rftl_s_prec,3,0.3,1.0,14,0.6222222222222222
rftl_s_prec,3,0.3,1.0,15,0.6222222222222222
rftl_s_prec,3,0.3,1.0,16,0.6222222222222222
rftl_s_prec,3,0.3,1.0,17,0.6222222222222222
rftl_s_prec,3,0.3,1.0,18,0.6222222222222222
rftl_s_prec,3,0.3,1.0,19,0.6222222222222222
rftl_s_prec,3,0.3,1.0,20,0.6222222222222222
rftl_s_prec,3,0.3,1.0,21,0.6222222222222222
rftl_s_prec,3,0.3,1.0,22,0.6222222222222222
rftl_s_prec,3,0.3,1.0,23,0.6222222222222222
rftl_s_prec,3,0.3,1.0,24,0.6222222222222222
rftl_s_prec,3,0.3,1.0,25,0.6222222222222222
rftl_s_prec,3,0.3,1.0,26,0.6222222222222222
rftl_s_prec,3,0.3,1.0,27,0.6222222222222222
rftl_s_prec,3,0.3,1.0,28,0.6222222222222222
rftl_s_prec,3,0.3,1.0,29,0.6222222222222222
rftl_s_prec,3,0.3,1.0,30,0.6222222222222222
rftl_s_prec,3,0.3,1.0,31,0.6222222222222222
rftl_s_prec,3,0.3,1.0,32,0.6222222222222222
rftl_s_prec,3,0.3,1.0,33,0.6222222222222222
rftl_s_prec,3,0.3,1.0,34,0.6222222222222222
rftl_s_prec,3,0.3,1.0,35,0.6222222222222222
rftl_s_prec,3,0.3,1.0,36,0.6222222222222222
rftl_s_prec,3,0.3,1.0,37,0.6222222222222222
rftl_s_prec,3,0.3,1.0,38,0.6222222222222222
rftl_s_prec,3,0.3,1.0,39,0.6222222222222222
rftl_s_prec,3,0.3,1.0,40,0.6222222222222222
rftl_s_prec,3,0.3,1.0,41,0.6222222222222222
rftl_s_prec,3,0.3,1.0,42,0.6222222222222222
rftl_s_prec,3,0.3,1.0,43,0.6222222222222222
rftl_s_prec,3,0.3,1.0,44,0.6222222222222222
rftl_s_prec,3,0.3,1.0,45,0.6222222222222222
rftl_s_prec,3,0.3,1.0,46,0.6222222222222222
rftl_s_prec,3,0.3,1.0,47,0.6222222222222222
rftl_s_prec,3,0.3,1.0,48,0.6222222222222222
rftl_s_prec,3,0.3,1.0,49,0.6222222222222222
rftl_s_rec,3,0.3,1.0,0,1.0
rftl_s_rec,3,0.3,1.0,1,1.0
rftl_s_rec,3,0.3,1.0,2,1.0
rftl_s_rec,3,0.3,1.0,3,1.0
rftl_s_rec,3,0.3,1.0,4,1.0
rftl_s_rec,3,0.3,1.0,5,1.0
rftl_s_rec,3,0.3,1.0,6,1.0
rftl_s_rec,3,0.3,1.0,7,1.0
rftl_s_rec,3,0.3,1.0,8,1.0
rftl_s_rec,3,0.3,1.0,9,1.0
rftl_s_rec,3,0.3,1.0,10,1.0
rftl_s_rec,3,0.3,1.0,11,1.0
rftl_s_rec,3,0.3,1.0,12,1.0
rftl_s_rec,3,0.3,1.0,13,1.0
rftl_s_rec,3,0.3,1.0,14,1.0
rftl_s_rec,3,0.3,1.0,15,1.0
rftl_s_rec,3,0.3,1.0,16,1.0
rftl_s_rec,3,0.3,1.0,17,1.0
rftl_s_rec,3,0.3,1.0,18,1.0
rftl_s_rec,3,0.3,1.0,19,1.0
rftl_s_rec,3,0.3,1.0,20,1.0
rftl_s_rec,3,0.3,1.0,21,1.0
rftl_s_rec,3,0.3,1.0,22,1.0
rftl_s_rec,3,0.3,1.0,23,1.0
rftl_s_rec,3,0.3,1.0,24,1.0
rftl_s_rec,3,0.3,1.0,25,1.0
rftl_s_rec,3,0.3,1.0,26,1.0
rftl_s_rec,3,0.3,1.0,27,1.0
rftl_s_rec,3,0.3,1.0,28,1.0
rftl_s_rec,3,0.3,1.0,29,1.0
rftl_s_rec,3,0.3,1.0,30,1.0
rftl_s_rec,3,0.3,1.0,31,1.0
rftl_s_rec,3,0.3,1.0,32,1.0
rftl_s_rec,3,0.3,1.0,33,1.0
rftl_s_rec,3,0.3,1.0,34,1.0
rftl_s_rec,3,0.3,1.0,35,1.0
rftl_s_rec,3,0.3,1.0,36,1.0
rftl_s_rec,3,0.3,1.0,37,1.0
rftl_s_rec,3,0.3,1.0,38,1.0
rftl_s_rec,3,0.3,1.0,39,1.0
rftl_s_rec,3,0.3,1.0,40,1.0
rftl_s_rec,3,0.3,1.0,41,1.0
rftl_s_rec,3,0.3,1.0,42,1.0
rftl_s_rec,3,0.3,1.0,43,1.0
rftl_s_rec,3,0.3,1.0,44,1.0
rftl_s_rec,3,0.3,1.0,45,1.0
rftl_s_rec,3,0.3,1.0,46,1.0
rftl_s_rec,3,0.3,1.0,47,1.0
rftl_s_rec,3,0.3,1.0,48,1.0
rftl_s_rec,3,0.3,1.0,49,1.0
rftl_s,3,0.3,1.0,0,0.0791284584020176
rftl_s,3,0.3,1.0,1,0.039508517150713136
rftl_s,3,0.3,1.0,2,0.08844280385954009
rftl_s,3,0.3,1.0,3,0.08347010874925864
rftl_s,3,0.3,1.0,4,0.06369188186355615
rftl_s,3,0.3,1.0,5,0.08121732292393306
rftl_s,3,0.3,1.0,6,0.06592045833675468
rftl_s,3,0.3,1.0,7,0.042126031532348104
rftl_s,3,0.3,1.0,8,0.05438397998593413
rftl_s,3,0.3,1.0,9,0.07046225691011966
rftl_s,3,0.3,1.0,10,0.08268481831886229
rftl_s,3,0.3,1.0,11,0.08948850988524333
rftl_s,3,0.3,1.0,12,0.061553964963087175
rftl_s,3,0.3,1.0,13,0.06554185580427403
rftl_s,3,0.3,1.0,14,0.07244489346980541
rftl_s,3,0.3,1.0,15,0.07434382748980632
rftl_s,3,0.3,1.0,16,0.06234449741579103
rftl_s,3,0.3,1.0,17,0.08716227934360016
rftl_s,3,0.3,1.0,18,0.07636706651203501
rftl_s,3,0.3,1.0,19,0.04440708105611126
rftl_s,3,0.3,1.0,20,0.07648536858237227
rftl_s,3,0.3,1.0,21,0.07816398722852008
rftl_s,3,0.3,1.0,22,0.03911702239986973
rftl_s,3,0.3,1.0,23,0.04871673859850441
rftl_s,3,0.3,1.0,24,0.06591494777315075
rftl_s,3,0.3,1.0,25,0.07086376488016426
rftl_s,3,0.3,1.0,26,0.05409436243965193
rftl_s,3,0.3,1.0,27,0.07078844333917783
rftl_s,3,0.3,1.0,28,0.11592637853284572
rftl_s,3,0.3,1.0,29,0.04300195043762148
rftl_s,3,0.3,1.0,30,0.04694954407377229
rftl_s,3,0.3,1.0,31,0.0582384615203572
rftl_s,3,0.3,1.0,32,0.05018859769638969
rftl_s,3,0.3,1.0,33,0.07244686225329701
rftl_s,3,0.3,1.0,34,0.0697798228978864
rftl_s,3,0.3,1.0,35,0.08169068427917983
rftl_s,3,0.3,1.0,36,0.08407985090361354
rftl_s,3,0.3,1.0,37,0.06081875959362613
rftl_s,3,0.3,1.0,38,0.07013223552973986
rftl_s,3,0.3,1.0,39,0.0549428194020984
rftl_s,3,0.3,1.0,40,0.05765805468631806
rftl_s,3,0.3,1.0,41,0.05117711461023792
rftl_s,3,0.3,1.0,42,0.074271175909395
rftl_s,3,0.3,1.0,43,0.059994873744807144
rftl_s,3,0.3,1.0,44,0.054690290358200104
rftl_s,3,0.3,1.0,45,0.07718729524808886
rftl_s,3,0.3,1.0,46,0.05939982701623186
rftl_s,3,0.3,1.0,47,0.06923774893618379
rftl_s,3,0.3,1.0,48,0.06407752495894455
rftl_s,3,0.3,1.0,49,0.07491684212117734
rftl_s_prec,3,0.3,1.345,0,0.7777777777777778
rftl_s_prec,3,0.3,1.345,1,0.8
rftl_s_prec,3,0.3,1.345,2,0.7567567567567568
rftl_s_prec,3,0.3,1.345,3,0.7
rftl_s_prec,3,0.3,1.345,4,0.875
rftl_s_prec,3,0.3,1.345,5,0.9655172413793104
rftl_s_prec,3,0.3,1.345,6,1.0
rftl_s_prec,3,0.3,1.345,7,0.8
rftl_s_prec,3,0.3,1.345,8,0.8
rftl_s_prec,3,0.3,1.345,9,0.717948717948718
rftl_s_prec,3,0.3,1.345,10,0.8484848484848485
rftl_s_prec,3,0.3,1.345,11,0.717948717948718
rftl_s_prec,3,0.3,1.345,12,0.7777777777777778
rftl_s_prec,3,0.3,1.345,13,0.7
rftl_s_prec,3,0.3,1.345,14,0.8
rftl_s_prec,3,0.3,1.345,15,0.8484848484848485
rftl_s_prec,3,0.3,1.345,16,0.875
rftl_s_prec,3,0.3,1.345,17,0.8
rftl_s_prec,3,0.3,1.345,18,0.7368421052631579
rftl_s_prec,3,0.3,1.345,19,0.717948717948718
rftl_s_prec,3,0.3,1.345,20,0.6829268292682927
rftl_s_prec,3,0.3,1.345,21,0.875
rftl_s_prec,3,0.3,1.345,22,0.7777777777777778
rftl_s_prec,3,0.3,1.345,23,0.9655172413793104
rftl_s_prec,3,0.3,1.345,24,0.7567567567567568
rftl_s_prec,3,0.3,1.345,25,0.717948717948718
rftl_s_prec,3,0.3,1.345,26,0.875
rftl_s_prec,3,0.3,1.345,27,0.7777777777777778
rftl_s_prec,3,0.3,1.345,28,0.7567567567567568
rftl_s_prec,3,0.3,1.345,29,0.875
rftl_s_prec,3,0.3,1.345,30,0.6829268292682927
rftl_s_prec,3,0.3,1.345,31,0.7368421052631579
rftl_s_prec,3,0.3,1.345,32,0.7368421052631579
rftl_s_prec,3,0.3,1.345,33,0.8
rftl_s_prec,3,0.3,1.345,34,0.7567567567567568
rftl_s_prec,3,0.3,1.345,35,0.7368421052631579
rftl_s_prec,3,0.3,1.345,36,0.9655172413793104
rftl_s_prec,3,0.3,1.345,37,0.8235294117647058
rftl_s_prec,3,0.3,1.345,38,0.9333333333333333
rftl_s_prec,3,0.3,1.345,39,0.9032258064516129
rftl_s_prec,3,0.3,1.345,40,0.9032258064516129
rftl_s_prec,3,0.3,1.345,41,0.8
rftl_s_prec,3,0.3,1.345,42,0.9032258064516129
rftl_s_prec,3,0.3,1.345,43,0.8
rftl_s_prec,3,0.3,1.345,44,0.8
rftl_s_prec,3,0.3,1.345,45,0.7368421052631579
rftl_s_prec,3,0.3,1.345,46,0.9032258064516129
rftl_s_prec,3,0.3,1.345,47,0.6666666666666666
rftl_s_prec,3,0.3,1.345,48,0.8
rftl_s_prec,3,0.3,1.345,49,0.8484848484848485
rftl_s_rec,3,0.3,1.345,0,1.0
rftl_s_rec,3,0.3,1.345,1,1.0
rftl_s_rec,3,0.3,1.345,2,1.0
rftl_s_rec,3,0.3,1.345,3,1.0
rftl_s_rec,3,0.3,1.345,4,1.0
rftl_s_rec,3,0.3,1.345,5,1.0
rftl_s_rec,3,0.3,1.345,6,1.0
rftl_s_rec,3,0.3,1.345,7,1.0
rftl_s_rec,3,0.3,1.345,8,1.0
rftl_s_rec,3,0.3,1.345,9,1.0
rftl_s_rec,3,0.3,1.345,10,1.0
rftl_s_rec,3,0.3,1.345,11,1.0
rftl_s_rec,3,0.3,1.345,12,1.0
rftl_s_rec,3,0.3,1.345,13,1.0
rftl_s_rec,3,0.3,1.345,14,1.0
rftl_s_rec,3,0.3,1.345,15,1.0
rftl_s_rec,3,0.3,1.345,16,1.0
rftl_s_rec,3,0.3,1.345,17,1.0
rftl_s_rec,3,0.3,1.345,18,1.0
rftl_s_rec,3,0.3,1.345,19,1.0
rftl_s_rec,3,0.3,1.345,20,1.0
rftl_s_rec,3,0.3,1.345,21,1.0
rftl_s_rec,3,0.3,1.345,22,1.0
rftl_s_rec,3,0.3,1.345,23,1.0
rftl_s_rec,3,0.3,1.345,24,1.0
rftl_s_rec,3,0.3,1.345,25,1.0
rftl_s_rec,3,0.3,1.345,26,1.0
rftl_s_rec,3,0.3,1.345,27,1.0
rftl_s_rec,3,0.3,1.345,28,1.0
rftl_s_rec,3,0.3,1.345,29,1.0
rftl_s_rec,3,0.3,1.345,30,1.0
rftl_s_rec,3,0.3,1.345,31,1.0
rftl_s_rec,3,0.3,1.345,32,1.0
rftl_s_rec,3,0.3,1.345,33,1.0
rftl_s_rec,3,0.3,1.345,34,1.0
rftl_s_rec,3,0.3,1.345,35,1.0
rftl_s_rec,3,0.3,1.345,36,1.0
rftl_s_rec,3,0.3,1.345,37,1.0
rftl_s_rec,3,0.3,1.345,38,1.0
rftl_s_rec,3,0.3,1.345,39,1.0
rftl_s_rec,3,0.3,1.345,40,1.0
rftl_s_rec,3,0.3,1.345,41,1.0
rftl_s_rec,3,0.3,1.345,42,1.0
rftl_s_rec,3,0.3,1.345,43,1.0
rftl_s_rec,3,0.3,1.345,44,1.0
rftl_s_rec,3,0.3,1.345,45,1.0
rftl_s_rec,3,0.3,1.345,46,1.0
rftl_s_rec,3,0.3,1.345,47,1.0
rftl_s_rec,3,0.3,1.345,48,1.0
rftl_s_rec,3,0.3,1.345,49,1.0
rftl_s,3,0.3,1.345,0,0.06961466025982306
rftl_s,3,0.3,1.345,1,0.05843229947827081
rftl_s,3,0.3,1.345,2,0.06003122576820739
rftl_s,3,0.3,1.345,3,0.04491447193401509
rftl_s,3,0.3,1.345,4,0.07819591232774063
rftl_s,3,0.3,1.345,5,0.05846978283132576
rftl_s,3,0.3,1.345,6,0.06305485610556225
rftl_s,3,0.3,1.345,7,0.07754430151190832
rftl_s,3,0.3,1.345,8,0.07540119656319023
rftl_s,3,0.3,1.345,9,0.06092730259331772
rftl_s,3,0.3,1.345,10,0.0853037903921058
rftl_s,3,0.3,1.345,11,0.0678386709940386
rftl_s,3,0.3,1.345,12,0.06938699428769524
rftl_s,3,0.3,1.345,13,0.061912799389012646
rftl_s,3,0.3,1.345,14,0.07053197942854893
rftl_s,3,0.3,1.345,15,0.07849777271075611
rftl_s,3,0.3,1.345,16,0.07257209058560146
rftl_s,3,0.3,1.345,17,0.07564978654120788
rftl_s,3,0.3,1.345,18,0.07165274172131837
rftl_s,3,0.3,1.345,19,0.049884444236879426
rftl_s,3,0.3,1.345,20,0.1076140667430054
rftl_s,3,0.3,1.345,21,0.054996251774131415
rftl_s,3,0.3,1.345,22,0.07147210318736814
rftl_s,3,0.3,1.345,23,0.08483514016623747
rftl_s,3,0.3,1.345,24,0.07715921484424704
rftl_s,3,0.3,1.345,25,0.05896943001063744
rftl_s,3,0.3,1.345,26,0.03910328641782591
rftl_s,3,0.3,1.345,27,0.10865070518979009
rftl_s,3,0.3,1.345,28,0.04721517801081832
rftl_s,3,0.3,1.345,29,0.06335643490779161
rftl_s,3,0.3,1.345,30,0.07567543885614263
rftl_s,3,0.3,1.345,31,0.05465998495653312
rftl_s,3,0.3,1.345,32,0.058376191782285175
rftl_s,3,0.3,1.345,33,0.07624494477189257
rftl_s,3,0.3,1.345,34,0.088517105271023
rftl_s,3,0.3,1.345,35,0.05095048221060328
rftl_s,3,0.3,1.345,36,0.0727305377036319
rftl_s,3,0.3,1.345,37,0.0623362159948045
rftl_s,3,0.3,1.345,38,0.08665867911333328
rftl_s,3,0.3,1.345,39,0.06635697890080969
rftl_s,3,0.3,1.345,40,0.04413007803242134
rftl_s,3,0.3,1.345,41,0.050676311834893475
rftl_s,3,0.3,1.345,42,0.08696305675463971
rftl_s,3,0.3,1.345,43,0.05624374454511145
rftl_s,3,0.3,1.345,44,0.06655295929168505
rftl_s,3,0.3,1.345,45,0.08201906188235526
rftl_s,3,0.3,1.345,46,0.06353605448633932
rftl_s,3,0.3,1.345,47,0.0577577090461638
rftl_s,3,0.3,1.345,48,0.06710412254157669
rftl_s,3,0.3,1.345,49,0.0563331085613682
rftl_s_prec,3,0.3,2.0,0,1.0
rftl_s_prec,3,0.3,2.0,1,1.0
rftl_s_prec,3,0.3,2.0,2,1.0
rftl_s_prec,3,0.3,2.0,3,1.0
rftl_s_prec,3,0.3,2.0,4,1.0
rftl_s_prec,3,0.3,2.0,5,1.0
rftl_s_prec,3,0.3,2.0,6,1.0
rftl_s_prec,3,0.3,2.0,7,1.0
rftl_s_prec,3,0.3,2.0,8,1.0
rftl_s_prec,3,0.3,2.0,9,1.0
rftl_s_prec,3,0.3,2.0,10,1.0
rftl_s_prec,3,0.3,2.0,11,1.0
rftl_s_prec,3,0.3,2.0,12,1.0
rftl_s_prec,3,0.3,2.0,13,1.0
rftl_s_prec,3,0.3,2.0,14,1.0
rftl_s_prec,3,0.3,2.0,15,1.0
rftl_s_prec,3,0.3,2.0,16,1.0
rftl_s_prec,3,0.3,2.0,17,1.0
rftl_s_prec,3,0.3,2.0,18,1.0
rftl_s_prec,3,0.3,2.0,19,1.0
rftl_s_prec,3,0.3,2.0,20,1.0
rftl_s_prec,3,0.3,2.0,21,1.0
rftl_s_prec,3,0.3,2.0,22,1.0
rftl_s_prec,3,0.3,2.0,23,1.0
rftl_s_prec,3,0.3,2.0,24,1.0
rftl_s_prec,3,0.3,2.0,25,1.0
rftl_s_prec,3,0.3,2.0,26,1.0
rftl_s_prec,3,0.3,2.0,27,1.0
rftl_s_prec,3,0.3,2.0,28,1.0
rftl_s_prec,3,0.3,2.0,29,1.0
rftl_s_prec,3,0.3,2.0,30,0.875
rftl_s_prec,3,0.3,2.0,31,1.0
rftl_s_prec,3,0.3,2.0,32,1.0
rftl_s_prec,3,0.3,2.0,33,0.9655172413793104
rftl_s_prec,3,0.3,2.0,34,1.0
rftl_s_prec,3,0.3,2.0,35,1.0
rftl_s_prec,3,0.3,2.0,36,1.0
rftl_s_prec,3,0.3,2.0,37,1.0
rftl_s_prec,3,0.3,2.0,38,1.0
rftl_s_prec,3,0.3,2.0,39,1.0
rftl_s_prec,3,0.3,2.0,40,1.0
rftl_s_prec,3,0.3,2.0,41,1.0
rftl_s_prec,3,0.3,2.0,42,1.0
rftl_s_prec,3,0.3,2.0,43,1.0
rftl_s_prec,3,0.3,2.0,44,1.0
rftl_s_prec,3,0.3,2.0,45,1.0
rftl_s_prec,3,0.3,2.0,46,1.0
rftl_s_prec,3,0.3,2.0,47,0.9655172413793104
rftl_s_prec,3,0.3,2.0,48,1.0
rftl_s_prec,3,0.3,2.0,49,1.0
rftl_s_rec,3,0.3,2.0,0,1.0
rftl_s_rec,3,0.3,2.0,1,1.0
rftl_s_rec,3,0.3,2.0,2,1.0
rftl_s_rec,3,0.3,2.0,3,1.0
rftl_s_rec,3,0.3,2.0,4,1.0
rftl_s_rec,3,0.3,2.0,5,1.0
rftl_s_rec,3,0.3,2.0,6,1.0
rftl_s_rec,3,0.3,2.0,7,1.0
rftl_s_rec,3,0.3,2.0,8,1.0
rftl_s_rec,3,0.3,2.0,9,1.0
rftl_s_rec,3,0.3,2.0,10,1.0
rftl_s_rec,3,0.3,2.0,11,1.0
rftl_s_rec,3,0.3,2.0,12,1.0
rftl_s_rec,3,0.3,2.0,13,1.0
rftl_s_rec,3,0.3,2.0,14,1.0
rftl_s_rec,3,0.3,2.0,15,1.0
rftl_s_rec,3,0.3,2.0,16,1.0
rftl_s_rec,3,0.3,2.0,17,1.0
rftl_s_rec,3,0.3,2.0,18,1.0
rftl_s_rec,3,0.3,2.0,19,1.0
rftl_s_rec,3,0.3,2.0,20,1.0
rftl_s_rec,3,0.3,2.0,21,1.0
rftl_s_rec,3,0.3,2.0,22,1.0
rftl_s_rec,3,0.3,2.0,23,1.0
rftl_s_rec,3,0.3,2.0,24,1.0
rftl_s_rec,3,0.3,2.0,25,1.0
rftl_s_rec,3,0.3,2.0,26,1.0
rftl_s_rec,3,0.3,2.0,27,1.0
rftl_s_rec,3,0.3,2.0,28,1.0
rftl_s_rec,3,0.3,2.0,29,1.0
rftl_s_rec,3,0.3,2.0,30,1.0
rftl_s_rec,3,0.3,2.0,31,1.0
rftl_s_rec,3,0.3,2.0,32,1.0
rftl_s_rec,3,0.3,2.0,33,1.0
rftl_s_rec,3,0.3,2.0,34,1.0
rftl_s_rec,3,0.3,2.0,35,1.0
rftl_s_rec,3,0.3,2.0,36,1.0
rftl_s_rec,3,0.3,2.0,37,1.0
rftl_s_rec,3,0.3,2.0,38,1.0
rftl_s_rec,3,0.3,2.0,39,1.0
rftl_s_rec,3,0.3,2.0,40,1.0
rftl_s_rec,3,0.3,2.0,41,1.0
rftl_s_rec,3,0.3,2.0,42,1.0
rftl_s_rec,3,0.3,2.0,43,1.0
rftl_s_rec,3,0.3,2.0,44,1.0
rftl_s_rec,3,0.3,2.0,45,1.0
rftl_s_rec,3,0.3,2.0,46,1.0
rftl_s_rec,3,0.3,2.0,47,1.0
rftl_s_rec,3,0.3,2.0,48,1.0
rftl_s_rec,3,0.3,2.0,49,1.0
rftl_s,3,0.3,2.0,0,0.05964519426022565
rftl_s,3,0.3,2.0,1,0.07317004754328708
rftl_s,3,0.3,2.0,2,0.06722543612408859
rftl_s,3,0.3,2.0,3,0.08338779056901909
rftl_s,3,0.3,2.0,4,0.06427753105722868
rftl_s,3,0.3,2.0,5,0.07020761806537332
rftl_s,3,0.3,2.0,6,0.07490953792294253
rftl_s,3,0.3,2.0,7,0.037934242926009776
rftl_s,3,0.3,2.0,8,0.05013479030222471
rftl_s,3,0.3,2.0,9,0.07005579810954117
rftl_s,3,0.3,2.0,10,0.07414078158703995
rftl_s,3,0.3,2.0,11,0.0833941851228485
rftl_s,3,0.3,2.0,12,0.07085647134770705
rftl_s,3,0.3,2.0,13,0.07101744058584433
rftl_s,3,0.3,2.0,14,0.059861288087673166
rftl_s,3,0.3,2.0,15,0.0690615217140069
rftl_s,3,0.3,2.0,16,0.059086314073449483
rftl_s,3,0.3,2.0,17,0.10040816653776288
rftl_s,3,0.3,2.0,18,0.06930156527829623
rftl_s,3,0.3,2.0,19,0.11041360271419841
rftl_s,3,0.3,2.0,20,0.05735408372880405
rftl_s,3,0.3,2.0,21,0.06296716968527641
rftl_s,3,0.3,2.0,22,0.0888466465819938
rftl_s,3,0.3,2.0,23,0.0703975772948636
rftl_s,3,0.3,2.0,24,0.06217034369095385
rftl_s,3,0.3,2.0,25,0.09224354172204444
rftl_s,3,0.3,2.0,26,0.04762608202273865
rftl_s,3,0.3,2.0,27,0.05391557118415268
rftl_s,3,0.3,2.0,28,0.05129436062518732
rftl_s,3,0.3,2.0,29,0.05378329978419331
rftl_s,3,0.3,2.0,30,0.05540052165562712
rftl_s,3,0.3,2.0,31,0.06083679001474849
rftl_s,3,0.3,2.0,32,0.05325835365068953
rftl_s,3,0.3,2.0,33,0.060257937072437734
rftl_s,3,0.3,2.0,34,0.040748847842904494
rftl_s,3,0.3,2.0,35,0.0744172146783868
rftl_s,3,0.3,2.0,36,0.06554738781423382
rftl_s,3,0.3,2.0,37,0.04166212134688005
rftl_s,3,0.3,2.0,38,0.09634091353102404
rftl_s,3,0.3,2.0,39,0.07652977689158827
rftl_s,3,0.3,2.0,40,0.04727705974073734
rftl_s,3,0.3,2.0,41,0.04599443267178981
rftl_s,3,0.3,2.0,42,0.07412369105379565
rftl_s,3,0.3,2.0,43,0.03854764365504186
rftl_s,3,0.3,2.0,44,0.06505956681882528
rftl_s,3,0.3,2.0,45,0.037369915068895136
rftl_s,3,0.3,2.0,46,0.04804604176134806
rftl_s,3,0.3,2.0,47,0.08162487933283595
rftl_s,3,0.3,2.0,48,0.08201798085545181
rftl_s,3,0.3,2.0,49,0.06404572879908006
rftl_s_prec,3,0.3,3.0,0,1.0
rftl_s_prec,3,0.3,3.0,1,1.0
rftl_s_prec,3,0.3,3.0,2,1.0
rftl_s_prec,3,0.3,3.0,3,1.0
rftl_s_prec,3,0.3,3.0,4,1.0
rftl_s_prec,3,0.3,3.0,5,1.0
rftl_s_prec,3,0.3,3.0,6,1.0
rftl_s_prec,3,0.3,3.0,7,1.0
rftl_s_prec,3,0.3,3.0,8,1.0
rftl_s_prec,3,0.3,3.0,9,1.0
rftl_s_prec,3,0.3,3.0,10,1.0
rftl_s_prec,3,0.3,3.0,11,1.0
rftl_s_prec,3,0.3,3.0,12,1.0
rftl_s_prec,3,0.3,3.0,13,1.0
rftl_s_prec,3,0.3,3.0,14,1.0
rftl_s_prec,3,0.3,3.0,15,1.0
rftl_s_prec,3,0.3,3.0,16,1.0
rftl_s_prec,3,0.3,3.0,17,1.0
rftl_s_prec,3,0.3,3.0,18,1.0
rftl_s_prec,3,0.3,3.0,19,1.0
rftl_s_prec,3,0.3,3.0,20,1.0
rftl_s_prec,3,0.3,3.0,21,1.0
rftl_s_prec,3,0.3,3.0,22,1.0
rftl_s_prec,3,0.3,3.0,23,1.0
rftl_s_prec,3,0.3,3.0,24,1.0
rftl_s_prec,3,0.3,3.0,25,1.0
rftl_s_prec,3,0.3,3.0,26,1.0
rftl_s_prec,3,0.3,3.0,27,1.0
rftl_s_prec,3,0.3,3.0,28,1.0
rftl_s_prec,3,0.3,3.0,29,1.0
rftl_s_prec,3,0.3,3.0,30,1.0
rftl_s_prec,3,0.3,3.0,31,1.0
rftl_s_prec,3,0.3,3.0,32,1.0
rftl_s_prec,3,0.3,3.0,33,1.0
rftl_s_prec,3,0.3,3.0,34,1.0
rftl_s_prec,3,0.3,3.0,35,1.0
rftl_s_prec,3,0.3,3.0,36,1.0
rftl_s_prec,3,0.3,3.0,37,1.0
rftl_s_prec,3,0.3,3.0,38,1.0
rftl_s_prec,3,0.3,3.0,39,1.0
rftl_s_prec,3,0.3,3.0,40,1.0
rftl_s_prec,3,0.3,3.0,41,1.0
rftl_s_prec,3,0.3,3.0,42,1.0
rftl_s_prec,3,0.3,3.0,43,1.0
rftl_s_prec,3,0.3,3.0,44,1.0
rftl_s_prec,3,0.3,3.0,45,1.0
rftl_s_prec,3,0.3,3.0,46,1.0
rftl_s_prec,3,0.3,3.0,47,1.0
rftl_s_prec,3,0.3,3.0,48,1.0
rftl_s_prec,3,0.3,3.0,49,1.0
rftl_s_rec,3,0.3,3.0,0,1.0
rftl_s_rec,3,0.3,3.0,1,1.0
rftl_s_rec,3,0.3,3.0,2,1.0
rftl_s_rec,3,0.3,3.0,3,1.0
rftl_s_rec,3,0.3,3.0,4,1.0
rftl_s_rec,3,0.3,3.0,5,1.0
rftl_s_rec,3,0.3,3.0,6,1.0
rftl_s_rec,3,0.3,3.0,7,1.0
rftl_s_rec,3,0.3,3.0,8,1.0
rftl_s_rec,3,0.3,3.0,9,1.0
rftl_s_rec,3,0.3,3.0,10,1.0
rftl_s_rec,3,0.3,3.0,11,1.0
rftl_s_rec,3,0.3,3.0,12,1.0
rftl_s_rec,3,0.3,3.0,13,1.0
rftl_s_rec,3,0.3,3.0,14,1.0
rftl_s_rec,3,0.3,3.0,15,1.0
rftl_s_rec,3,0.3,3.0,16,1.0
rftl_s_rec,3,0.3,3.0,17,1.0
rftl_s_rec,3,0.3,3.0,18,1.0
rftl_s_rec,3,0.3,3.0,19,1.0
rftl_s_rec,3,0.3,3.0,20,1.0
rftl_s_rec,3,0.3,3.0,21,1.0
rftl_s_rec,3,0.3,3.0,22,1.0
rftl_s_rec,3,0.3,3.0,23,1.0
rftl_s_rec,3,0.3,3.0,24,1.0
rftl_s_rec,3,0.3,3.0,25,1.0
rftl_s_rec,3,0.3,3.0,26,1.0
rftl_s_rec,3,0.3,3.0,27,1.0
rftl_s_rec,3,0.3,3.0,28,1.0
rftl_s_rec,3,0.3,3.0,29,1.0
rftl_s_rec,3,0.3,3.0,30,1.0
rftl_s_rec,3,0.3,3.0,31,1.0
rftl_s_rec,3,0.3,3.0,32,1.0
rftl_s_rec,3,0.3,3.0,33,1.0
rftl_s_rec,3,0.3,3.0,34,1.0
rftl_s_rec,3,0.3,3.0,35,1.0
rftl_s_rec,3,0.3,3.0,36,1.0
rftl_s_rec,3,0.3,3.0,37,1.0
rftl_s_rec,3,0.3,3.0,38,1.0
rftl_s_rec,3,0.3,3.0,39,1.0
rftl_s_rec,3,0.3,3.0,40,1.0
rftl_s_rec,3,0.3,3.0,41,1.0
rftl_s_rec,3,0.3,3.0,42,1.0
rftl_s_rec,3,0.3,3.0,43,1.0
rftl_s_rec,3,0.3,3.0,44,1.0
rftl_s_rec,3,0.3,3.0,45,1.0
rftl_s_rec,3,0.3,3.0,46,1.0
rftl_s_rec,3,0.3,3.0,47,1.0
rftl_s_rec,3,0.3,3.0,48,1.0
rftl_s_rec,3,0.3,3.0,49,1.0
rftl_s,3,0.3,3.0,0,0.06937441135864097
rftl_s,3,0.3,3.0,1,0.08446229225502291
rftl_s,3,0.3,3.0,2,0.04385325476783341
rftl_s,3,0.3,3.0,3,0.05267670165260046
rftl_s,3,0.3,3.0,4,0.05796856131572596
rftl_s,3,0.3,3.0,5,0.06034139218951078
rftl_s,3,0.3,3.0,6,0.06539329757771434
rftl_s,3,0.3,3.0,7,0.07811243094423014
rftl_s,3,0.3,3.0,8,0.061633816460431055
rftl_s,3,0.3,3.0,9,0.0769075966683815
rftl_s,3,0.3,3.0,10,0.09137379616985807
rftl_s,3,0.3,3.0,11,0.04695825111419559
rftl_s,3,0.3,3.0,12,0.06508970847322118
rftl_s,3,0.3,3.0,13,0.053754912228248894
rftl_s,3,0.3,3.0,14,0.07229787428379177
rftl_s,3,0.3,3.0,15,0.0531884087736249
rftl_s,3,0.3,3.0,16,0.07595235698988999
rftl_s,3,0.3,3.0,17,0.0846147250641911
rftl_s,3,0.3,3.0,18,0.07405983341403496
rftl_s,3,0.3,3.0,19,0.08256002414985193
rftl_s,3,0.3,3.0,20,0.08011144770515796
rftl_s,3,0.3,3.0,21,0.0891953404716031
rftl_s,3,0.3,3.0,22,0.05744894867274056
rftl_s,3,0.3,3.0,23,0.06542132218481458
rftl_s,3,0.3,3.0,24,0.04497162056365781
rftl_s,3,0.3,3.0,25,0.08802277931573704
rftl_s,3,0.3,3.0,26,0.07502493682694873
rftl_s,3,0.3,3.0,27,0.06764111199053363
rftl_s,3,0.3,3.0,28,0.04952492549606178
rftl_s,3,0.3,3.0,29,0.06237804011543117
rftl_s,3,0.3,3.0,30,0.09046120908688263
rftl_s,3,0.3,3.0,31,0.04084347087949353
rftl_s,3,0.3,3.0,32,0.07628785449115522
rftl_s,3,0.3,3.0,33,0.0729890444937886
rftl_s,3,0.3,3.0,34,0.07015723508898125
rftl_s,3,0.3,3.0,35,0.04586202942298697
rftl_s,3,0.3,3.0,36,0.06526626477400174
rftl_s,3,0.3,3.0,37,0.06827521314328697
rftl_s,3,0.3,3.0,38,0.05428551167169902
rftl_s,3,0.3,3.0,39,0.09658071973467731
rftl_s,3,0.3,3.0,40,0.0529816227023271
rftl_s,3,0.3,3.0,41,0.08252025954074152
rftl_s,3,0.3,3.0,42,0.08140768733495175
rftl_s,3,0.3,3.0,43,0.0356174410574257
rftl_s,3,0.3,3.0,44,0.07483046353757332
rftl_s,3,0.3,3.0,45,0.08217655367844032
rftl_s,3,0.3,3.0,46,0.05989316614453312
rftl_s,3,0.3,3.0,47,0.04062837571049757
rftl_s,3,0.3,3.0,48,0.05115533781257519
rftl_s,3,0.3,3.0,49,0.03654479630362151
baseline,5,0.05,,0,0.05697085431473211
baseline,5,0.05,,1,0.07864287479301992
baseline,5,0.05,,2,0.05934476165497182
baseline,5,0.05,,3,0.04850256837564767
baseline,5,0.05,,4,0.06531861616398103
baseline,5,0.05,,5,0.05181763831049679
baseline,5,0.05,,6,0.06745524141508595
baseline,5,0.05,,7,0.06921581705945136
baseline,5,0.05,,8,0.04763520548781279
baseline,5,0.05,,9,0.07294343029269967
baseline,5,0.05,,10,0.08091196457293728
baseline,5,0.05,,11,0.05078920405204612
baseline,5,0.05,,12,0.05046638213603328
baseline,5,0.05,,13,0.05762988886562301
baseline,5,0.05,,14,0.06615386125381409
baseline,5,0.05,,15,0.06440512153910317
baseline,5,0.05,,16,0.04657347892681277
baseline,5,0.05,,17,0.07068595735543579
baseline,5,0.05,,18,0.07052826467312703
baseline,5,0.05,,19,0.061235148077858084
baseline,5,0.05,,20,0.09539954611810117
baseline,5,0.05,,21,0.05762902804572808
baseline,5,0.05,,22,0.08399114165677382
baseline,5,0.05,,23,0.047270655648756515
baseline,5,0.05,,24,0.06694862836156494
baseline,5,0.05,,25,0.06677405209250596
baseline,5,0.05,,26,0.055248346983682736
baseline,5,0.05,,27,0.05041784360161779
baseline,5,0.05,,28,0.08196290306690573
baseline,5,0.05,,29,0.0634822992791826
baseline,5,0.05,,30,0.08588871389795287
baseline,5,0.05,,31,0.06159024465764577
baseline,5,0.05,,32,0.07023056259372569
baseline,5,0.05,,33,0.04387070989588904
baseline,5,0.05,,34,0.040903271764978454
baseline,5,0.05,,35,0.044834031717010024
baseline,5,0.05,,36,0.06262054850387949
baseline,5,0.05,,37,0.06772541865797023
baseline,5,0.05,,38,0.07125768144638393
baseline,5,0.05,,39,0.08117130004902208
baseline,5,0.05,,40,0.07389584650251632
baseline,5,0.05,,41,0.08458453665966302
baseline,5,0.05,,42,0.07152425046892441
baseline,5,0.05,,43,0.08722397543726926
baseline,5,0.05,,44,0.06868209868479053
baseline,5,0.05,,45,0.05139863638318
baseline,5,0.05,,46,0.06494689660588346
baseline,5,0.05,,47,0.06323245373267387
baseline,5,0.05,,48,0.045089092133453065
baseline,5,0.05,,49,0.06042533262467621
rftl_s_prec,5,0.05,1.0,0,0.13333333333333333
rftl_s_prec,5,0.05,1.0,1,0.13333333333333333
rftl_s_prec,5,0.05,1.0,2,0.13333333333333333
rftl_s_prec,5,0.05,1.0,3,0.13333333333333333
rftl_s_prec,5,0.05,1.0,4,0.13333333333333333
rftl_s_prec,5,0.05,1.0,5,0.13333333333333333
rftl_s_prec,5,0.05,1.0,6,0.13333333333333333
rftl_s_prec,5,0.05,1.0,7,0.13333333333333333
rftl_s_prec,5,0.05,1.0,8,0.13333333333333333
rftl_s_prec,5,0.05,1.0,9,0.13333333333333333
rftl_s_prec,5,0.05,1.0,10,0.13333333333333333
rftl_s_prec,5,0.05,1.0,11,0.13333333333333333
rftl_s_prec,5,0.05,1.0,12,0.13333333333333333
rftl_s_prec,5,0.05,1.0,13,0.13333333333333333
rftl_s_prec,5,0.05,1.0,14,0.13333333333333333
rftl_s_prec,5,0.05,1.0,15,0.13333333333333333
rftl_s_prec,5,0.05,1.0,16,0.13333333333333333
rftl_s_prec,5,0.05,1.0,17,0.13333333333333333
rftl_s_prec,5,0.05,1.0,18,0.13333333333333333
rftl_s_prec,5,0.05,1.0,19,0.13333333333333333
rftl_s_prec,5,0.05,1.0,20,0.13333333333333333
rftl_s_prec,5,0.05,1.0,21,0.13333333333333333
rftl_s_prec,5,0.05,1.0,22,0.13333333333333333
rftl_s_prec,5,0.05,1.0,23,0.13333333333333333
rftl_s_prec,5,0.05,1.0,24,0.13333333333333333
rftl_s_prec,5,0.05,1.0,25,0.13333333333333333
rftl_s_prec,5,0.05,1.0,26,0.13333333333333333
rftl_s_prec,5,0.05,1.0,27,0.13333333333333333
rftl_s_prec,5,0.05,1.0,28,0.13333333333333333
rftl_s_prec,5,0.05,1.0,29,0.13333333333333333
rftl_s_prec,5,0.05,1.0,30,0.13333333333333333
rftl_s_prec,5,0.05,1.0,31,0.13333333333333333
rftl_s_prec,5,0.05,1.0,32,0.13333333333333333
rftl_s_prec,5,0.05,1.0,33,0.13333333333333333
rftl_s_prec,5,0.05,1.0,34,0.13333333333333333
rftl_s_prec,5,0.05,1.0,35,0.13333333333333333
rftl_s_prec,5,0.05,1.0,36,0.13333333333333333
rftl_s_prec,5,0.05,1.0,37,0.13333333333333333
rftl_s_prec,5,0.05,1.0,38,0.13333333333333333
rftl_s_prec,5,0.05,1.0,39,0.13333333333333333
rftl_s_prec,5,0.05,1.0,40,0.13333333333333333
rftl_s_prec,5,0.05,1.0,41,0.13333333333333333
rftl_s_prec,5,0.05,1.0,42,0.13333333333333333
rftl_s_prec,5,0.05,1.0,43,0.13333333333333333
rftl_s_prec,5,0.05,1.0,44,0.13333333333333333
rftl_s_prec,5,0.05,1.0,45,0.13333333333333333
rftl_s_prec,5,0.05,1.0,46,0.13333333333333333
rftl_s_prec,5,0.05,1.0,47,0.13333333333333333
rftl_s_prec,5,0.05,1.0,48,0.13333333333333333
rftl_s_prec,5,0.05,1.0,49,0.13333333333333333
rftl_s_rec,5,0.05,1.0,0,1.0
rftl_s_rec,5,0.05,1.0,1,1.0
rftl_s_rec,5,0.05,1.0,2,1.0
rftl_s_rec,5,0.05,1.0,3,1.0
rftl_s_rec,5,0.05,1.0,4,1.0
rftl_s_rec,5,0.05,1.0,5,1.0
rftl_s_rec,5,0.05,1.0,6,1.0
rftl_s_rec,5,0.05,1.0,7,1.0
rftl_s_rec,5,0.05,1.0,8,1.0
rftl_s_rec,5,0.05,1.0,9,1.0
rftl_s_rec,5,0.05,1.0,10,1.0
rftl_s_rec,5,0.05,1.0,11,1.0
rftl_s_rec,5,0.05,1.0,12,1.0
rftl_s_rec,5,0.05,1.0,13,1.0
rftl_s_rec,5,0.05,1.0,14,1.0
rftl_s_rec,5,0.05,1.0,15,1.0
rftl_s_rec,5,0.05,1.0,16,1.0
rftl_s_rec,5,0.05,1.0,17,1.0
rftl_s_rec,5,0.05,1.0,18,1.0
rftl_s_rec,5,0.05,1.0,19,1.0
rftl_s_rec,5,0.05,1.0,20,1.0
rftl_s_rec,5,0.05,1.0,21,1.0
rftl_s_rec,5,0.05,1.0,22,1.0
rftl_s_rec,5,0.05,1.0,23,1.0
rftl_s_rec,5,0.05,1.0,24,1.0
rftl_s_rec,5,0.05,1.0,25,1.0
rftl_s_rec,5,0.05,1.0,26,1.0
rftl_s_rec,5,0.05,1.0,27,1.0
rftl_s_rec,5,0.05,1.0,28,1.0
rftl_s_rec,5,0.05,1.0,29,1.0
rftl_s_rec,5,0.05,1.0,30,1.0
rftl_s_rec,5,0.05,1.0,31,1.0
rftl_s_rec,5,0.05,1.0,32,1.0
rftl_s_rec,5,0.05,1.0,33,1.0
rftl_s_rec,5,0.05,1.0,34,1.0
rftl_s_rec,5,0.05,1.0,35,1.0
rftl_s_rec,5,0.05,1.0,36,1.0
rftl_s_rec,5,0.05,1.0,37,1.0
rftl_s_rec,5,0.05,1.0,38,1.0
rftl_s_rec,5,0.05,1.0,39,1.0
rftl_s_rec,5,0.05,1.0,40,1.0
rftl_s_rec,5,0.05,1.0,41,1.0
rftl_s_rec,5,0.05,1.0,42,1.0
rftl_s_rec,5,0.05,1.0,43,1.0
rftl_s_rec,5,0.05,1.0,44,1.0
rftl_s_rec,5,0.05,1.0,45,1.0
rftl_s_rec,5,0.05,1.0,46,1.0
rftl_s_rec,5,0.05,1.0,47,1.0
rftl_s_rec,5,0.05,1.0,48,1.0
rftl_s_rec,5,0.05,1.0,49,1.0
rftl_s,5,0.05,1.0,0,0.07244508805005538
rftl_s,5,0.05,1.0,1,0.08577419970484815
rftl_s,5,0.05,1.0,2,0.04233987691034295
rftl_s,5,0.05,1.0,3,0.04027411207143431
rftl_s,5,0.05,1.0,4,0.04689722414008475
rftl_s,5,0.05,1.0,5,0.05648310042531106
rftl_s,5,0.05,1.0,6,0.03680501020670487
rftl_s,5,0.05,1.0,7,0.06230580929284389
rftl_s,5,0.05,1.0,8,0.05138089890403875
rftl_s,5,0.05,1.0,9,0.04459707047385645
rftl_s,5,0.05,1.0,10,0.07067200495186525
rftl_s,5,0.05,1.0,11,0.08941455015463445
rftl_s,5,0.05,1.0,12,0.04163648075760425
rftl_s,5,0.05,1.0,13,0.0760479606313047
rftl_s,5,0.05,1.0,14,0.05633339521912501
rftl_s,5,0.05,1.0,15,0.053010079464060424
rftl_s,5,0.05,1.0,16,0.047738317779086235
rftl_s,5,0.05,1.0,17,0.07691499345768925
rftl_s,5,0.05,1.0,18,0.0732344345754861
rftl_s,5,0.05,1.0,19,0.07389671621892005
rftl_s,5,0.05,1.0,20,0.06675057775491582
rftl_s,5,0.05,1.0,21,0.07738373841266677
rftl_s,5,0.05,1.0,22,0.05658600377952535
rftl_s,5,0.05,1.0,23,0.06576397713718614
rftl_s,5,0.05,1.0,24,0.0694483678086877
rftl_s,5,0.05,1.0,25,0.04833322295868779
rftl_s,5,0.05,1.0,26,0.040489900483839915
rftl_s,5,0.05,1.0,27,0.06470538795762909
rftl_s,5,0.05,1.0,28,0.05918039223931306
rftl_s,5,0.05,1.0,29,0.06695458935560547
rftl_s,5,0.05,1.0,30,0.09745753355876748
rftl_s,5,0.05,1.0,31,0.05939292231155613
rftl_s,5,0.05,1.0,32,0.0665006105317357
rftl_s,5,0.05,1.0,33,0.060459313140698544
rftl_s,5,0.05,1.0,34,0.042212735156158636
rftl_s,5,0.05,1.0,35,0.06504558602913234
rftl_s,5,0.05,1.0,36,0.042866389851621514
rftl_s,5,0.05,1.0,37,0.07026611806680114
rftl_s,5,0.05,1.0,38,0.05115443708615552
rftl_s,5,0.05,1.0,39,0.08076149426149998
rftl_s,5,0.05,1.0,40,0.09087060357745713
rftl_s,5,0.05,1.0,41,0.06261978072222074
rftl_s,5,0.05,1.0,42,0.07161307775120004
rftl_s,5,0.05,1.0,43,0.06833038012272064
rftl_s,5,0.05,1.0,44,0.04309188785654975
rftl_s,5,0.05,1.0,45,0.048950066093018635
rftl_s,5,0.05,1.0,46,0.05294879561668055
rftl_s,5,0.05,1.0,47,0.07415727368631471
rftl_s,5,0.05,1.0,48,0.06639667005135261
rftl_s,5,0.05,1.0,49,0.07071036145921823
rftl_s_prec,5,0.05,1.345,0,0.1875
rftl_s_prec,5,0.05,1.345,1,0.1935483870967742
rftl_s_prec,5,0.05,1.345,2,0.18181818181818182
rftl_s_prec,5,0.05,1.345,3,0.16216216216216217
rftl_s_prec,5,0.05,1.345,4,0.16666666666666666
rftl_s_prec,5,0.05,1.345,5,0.1875
rftl_s_prec,5,0.05,1.345,6,0.23076923076923078
rftl_s_prec,5,0.05,1.345,7,0.2
rftl_s_prec,5,0.05,1.345,8,0.21428571428571427
rftl_s_prec,5,0.05,1.345,9,0.15384615384615385
rftl_s_prec,5,0.05,1.345,10,0.1875
rftl_s_prec,5,0.05,1.345,11,0.1935483870967742
rftl_s_prec,5,0.05,1.345,12,0.17647058823529413
rftl_s_prec,5,0.05,1.345,13,0.1935483870967742
rftl_s_prec,5,0.05,1.345,14,0.20689655172413793
rftl_s_prec,5,0.05,1.345,15,0.25
rftl_s_prec,5,0.05,1.345,16,0.20689655172413793
rftl_s_prec,5,0.05,1.345,17,0.1875
rftl_s_prec,5,0.05,1.345,18,0.17647058823529413
rftl_s_prec,5,0.05,1.345,19,0.1875
rftl_s_prec,5,0.05,1.345,20,0.20689655172413793
rftl_s_prec,5,0.05,1.345,21,0.24
rftl_s_prec,5,0.05,1.345,22,0.23076923076923078
rftl_s_prec,5,0.05,1.345,23,0.2
rftl_s_prec,5,0.05,1.345,24,0.16666666666666666
rftl_s_prec,5,0.05,1.345,25,0.17647058823529413
rftl_s_prec,5,0.05,1.345,26,0.1875
rftl_s_prec,5,0.05,1.345,27,0.20689655172413793
rftl_s_prec,5,0.05,1.345,28,0.1875
rftl_s_prec,5,0.05,1.345,29,0.16666666666666666
rftl_s_prec,5,0.05,1.345,30,0.17647058823529413
rftl_s_prec,5,0.05,1.345,31,0.2
rftl_s_prec,5,0.05,1.345,32,0.17142857142857143
rftl_s_prec,5,0.05,1.345,33,0.1875
rftl_s_prec,5,0.05,1.345,34,0.16216216216216217
rftl_s_prec,5,0.05,1.345,35,0.16666666666666666
rftl_s_prec,5,0.05,1.345,36,0.2
rftl_s_prec,5,0.05,1.345,37,0.1875
rftl_s_prec,5,0.05,1.345,38,0.18181818181818182
rftl_s_prec,5,0.05,1.345,39,0.2222222222222222
rftl_s_prec,5,0.05,1.345,40,0.17142857142857143
rftl_s_prec,5,0.05,1.345,41,0.1875
rftl_s_prec,5,0.05,1.345,42,0.18181818181818182
rftl_s_prec,5,0.05,1.345,43,0.25
rftl_s_prec,5,0.05,1.345,44,0.17142857142857143
rftl_s_prec,5,0.05,1.345,45,0.2
rftl_s_prec,5,0.05,1.345,46,0.23076923076923078
rftl_s_prec,5,0.05,1.345,47,0.17647058823529413
rftl_s_prec,5,0.05,1.345,48,0.24
rftl_s_prec,5,0.05,1.345,49,0.24
rftl_s_rec,5,0.05,1.345,0,1.0
rftl_s_rec,5,0.05,1.345,1,1.0
rftl_s_rec,5,0.05,1.345,2,1.0
rftl_s_rec,5,0.05,1.345,3,1.0
rftl_s_rec,5,0.05,1.345,4,1.0
rftl_s_rec,5,0.05,1.345,5,1.0
rftl_s_rec,5,0.05,1.345,6,1.0
rftl_s_rec,5,0.05,1.345,7,1.0
rftl_s_rec,5,0.05,1.345,8,1.0
rftl_s_rec,5,0.05,1.345,9,1.0
rftl_s_rec,5,0.05,1.345,10,1.0
rftl_s_rec,5,0.05,1.345,11,1.0
rftl_s_rec,5,0.05,1.345,12,1.0
rftl_s_rec,5,0.05,1.345,13,1.0
rftl_s_rec,5,0.05,1.345,14,1.0
rftl_s_rec,5,0.05,1.345,15,1.0
rftl_s_rec,5,0.05,1.345,16,1.0
rftl_s_rec,5,0.05,1.345,17,1.0
rftl_s_rec,5,0.05,1.345,18,1.0
rftl_s_rec,5,0.05,1.345,19,1.0
rftl_s_rec,5,0.05,1.345,20,1.0
rftl_s_rec,5,0.05,1.345,21,1.0
rftl_s_rec,5,0.05,1.345,22,1.0
rftl_s_rec,5,0.05,1.345,23,1.0
rftl_s_rec,5,0.05,1.345,24,1.0
rftl_s_rec,5,0.05,1.345,25,1.0
rftl_s_rec,5,0.05,1.345,26,1.0
rftl_s_rec,5,0.05,1.345,27,1.0
rftl_s_rec,5,0.05,1.345,28,1.0
rftl_s_rec,5,0.05,1.345,29,1.0
rftl_s_rec,5,0.05,1.345,30,1.0
rftl_s_rec,5,0.05,1.345,31,1.0
rftl_s_rec,5,0.05,1.345,32,1.0
rftl_s_rec,5,0.05,1.345,33,1.0
rftl_s_rec,5,0.05,1.345,34,1.0
rftl_s_rec,5,0.05,1.345,35,1.0
rftl_s_rec,5,0.05,1.345,36,1.0
rftl_s_rec,5,0.05,1.345,37,1.0
rftl_s_rec,5,0.05,1.345,38,1.0
rftl_s_rec,5,0.05,1.345,39,1.0
rftl_s_rec,5,0.05,1.345,40,1.0
rftl_s_rec,5,0.05,1.345,41,1.0
rftl_s_rec,5,0.05,1.345,42,1.0
rftl_s_rec,5,0.05,1.345,43,1.0
rftl_s_rec,5,0.05,1.345,44,1.0
rftl_s_rec,5,0.05,1.345,45,1.0
rftl_s_rec,5,0.05,1.345,46,1.0
rftl_s_rec,5,0.05,1.345,47,1.0
rftl_s_rec,5,0.05,1.345,48,1.0
rftl_s_rec,5,0.05,1.345,49,1.0
rftl_s,5,0.05,1.345,0,0.06752504124807492
rftl_s,5,0.05,1.345,1,0.040727813789509806
rftl_s,5,0.05,1.345,2,0.0409604833177262
rftl_s,5,0.05,1.345,3,0.06479001011440577
rftl_s,5,0.05,1.345,4,0.0811933827296964
rftl_s,5,0.05,1.345,5,0.043786413900510274
rftl_s,5,0.05,1.345,6,0.034654247536369955
rftl_s,5,0.05,1.345,7,0.049998097050236466
rftl_s,5,0.05,1.345,8,0.056352992323116816
rftl_s,5,0.05,1.345,9,0.04592254478343885
rftl_s,5,0.05,1.345,10,0.09072786717926179
rftl_s,5,0.05,1.345,11,0.043032115732462135
rftl_s,5,0.05,1.345,12,0.07171144305206083
rftl_s,5,0.05,1.345,13,0.08653052315252942
rftl_s,5,0.05,1.345,14,0.04522371147653996
rftl_s,5,0.05,1.345,15,0.04696738099117897
rftl_s,5,0.05,1.345,16,0.06300540534959619
rftl_s,5,0.05,1.345,17,0.07123054710790071
rftl_s,5,0.05,1.345,18,0.07420017179967713
rftl_s,5,0.05,1.345,19,0.04717881281837712
rftl_s,5,0.05,1.345,20,0.07758470654535274
rftl_s,5,0.05,1.345,21,0.0699631969390407
rftl_s,5,0.05,1.345,22,0.05625744487743949
rftl_s,5,0.05,1.345,23,0.04992777509108924
rftl_s,5,0.05,1.345,24,0.0723006556575187
rftl_s,5,0.05,1.345,25,0.08170159549733982
rftl_s,5,0.05,1.345,26,0.07187406700018704
rftl_s,5,0.05,1.345,27,0.06825217035581795
rftl_s,5,0.05,1.345,28,0.0818772957581067
rftl_s,5,0.05,1.345,29,0.0804761791898964
rftl_s,5,0.05,1.345,30,0.057461411367384925
rftl_s,5,0.05,1.345,31,0.046975812911407074
rftl_s,5,0.05,1.345,32,0.07447506500077003
rftl_s,5,0.05,1.345,33,0.03974145835508002
rftl_s,5,0.05,1.345,34,0.047929244598432064
rftl_s,5,0.05,1.345,35,0.06673699683882213
rftl_s,5,0.05,1.345,36,0.04905378408368149
rftl_s,5,0.05,1.345,37,0.04573675749242383
rftl_s,5,0.05,1.345,38,0.07399440519471333
rftl_s,5,0.05,1.345,39,0.08381446434857949
rftl_s,5,0.05,1.345,40,0.08673808373835983
rftl_s,5,0.05,1.345,41,0.07650611718964322
rftl_s,5,0.05,1.345,42,0.07946200472100497
rftl_s,5,0.05,1.345,43,0.03862669623147733
rftl_s,5,0.05,1.345,44,0.040764358441469396
rftl_s,5,0.05,1.345,45,0.06692852749577374
rftl_s,5,0.05,1.345,46,0.08235686554431242
rftl_s,5,0.05,1.345,47,0.059319040453451335
rftl_s,5,0.05,1.345,48,0.06582660936797312
rftl_s,5,0.05,1.345,49,0.0600275926260116
rftl_s_prec,5,0.05,2.0,0,0.5454545454545454
rftl_s_prec,5,0.05,2.0,1,0.5
rftl_s_prec,5,0.05,2.0,2,0.4
rftl_s_prec,5,0.05,2.0,3,0.6666666666666666
rftl_s_prec,5,0.05,2.0,4,0.6666666666666666
rftl_s_prec,5,0.05,2.0,5,0.5454545454545454
rftl_s_prec,5,0.05,2.0,6,1.0
rftl_s_prec,5,0.05,2.0,7,0.75
rftl_s_prec,5,0.05,2.0,8,0.6666666666666666
rftl_s_prec,5,0.05,2.0,9,0.375
rftl_s_prec,5,0.05,2.0,10,0.46153846153846156
rftl_s_prec,5,0.05,2.0,11,0.5
rftl_s_prec,5,0.05,2.0,12,0.42857142857142855
rftl_s_prec,5,0.05,2.0,13,0.2857142857142857
rftl_s_prec,5,0.05,2.0,14,0.8571428571428571
rftl_s_prec,5,0.05,2.0,15,0.75
rftl_s_prec,5,0.05,2.0,16,0.75
rftl_s_prec,5,0.05,2.0,17,0.46153846153846156
rftl_s_prec,5,0.05,2.0,18,0.6666666666666666
rftl_s_prec,5,0.05,2.0,19,0.35294117647058826
rftl_s_prec,5,0.05,2.0,20,0.5454545454545454
rftl_s_prec,5,0.05,2.0,21,1.0
rftl_s_prec,5,0.05,2.0,22,0.75
rftl_s_prec,5,0.05,2.0,23,0.6
rftl_s_prec,5,0.05,2.0,24,0.42857142857142855
rftl_s_prec,5,0.05,2.0,25,0.21428571428571427
rftl_s_prec,5,0.05,2.0,26,0.42857142857142855
rftl_s_prec,5,0.05,2.0,27,0.6
rftl_s_prec,5,0.05,2.0,28,0.6666666666666666
rftl_s_prec,5,0.05,2.0,29,0.75
rftl_s_prec,5,0.05,2.0,30,0.46153846153846156
rftl_s_prec,5,0.05,2.0,31,0.6666666666666666
rftl_s_prec,5,0.05,2.0,32,0.6
rftl_s_prec,5,0.05,2.0,33,0.5
rftl_s_prec,5,0.05,2.0,34,0.25
rftl_s_prec,5,0.05,2.0,35,0.3333333333333333
rftl_s_prec,5,0.05,2.0,36,0.6666666666666666
rftl_s_prec,5,0.05,2.0,37,1.0
rftl_s_prec,5,0.05,2.0,38,1.0
rftl_s_prec,5,0.05,2.0,39,0.8571428571428571
rftl_s_prec,5,0.05,2.0,40,0.5
rftl_s_prec,5,0.05,2.0,41,0.8571428571428571
rftl_s_prec,5,0.05,2.0,42,0.46153846153846156
rftl_s_prec,5,0.05,2.0,43,0.6
rftl_s_prec,5,0.05,2.0,44,0.42857142857142855
rftl_s_prec,5,0.05,2.0,45,0.8571428571428571
rftl_s_prec,5,0.05,2.0,46,0.8571428571428571
rftl_s_prec,5,0.05,2.0,47,0.42857142857142855
rftl_s_prec,5,0.05,2.0,48,0.75
rftl_s_prec,5,0.05,2.0,49,0.75
rftl_s_rec,5,0.05,2.0,0,1.0
rftl_s_rec,5,0.05,2.0,1,1.0
rftl_s_rec,5,0.05,2.0,2,1.0
rftl_s_rec,5,0.05,2.0,3,1.0
rftl_s_rec,5,0.05,2.0,4,1.0
rftl_s_rec,5,0.05,2.0,5,1.0
rftl_s_rec,5,0.05,2.0,6,1.0
rftl_s_rec,5,0.05,2.0,7,1.0
rftl_s_rec,5,0.05,2.0,8,1.0
rftl_s_rec,5,0.05,2.0,9,1.0
rftl_s_rec,5,0.05,2.0,10,1.0
rftl_s_rec,5,0.05,2.0,11,1.0
rftl_s_rec,5,0.05,2.0,12,1.0
rftl_s_rec,5,0.05,2.0,13,1.0
rftl_s_rec,5,0.05,2.0,14,1.0
rftl_s_rec,5,0.05,2.0,15,1.0
rftl_s_rec,5,0.05,2.0,16,1.0
rftl_s_rec,5,0.05,2.0,17,1.0
rftl_s_rec,5,0.05,2.0,18,1.0
rftl_s_rec,5,0.05,2.0,19,1.0
rftl_s_rec,5,0.05,2.0,20,1.0
rftl_s_rec,5,0.05,2.0,21,1.0
rftl_s_rec,5,0.05,2.0,22,1.0
rftl_s_rec,5,0.05,2.0,23,1.0
rftl_s_rec,5,0.05,2.0,24,1.0
rftl_s_rec,5,0.05,2.0,25,1.0
rftl_s_rec,5,0.05,2.0,26,1.0
rftl_s_rec,5,0.05,2.0,27,1.0
rftl_s_rec,5,0.05,2.0,28,1.0
rftl_s_rec,5,0.05,2.0,29,1.0
rftl_s_rec,5,0.05,2.0,30,1.0
rftl_s_rec,5,0.05,2.0,31,1.0
rftl_s_rec,5,0.05,2.0,32,1.0
rftl_s_rec,5,0.05,2.0,33,1.0
rftl_s_rec,5,0.05,2.0,34,1.0
rftl_s_rec,5,0.05,2.0,35,1.0
rftl_s_rec,5,0.05,2.0,36,1.0
rftl_s_rec,5,0.05,2.0,37,1.0
rftl_s_rec,5,0.05,2.0,38,1.0
rftl_s_rec,5,0.05,2.0,39,1.0
rftl_s_rec,5,0.05,2.0,40,1.0
rftl_s_rec,5,0.05,2.0,41,1.0
rftl_s_rec,5,0.05,2.0,42,1.0
rftl_s_rec,5,0.05,2.0,43,1.0
rftl_s_rec,5,0.05,2.0,44,1.0
rftl_s_rec,5,0.05,2.0,45,1.0
rftl_s_rec,5,0.05,2.0,46,1.0
rftl_s_rec,5,0.05,2.0,47,1.0
rftl_s_rec,5,0.05,2.0,48,1.0
rftl_s_rec,5,0.05,2.0,49,1.0
rftl_s,5,0.05,2.0,0,0.06064543338640235
rftl_s,5,0.05,2.0,1,0.06710325917352762
rftl_s,5,0.05,2.0,2,0.06439830677835305
rftl_s,5,0.05,2.0,3,0.056569946988490334
rftl_s,5,0.05,2.0,4,0.04748459057929017
rftl_s,5,0.05,2.0,5,0.05783807520213925
rftl_s,5,0.05,2.0,6,0.05272514829982484
rftl_s,5,0.05,2.0,7,0.07633051932249438
rftl_s,5,0.05,2.0,8,0.0687737151250343
rftl_s,5,0.05,2.0,9,0.07176008598082174
rftl_s,5,0.05,2.0,10,0.05305158019414823
rftl_s,5,0.05,2.0,11,0.06943482648424851
rftl_s,5,0.05,2.0,12,0.04003992469033339
rftl_s,5,0.05,2.0,13,0.0816214498783199
rftl_s,5,0.05,2.0,14,0.042971049483031175
rftl_s,5,0.05,2.0,15,0.049086880232740285
rftl_s,5,0.05,2.0,16,0.04507467866022471
rftl_s,5,0.05,2.0,17,0.08793884890220273
rftl_s,5,0.05,2.0,18,0.034786407929335766
rftl_s,5,0.05,2.0,19,0.04715104854292503
rftl_s,5,0.05,2.0,20,0.0664675471010897
rftl_s,5,0.05,2.0,21,0.07650718214068082
rftl_s,5,0.05,2.0,22,0.041252315066628985
rftl_s,5,0.05,2.0,23,0.07363831983911144
rftl_s,5,0.05,2.0,24,0.07827697040110505
rftl_s,5,0.05,2.0,25,0.06238309347382331
rftl_s,5,0.05,2.0,26,0.08544565729976407
rftl_s,5,0.05,2.0,27,0.06859521942796729
rftl_s,5,0.05,2.0,28,0.04534649083123115
rftl_s,5,0.05,2.0,29,0.05442409939060146
rftl_s,5,0.05,2.0,30,0.09663882821057115
rftl_s,5,0.05,2.0,31,0.05440544761604098
rftl_s,5,0.05,2.0,32,0.07147826988393652
rftl_s,5,0.05,2.0,33,0.06977739841244175
rftl_s,5,0.05,2.0,34,0.06134496836784322
rftl_s,5,0.05,2.0,35,0.07159358098229386
rftl_s,5,0.05,2.0,36,0.07047267504655931
rftl_s,5,0.05,2.0,37,0.0707345589970935
rftl_s,5,0.05,2.0,38,0.07426101629039032
rftl_s,5,0.05,2.0,39,0.10168863215272594
rftl_s,5,0.05,2.0,40,0.06153658676860476
rftl_s,5,0.05,2.0,41,0.06767642625715928
rftl_s,5,0.05,2.0,42,0.08963339747261785
rftl_s,5,0.05,2.0,43,0.05706678455880429
rftl_s,5,0.05,2.0,44,0.04036677905251302
rftl_s,5,0.05,2.0,45,0.07633386623363918
rftl_s,5,0.05,2.0,46,0.05333562779506304
rftl_s,5,0.05,2.0,47,0.07552339606226996
rftl_s,5,0.05,2.0,48,0.07198685706167093
rftl_s,5,0.05,2.0,49,0.07551406199814928
rftl_s_prec,5,0.05,3.0,0,1.0
rftl_s_prec,5,0.05,3.0,1,0.8571428571428571
rftl_s_prec,5,0.05,3.0,2,1.0
rftl_s_prec,5,0.05,3.0,3,1.0
rftl_s_prec,5,0.05,3.0,4,1.0
rftl_s_prec,5,0.05,3.0,5,0.8571428571428571
rftl_s_prec,5,0.05,3.0,6,1.0
rftl_s_prec,5,0.05,3.0,7,1.0
rftl_s_prec,5,0.05,3.0,8,1.0
rftl_s_prec,5,0.05,3.0,9,0.8571428571428571
rftl_s_prec,5,0.05,3.0,10,1.0
rftl_s_prec,5,0.05,3.0,11,0.8571428571428571
rftl_s_prec,5,0.05,3.0,12,0.8571428571428571
rftl_s_prec,5,0.05,3.0,13,1.0
rftl_s_prec,5,0.05,3.0,14,1.0
rftl_s_prec,5,0.05,3.0,15,1.0
rftl_s_prec,5,0.05,3.0,16,1.0
rftl_s_prec,5,0.05,3.0,17,1.0
rftl_s_prec,5,0.05,3.0,18,1.0
rftl_s_prec,5,0.05,3.0,19,0.8571428571428571
rftl_s_prec,5,0.05,3.0,20,1.0
rftl_s_prec,5,0.05,3.0,21,1.0
rftl_s_prec,5,0.05,3.0,22,1.0
rftl_s_prec,5,0.05,3.0,23,1.0
rftl_s_prec,5,0.05,3.0,24,1.0
rftl_s_prec,5,0.05,3.0,25,0.75
rftl_s_prec,5,0.05,3.0,26,1.0
rftl_s_prec,5,0.05,3.0,27,1.0
rftl_s_prec,5,0.05,3.0,28,1.0
rftl_s_prec,5,0.05,3.0,29,1.0
rftl_s_prec,5,0.05,3.0,30,1.0
rftl_s_prec,5,0.05,3.0,31,1.0
rftl_s_prec,5,0.05,3.0,32,1.0
rftl_s_prec,5,0.05,3.0,33,1.0
rftl_s_prec,5,0.05,3.0,34,1.0
rftl_s_prec,5,0.05,3.0,35,1.0
rftl_s_prec,5,0.05,3.0,36,1.0
rftl_s_prec,5,0.05,3.0,37,1.0
rftl_s_prec,5,0.05,3.0,38,1.0
rftl_s_prec,5,0.05,3.0,39,1.0
rftl_s_prec,5,0.05,3.0,40,0.8571428571428571
rftl_s_prec,5,0.05,3.0,41,1.0
rftl_s_prec,5,0.05,3.0,42,1.0
rftl_s_prec,5,0.05,3.0,43,1.0
rftl_s_prec,5,0.05,3.0,44,1.0
rftl_s_prec,5,0.05,3.0,45,1.0
rftl_s_prec,5,0.05,3.0,46,1.0
rftl_s_prec,5,0.05,3.0,47,0.8571428571428571
rftl_s_prec,5,0.05,3.0,48,0.8571428571428571
rftl_s_prec,5,0.05,3.0,49,1.0
rftl_s_rec,5,0.05,3.0,0,1.0
rftl_s_rec,5,0.05,3.0,1,1.0
rftl_s_rec,5,0.05,3.0,2,1.0
rftl_s_rec,5,0.05,3.0,3,1.0
rftl_s_rec,5,0.05,3.0,4,1.0
rftl_s_rec,5,0.05,3.0,5,1.0
rftl_s_rec,5,0.05,3.0,6,1.0
rftl_s_rec,5,0.05,3.0,7,1.0
rftl_s_rec,5,0.05,3.0,8,1.0
rftl_s_rec,5,0.05,3.0,9,1.0
rftl_s_rec,5,0.05,3.0,10,1.0
rftl_s_rec,5,0.05,3.0,11,1.0
rftl_s_rec,5,0.05,3.0,12,1.0
rftl_s_rec,5,0.05,3.0,13,1.0
rftl_s_rec,5,0.05,3.0,14,1.0
rftl_s_rec,5,0.05,3.0,15,1.0
rftl_s_rec,5,0.05,3.0,16,1.0
rftl_s_rec,5,0.05,3.0,17,1.0
rftl_s_rec,5,0.05,3.0,18,1.0
rftl_s_rec,5,0.05,3.0,19,1.0
rftl_s_rec,5,0.05,3.0,20,1.0
rftl_s_rec,5,0.05,3.0,21,1.0
rftl_s_rec,5,0.05,3.0,22,1.0
rftl_s_rec,5,0.05,3.0,23,1.0
rftl_s_rec,5,0.05,3.0,24,1.0
rftl_s_rec,5,0.05,3.0,25,1.0
rftl_s_rec,5,0.05,3.0,26,1.0
rftl_s_rec,5,0.05,3.0,27,1.0
rftl_s_rec,5,0.05,3.0,28,1.0
rftl_s_rec,5,0.05,3.0,29,1.0
rftl_s_rec,5,0.05,3.0,30,1.0
rftl_s_rec,5,0.05,3.0,31,1.0
rftl_s_rec,5,0.05,3.0,32,1.0
rftl_s_rec,5,0.05,3.0,33,1.0
rftl_s_rec,5,0.05,3.0,34,1.0
rftl_s_rec,5,0.05,3.0,35,1.0
rftl_s_rec,5,0.05,3.0,36,1.0
rftl_s_rec,5,0.05,3.0,37,1.0
rftl_s_rec,5,0.05,3.0,38,1.0
rftl_s_rec,5,0.05,3.0,39,1.0
rftl_s_rec,5,0.05,3.0,40,1.0
rftl_s_rec,5,0.05,3.0,41,1.0
rftl_s_rec,5,0.05,3.0,42,1.0
rftl_s_rec,5,0.05,3.0,43,1.0
rftl_s_rec,5,0.05,3.0,44,1.0
rftl_s_rec,5,0.05,3.0,45,1.0
rftl_s_rec,5,0.05,3.0,46,1.0
rftl_s_rec,5,0.05,3.0,47,1.0
rftl_s_rec,5,0.05,3.0,48,1.0
rftl_s_rec,5,0.05,3.0,49,1.0
rftl_s,5,0.05,3.0,0,0.06788911849174536
rftl_s,5,0.05,3.0,1,0.037588283125125924
rftl_s,5,0.05,3.0,2,0.07105425385130813
rftl_s,5,0.05,3.0,3,0.061032232336540024
rftl_s,5,0.05,3.0,4,0.07207928744512838
rftl_s,5,0.05,3.0,5,0.06453452287236318
rftl_s,5,0.05,3.0,6,0.045063661507937565
rftl_s,5,0.05,3.0,7,0.07524874375300876
rftl_s,5,0.05,3.0,8,0.05422753248225159
rftl_s,5,0.05,3.0,9,0.052862103556081126
rftl_s,5,0.05,3.0,10,0.08740352386202384
rftl_s,5,0.05,3.0,11,0.08961393648923129
rftl_s,5,0.05,3.0,12,0.0707715367767436
rftl_s,5,0.05,3.0,13,0.05520412353576396
rftl_s,5,0.05,3.0,14,0.0730857194464367
rftl_s,5,0.05,3.0,15,0.045403196300700284
rftl_s,5,0.05,3.0,16,0.061505880534836944
rftl_s,5,0.05,3.0,17,0.0684415639484146
rftl_s,5,0.05,3.0,18,0.07953335561392122
rftl_s,5,0.05,3.0,19,0.06405614778763405
rftl_s,5,0.05,3.0,20,0.08499683655321544
rftl_s,5,0.05,3.0,21,0.07821532243894626
rftl_s,5,0.05,3.0,22,0.04371073340797969
rftl_s,5,0.05,3.0,23,0.07614962598758022
rftl_s,5,0.05,3.0,24,0.0398271642513208
rftl_s,5,0.05,3.0,25,0.04416106385894369
rftl_s,5,0.05,3.0,26,0.06650527811349889
rftl_s,5,0.05,3.0,27,0.07332874890165351
rftl_s,5,0.05,3.0,28,0.060624835636578306
rftl_s,5,0.05,3.0,29,0.06536264820804112
rftl_s,5,0.05,3.0,30,0.08872623013899375
rftl_s,5,0.05,3.0,31,0.04181406152709898
rftl_s,5,0.05,3.0,32,0.0996021641518496
rftl_s,5,0.05,3.0,33,0.04982625025593734
rftl_s,5,0.05,3.0,34,0.04650884838197941
rftl_s,5,0.05,3.0,35,0.059191510839151286
rftl_s,5,0.05,3.0,36,0.0686252379557338
rftl_s,5,0.05,3.0,37,0.03715677339891494
rftl_s,5,0.05,3.0,38,0.07533292883098183
rftl_s,5,0.05,3.0,39,0.07369114497304093
rftl_s,5,0.05,3.0,40,0.08711551974575457
rftl_s,5,0.05,3.0,41,0.07207863591432853
rftl_s,5,0.05,3.0,42,0.09519811587717207
rftl_s,5,0.05,3.0,43,0.0970256027569633
rftl_s,5,0.05,3.0,44,0.04905045507671032
rftl_s,5,0.05,3.0,45,0.066101301122776
rftl_s,5,0.05,3.0,46,0.04595879652347848
rftl_s,5,0.05,3.0,47,0.07492164087059248
rftl_s,5,0.05,3.0,48,0.06269752344392611
rftl_s,5,0.05,3.0,49,0.06783527330389262
baseline,5,0.1,,0,0.09014708312284744
baseline,5,0.1,,1,0.038643777907103015
baseline,5,0.1,,2,0.08822787808107321
baseline,5,0.1,,3,0.06221245357666137
baseline,5,0.1,,4,0.06873101522236708
baseline,5,0.1,,5,0.05088027326984426
baseline,5,0.1,,6,0.04810674143915726
baseline,5,0.1,,7,0.04647668954713709
baseline,5,0.1,,8,0.05073467164796423
baseline,5,0.1,,9,0.0642110288570805
baseline,5,0.1,,10,0.08618466975669699
baseline,5,0.1,,11,0.08498780437412828
baseline,5,0.1,,12,0.07154109115149815
baseline,5,0.1,,13,0.05450687896074619
baseline,5,0.1,,14,0.058447767506548315
baseline,5,0.1,,15,0.039563185224663296
baseline,5,0.1,,16,0.06616113293916338
baseline,5,0.1,,17,0.08823590608071624
baseline,5,0.1,,18,0.08209342178977685
baseline,5,0.1,,19,0.08130889969681211
baseline,5,0.1,,20,0.07463034457263742
baseline,5,0.1,,21,0.08093674327215432
baseline,5,0.1,,22,0.06579365189141119
baseline,5,0.1,,23,0.0640866680572974
baseline,5,0.1,,24,0.04439790308024751
baseline,5,0.1,,25,0.0772906141331567
baseline,5,0.1,,26,0.0739657419158637
baseline,5,0.1,,27,0.08258729661384005
baseline,5,0.1,,28,0.05167171469016411
baseline,5,0.1,,29,0.06754613990721402
baseline,5,0.1,,30,0.07203401518107592
baseline,5,0.1,,31,0.04692947279520467
baseline,5,0.1,,32,0.049867289089729386
baseline,5,0.1,,33,0.08445423691930107
baseline,5,0.1,,34,0.03689025445319407
baseline,5,0.1,,35,0.04352536603915266
baseline,5,0.1,,36,0.04939098709295971
baseline,5,0.1,,37,0.058312476230430905
baseline,5,0.1,,38,0.044558647194838104
baseline,5,0.1,,39,0.07744584709475943
baseline,5,0.1,,40,0.057847057822778644
baseline,5,0.1,,41,0.07318575452828659
baseline,5,0.1,,42,0.055278600640059926
baseline,5,0.1,,43,0.05977225287974281
baseline,5,0.1,,44,0.07735218453617249
baseline,5,0.1,,45,0.07845900631027856
baseline,5,0.1,,46,0.085725094181596
baseline,5,0.1,,47,0.06779695565238326
baseline,5,0.1,,48,0.08507940748890498
baseline,5,0.1,,49,0.06177719844030079
rftl_s_prec,5,0.1,1.0,0,0.2222222222222222
rftl_s_prec,5,0.1,1.0,1,0.2222222222222222
rftl_s_prec,5,0.1,1.0,2,0.2222222222222222
rftl_s_prec,5,0.1,1.0,3,0.2222222222222222
rftl_s_prec,5,0.1,1.0,4,0.2222222222222222
rftl_s_prec,5,0.1,1.0,5,0.2222222222222222
rftl_s_prec,5,0.1,1.0,6,0.2222222222222222
rftl_s_prec,5,0.1,1.0,7,0.2222222222222222
rftl_s_prec,5,0.1,1.0,8,0.2222222222222222
rftl_s_prec,5,0.1,1.0,9,0.2222222222222222
rftl_s_prec,5,0.1,1.0,10,0.2222222222222222
rftl_s_prec,5,0.1,1.0,11,0.2222222222222222
rftl_s_prec,5,0.1,1.0,12,0.2222222222222222
rftl_s_prec,5,0.1,1.0,13,0.2222222222222222
rftl_s_prec,5,0.1,1.0,14,0.2222222222222222
rftl_s_prec,5,0.1,1.0,15,0.2222222222222222
rftl_s_prec,5,0.1,1.0,16,0.2222222222222222
rftl_s_prec,5,0.1,1.0,17,0.2222222222222222
rftl_s_prec,5,0.1,1.0,18,0.2222222222222222
rftl_s_prec,5,0.1,1.0,19,0.2222222222222222
rftl_s_prec,5,0.1,1.0,20,0.2222222222222222
rftl_s_prec,5,0.1,1.0,21,0.2222222222222222
rftl_s_prec,5,0.1,1.0,22,0.2222222222222222
rftl_s_prec,5,0.1,1.0,23,0.2222222222222222
rftl_s_prec,5,0.1,1.0,24,0.2222222222222222
rftl_s_prec,5,0.1,1.0,25,0.2222222222222222
rftl_s_prec,5,0.1,1.0,26,0.2222222222222222
rftl_s_prec,5,0.1,1.0,27,0.2222222222222222
rftl_s_prec,5,0.1,1.0,28,0.2222222222222222
rftl_s_prec,5,0.1,1.0,29,0.2222222222222222
rftl_s_prec,5,0.1,1.0,30,0.2222222222222222
rftl_s_prec,5,0.1,1.0,31,0.2222222222222222
rftl_s_prec,5,0.1,1.0,32,0.2222222222222222
rftl_s_prec,5,0.1,1.0,33,0.2222222222222222
rftl_s_prec,5,0.1,1.0,34,0.2222222222222222
rftl_s_prec,5,0.1,1.0,35,0.2222222222222222
rftl_s_prec,5,0.1,1.0,36,0.2222222222222222
rftl_s_prec,5,0.1,1.0,37,0.2222222222222222
rftl_s_prec,5,0.1,1.0,38,0.2222222222222222
rftl_s_prec,5,0.1,1.0,39,0.2222222222222222
rftl_s_prec,5,0.1,1.0,40,0.2222222222222222
rftl_s_prec,5,0.1,1.0,41,0.2222222222222222
rftl_s_prec,5,0.1,1.0,42,0.2222222222222222
rftl_s_prec,5,0.1,1.0,43,0.2222222222222222
rftl_s_prec,5,0.1,1.0,44,0.2222222222222222
rftl_s_prec,5,0.1,1.0,45,0.2222222222222222
rftl_s_prec,5,0.1,1.0,46,0.2222222222222222
rftl_s_prec,5,0.1,1.0,47,0.2222222222222222
rftl_s_prec,5,0.1,1.0,48,0.2222222222222222
rftl_s_prec,5,0.1,1.0,49,0.2222222222222222
rftl_s_rec,5,0.1,1.0,0,1.0
rftl_s_rec,5,0.1,1.0,1,1.0
rftl_s_rec,5,0.1,1.0,2,1.0
rftl_s_rec,5,0.1,1.0,3,1.0
rftl_s_rec,5,0.1,1.0,4,1.0
rftl_s_rec,5,0.1,1.0,5,1.0
rftl_s_rec,5,0.1,1.0,6,1.0
rftl_s_rec,5,0.1,1.0,7,1.0
rftl_s_rec,5,0.1,1.0,8,1.0
rftl_s_rec,5,0.1,1.0,9,1.0
rftl_s_rec,5,0.1,1.0,10,1.0
rftl_s_rec,5,0.1,1.0,11,1.0
rftl_s_rec,5,0.1,1.0,12,1.0
rftl_s_rec,5,0.1,1.0,13,1.0
rftl_s_rec,5,0.1,1.0,14,1.0
rftl_s_rec,5,0.1,1.0,15,1.0
rftl_s_rec,5,0.1,1.0,16,1.0
rftl_s_rec,5,0.1,1.0,17,1.0
rftl_s_rec,5,0.1,1.0,18,1.0
rftl_s_rec,5,0.1,1.0,19,1.0
rftl_s_rec,5,0.1,1.0,20,1.0
rftl_s_rec,5,0.1,1.0,21,1.0
rftl_s_rec,5,0.1,1.0,22,1.0
rftl_s_rec,5,0.1,1.0,23,1.0
rftl_s_rec,5,0.1,1.0,24,1.0
rftl_s_rec,5,0.1,1.0,25,1.0
rftl_s_rec,5,0.1,1.0,26,1.0
rftl_s_rec,5,0.1,1.0,27,1.0
rftl_s_rec,5,0.1,1.0,28,1.0
rftl_s_rec,5,0.1,1.0,29,1.0
rftl_s_rec,5,0.1,1.0,30,1.0
rftl_s_rec,5,0.1,1.0,31,1.0
rftl_s_rec,5,0.1,1.0,32,1.0
rftl_s_rec,5,0.1,1.0,33,1.0
rftl_s_rec,5,0.1,1.0,34,1.0
rftl_s_rec,5,0.1,1.0,35,1.0
rftl_s_rec,5,0.1,1.0,36,1.0
rftl_s_rec,5,0.1,1.0,37,1.0
rftl_s_rec,5,0.1,1.0,38,1.0
rftl_s_rec,5,0.1,1.0,39,1.0
rftl_s_rec,5,0.1,1.0,40,1.0
rftl_s_rec,5,0.1,1.0,41,1.0
rftl_s_rec,5,0.1,1.0,42,1.0
rftl_s_rec,5,0.1,1.0,43,1.0
rftl_s_rec,5,0.1,1.0,44,1.0
rftl_s_rec,5,0.1,1.0,45,1.0
rftl_s_rec,5,0.1,1.0,46,1.0
rftl_s_rec,5,0.1,1.0,47,1.0
rftl_s_rec,5,0.1,1.0,48,1.0
rftl_s_rec,5,0.1,1.0,49,1.0
rftl_s,5,0.1,1.0,0,0.06862482662372632
rftl_s,5,0.1,1.0,1,0.10579220232313873
rftl_s,5,0.1,1.0,2,0.06177274469661064
rftl_s,5,0.1,1.0,3,0.07337015143392694
rftl_s,5,0.1,1.0,4,0.041106755867872255
rftl_s,5,0.1,1.0,5,0.0740381050429171
rftl_s,5,0.1,1.0,6,0.05773699388020482
rftl_s,5,0.1,1.0,7,0.06633286871593477
rftl_s,5,0.1,1.0,8,0.06353724329096828
rftl_s,5,0.1,1.0,9,0.08340407398303393
rftl_s,5,0.1,1.0,10,0.06681271596179278
rftl_s,5,0.1,1.0,11,0.06976031127779676
rftl_s,5,0.1,1.0,12,0.06828477158575891
rftl_s,5,0.1,1.0,13,0.0608391154546195
rftl_s,5,0.1,1.0,14,0.07985227739029992
rftl_s,5,0.1,1.0,15,0.04808328511947734
rftl_s,5,0.1,1.0,16,0.0539733380295342
rftl_s,5,0.1,1.0,17,0.07737738492831325
rftl_s,5,0.1,1.0,18,0.056002929280386346
rftl_s,5,0.1,1.0,19,0.061784617173965245
rftl_s,5,0.1,1.0,20,0.09576916698996728
rftl_s,5,0.1,1.0,21,0.07349183229262728
rftl_s,5,0.1,1.0,22,0.06158863029391822
rftl_s,5,0.1,1.0,23,0.05406096623773031
rftl_s,5,0.1,1.0,24,0.0625793444845577
rftl_s,5,0.1,1.0,25,0.059725993834285424
rftl_s,5,0.1,1.0,26,0.04445552192807161
rftl_s,5,0.1,1.0,27,0.04216435578489252
rftl_s,5,0.1,1.0,28,0.0410592233805288
rftl_s,5,0.1,1.0,29,0.0592115732338584
rftl_s,5,0.1,1.0,30,0.0892323728408816
rftl_s,5,0.1,1.0,31,0.06069370421860712
rftl_s,5,0.1,1.0,32,0.06313713620611251
rftl_s,5,0.1,1.0,33,0.049303345273599995
rftl_s,5,0.1,1.0,34,0.08728796466892837
rftl_s,5,0.1,1.0,35,0.07342598355966869
rftl_s,5,0.1,1.0,36,0.059141052881551144
rftl_s,5,0.1,1.0,37,0.07081407979044362
rftl_s,5,0.1,1.0,38,0.06005809948255659
rftl_s,5,0.1,1.0,39,0.048283153297605776
rftl_s,5,0.1,1.0,40,0.06905222373064417
rftl_s,5,0.1,1.0,41,0.07517031451686007
rftl_s,5,0.1,1.0,42,0.05061457706499205
rftl_s,5,0.1,1.0,43,0.05333313043782176
rftl_s,5,0.1,1.0,44,0.05910557610157042
rftl_s,5,0.1,1.0,45,0.03816121005098326
rftl_s,5,0.1,1.0,46,0.05836660417106077
rftl_s,5,0.1,1.0,47,0.07748952470852706
rftl_s,5,0.1,1.0,48,0.06394427740324947
rftl_s,5,0.1,1.0,49,0.06937612385242736
rftl_s_prec,5,0.1,1.345,0,0.2777777777777778
rftl_s_prec,5,0.1,1.345,1,0.3333333333333333
rftl_s_prec,5,0.1,1.345,2,0.38461538461538464
rftl_s_prec,5,0.1,1.345,3,0.2702702702702703
rftl_s_prec,5,0.1,1.345,4,0.37037037037037035
rftl_s_prec,5,0.1,1.345,5,0.30303030303030304
rftl_s_prec,5,0.1,1.345,6,0.3225806451612903
rftl_s_prec,5,0.1,1.345,7,0.30303030303030304
rftl_s_prec,5,0.1,1.345,8,0.45454545454545453
rftl_s_prec,5,0.1,1.345,9,0.2564102564102564
rftl_s_prec,5,0.1,1.345,10,0.3125
rftl_s_prec,5,0.1,1.345,11,0.2702702702702703
rftl_s_prec,5,0.1,1.345,12,0.3333333333333333
rftl_s_prec,5,0.1,1.345,13,0.29411764705882354
rftl_s_prec,5,0.1,1.345,14,0.2777777777777778
rftl_s_prec,5,0.1,1.345,15,0.37037037037037035
rftl_s_prec,5,0.1,1.345,16,0.3448275862068966
rftl_s_prec,5,0.1,1.345,17,0.29411764705882354
rftl_s_prec,5,0.1,1.345,18,0.30303030303030304
rftl_s_prec,5,0.1,1.345,19,0.30303030303030304
rftl_s_prec,5,0.1,1.345,20,0.3448275862068966
rftl_s_prec,5,0.1,1.345,21,0.3125
rftl_s_prec,5,0.1,1.345,22,0.29411764705882354
rftl_s_prec,5,0.1,1.345,23,0.30303030303030304
rftl_s_prec,5,0.1,1.345,24,0.25
rftl_s_prec,5,0.1,1.345,25,0.3448275862068966
rftl_s_prec,5,0.1,1.345,26,0.29411764705882354
rftl_s_prec,5,0.1,1.345,27,0.2857142857142857
rftl_s_prec,5,0.1,1.345,28,0.3333333333333333
rftl_s_prec,5,0.1,1.345,29,0.2631578947368421
rftl_s_prec,5,0.1,1.345,30,0.2564102564102564
rftl_s_prec,5,0.1,1.345,31,0.29411764705882354
rftl_s_prec,5,0.1,1.345,32,0.2777777777777778
rftl_s_prec,5,0.1,1.345,33,0.3448275862068966
rftl_s_prec,5,0.1,1.345,34,0.2777777777777778
rftl_s_prec,5,0.1,1.345,35,0.2702702702702703
rftl_s_prec,5,0.1,1.345,36,0.3333333333333333
rftl_s_prec,5,0.1,1.345,37,0.3225806451612903
rftl_s_prec,5,0.1,1.345,38,0.3125
rftl_s_prec,5,0.1,1.345,39,0.4
rftl_s_prec,5,0.1,1.345,40,0.3448275862068966
rftl_s_prec,5,0.1,1.345,41,0.2857142857142857
rftl_s_prec,5,0.1,1.345,42,0.24390243902439024
rftl_s_prec,5,0.1,1.345,43,0.35714285714285715
rftl_s_prec,5,0.1,1.345,44,0.3225806451612903
rftl_s_prec,5,0.1,1.345,45,0.35714285714285715
rftl_s_prec,5,0.1,1.345,46,0.2857142857142857
rftl_s_prec,5,0.1,1.345,47,0.2857142857142857
rftl_s_prec,5,0.1,1.345,48,0.3448275862068966
rftl_s_prec,5,0.1,1.345,49,0.35714285714285715
rftl_s_rec,5,0.1,1.345,0,1.0
rftl_s_rec,5,0.1,1.345,1,1.0
rftl_s_rec,5,0.1,1.345,2,1.0
rftl_s_rec,5,0.1,1.345,3,1.0
rftl_s_rec,5,0.1,1.345,4,1.0
rftl_s_rec,5,0.1,1.345,5,1.0
rftl_s_rec,5,0.1,1.345,6,1.0
rftl_s_rec,5,0.1,1.345,7,1.0
rftl_s_rec,5,0.1,1.345,8,1.0
rftl_s_rec,5,0.1,1.345,9,1.0
rftl_s_rec,5,0.1,1.345,10,1.0
rftl_s_rec,5,0.1,1.345,11,1.0
rftl_s_rec,5,0.1,1.345,12,1.0
rftl_s_rec,5,0.1,1.345,13,1.0
rftl_s_rec,5,0.1,1.345,14,1.0
rftl_s_rec,5,0.1,1.345,15,1.0
rftl_s_rec,5,0.1,1.345,16,1.0
rftl_s_rec,5,0.1,1.345,17,1.0
rftl_s_rec,5,0.1,1.345,18,1.0
rftl_s_rec,5,0.1,1.345,19,1.0
rftl_s_rec,5,0.1,1.345,20,1.0
rftl_s_rec,5,0.1,1.345,21,1.0
rftl_s_rec,5,0.1,1.345,22,1.0
rftl_s_rec,5,0.1,1.345,23,1.0
rftl_s_rec,5,0.1,1.345,24,1.0
rftl_s_rec,5,0.1,1.345,25,1.0
rftl_s_rec,5,0.1,1.345,26,1.0
rftl_s_rec,5,0.1,1.345,27,1.0
rftl_s_rec,5,0.1,1.345,28,1.0
rftl_s_rec,5,0.1,1.345,29,1.0
rftl_s_rec,5,0.1,1.345,30,1.0
rftl_s_rec,5,0.1,1.345,31,1.0
rftl_s_rec,5,0.1,1.345,32,1.0
rftl_s_rec,5,0.1,1.345,33,1.0
rftl_s_rec,5,0.1,1.345,34,1.0
rftl_s_rec,5,0.1,1.345,35,1.0
rftl_s_rec,5,0.1,1.345,36,1.0
rftl_s_rec,5,0.1,1.345,37,1.0
rftl_s_rec,5,0.1,1.345,38,1.0
rftl_s_rec,5,0.1,1.345,39,1.0
rftl_s_rec,5,0.1,1.345,40,1.0
rftl_s_rec,5,0.1,1.345,41,1.0
rftl_s_rec,5,0.1,1.345,42,1.0
rftl_s_rec,5,0.1,1.345,43,1.0
rftl_s_rec,5,0.1,1.345,44,1.0
rftl_s_rec,5,0.1,1.345,45,1.0
rftl_s_rec,5,0.1,1.345,46,1.0
rftl_s_rec,5,0.1,1.345,47,1.0
rftl_s_rec,5,0.1,1.345,48,1.0
rftl_s_rec,5,0.1,1.345,49,1.0
rftl_s,5,0.1,1.345,0,0.06748695379141263
rftl_s,5,0.1,1.345,1,0.05853059982228177
rftl_s,5,0.1,1.345,2,0.07080002082631905
rftl_s,5,0.1,1.345,3,0.0859007404502938
rftl_s,5,0.1,1.345,4,0.05619160577412989
rftl_s,5,0.1,1.345,5,0.07849472084617758
rftl_s,5,0.1,1.345,6,0.04844372855461245
rftl_s,5,0.1,1.345,7,0.0740443854373578
rftl_s,5,0.1,1.345,8,0.07190590680576307
rftl_s,5,0.1,1.345,9,0.0494306083027043
rftl_s,5,0.1,1.345,10,0.09975840691885382
rftl_s,5,0.1,1.345,11,0.06941119814366375
rftl_s,5,0.1,1.345,12,0.05734474279436863
rftl_s,5,0.1,1.345,13,0.06487937598404273
rftl_s,5,0.1,1.345,14,0.07994847427599239
rftl_s,5,0.1,1.345,15,0.06219486736388711
rftl_s,5,0.1,1.345,16,0.05809584587651663
rftl_s,5,0.1,1.345,17,0.059560170543087515
rftl_s,5,0.1,1.345,18,0.07521250500973346
rftl_s,5,0.1,1.345,19,0.06097705574115576
rftl_s,5,0.1,1.345,20,0.04804122979125927
rftl_s,5,0.1,1.345,21,0.07192469788413021
rftl_s,5,0.1,1.345,22,0.06026973877388652
rftl_s,5,0.1,1.345,23,0.06632413959958076
rftl_s,5,0.1,1.345,24,0.07401996374656299
rftl_s,5,0.1,1.345,25,0.08730200785307068
rftl_s,5,0.1,1.345,26,0.09558254126952935
rftl_s,5,0.1,1.345,27,0.06464416330342886
rftl_s,5,0.1,1.345,28,0.06043490134748197
rftl_s,5,0.1,1.345,29,0.06387803238314903
rftl_s,5,0.1,1.345,30,0.0784999600254943
rftl_s,5,0.1,1.345,31,0.053838075402540354
rftl_s,5,0.1,1.345,32,0.07292519943584143
rftl_s,5,0.1,1.345,33,0.041741131493490326
rftl_s,5,0.1,1.345,34,0.0464976274987089
rftl_s,5,0.1,1.345,35,0.06303982907812214
rftl_s,5,0.1,1.345,36,0.07090639168594981
rftl_s,5,0.1,1.345,37,0.04395318252350275
rftl_s,5,0.1,1.345,38,0.09659741920067622
rftl_s,5,0.1,1.345,39,0.06955499670706834
rftl_s,5,0.1,1.345,40,0.08073946683495255
rftl_s,5,0.1,1.345,41,0.06973891266942776
rftl_s,5,0.1,1.345,42,0.06944388675547036
rftl_s,5,0.1,1.345,43,0.0596551734016773
rftl_s,5,0.1,1.345,44,0.06891320031307399
rftl_s,5,0.1,1.345,45,0.049505936917110215
rftl_s,5,0.1,1.345,46,0.055028826058182385
rftl_s,5,0.1,1.345,47,0.06719596563150045
rftl_s,5,0.1,1.345,48,0.06265772056217281
rftl_s,5,0.1,1.345,49,0.08282488787625383
rftl_s_prec,5,0.1,2.0,0,0.5
rftl_s_prec,5,0.1,2.0,1,0.7692307692307693
rftl_s_prec,5,0.1,2.0,2,1.0
rftl_s_prec,5,0.1,2.0,3,0.6666666666666666
rftl_s_prec,5,0.1,2.0,4,1.0
rftl_s_prec,5,0.1,2.0,5,0.625
rftl_s_prec,5,0.1,2.0,6,0.9090909090909091
rftl_s_prec,5,0.1,2.0,7,0.7142857142857143
rftl_s_prec,5,0.1,2.0,8,0.9090909090909091
rftl_s_prec,5,0.1,2.0,9,0.8333333333333334
rftl_s_prec,5,0.1,2.0,10,0.8333333333333334
rftl_s_prec,5,0.1,2.0,11,0.5882352941176471
rftl_s_prec,5,0.1,2.0,12,0.7692307692307693
rftl_s_prec,5,0.1,2.0,13,0.8333333333333334
rftl_s_prec,5,0.1,2.0,14,0.8333333333333334
rftl_s_prec,5,0.1,2.0,15,1.0
rftl_s_prec,5,0.1,2.0,16,0.9090909090909091
rftl_s_prec,5,0.1,2.0,17,0.7142857142857143
rftl_s_prec,5,0.1,2.0,18,0.7692307692307693
rftl_s_prec,5,0.1,2.0,19,0.9090909090909091
rftl_s_prec,5,0.1,2.0,20,0.9090909090909091
rftl_s_prec,5,0.1,2.0,21,0.8333333333333334
rftl_s_prec,5,0.1,2.0,22,0.5555555555555556
rftl_s_prec,5,0.1,2.0,23,0.9090909090909091
rftl_s_prec,5,0.1,2.0,24,0.5
rftl_s_prec,5,0.1,2.0,25,0.625
rftl_s_prec,5,0.1,2.0,26,0.7692307692307693
rftl_s_prec,5,0.1,2.0,27,0.7142857142857143
rftl_s_prec,5,0.1,2.0,28,0.9090909090909091
rftl_s_prec,5,0.1,2.0,29,0.5555555555555556
rftl_s_prec,5,0.1,2.0,30,0.43478260869565216
rftl_s_prec,5,0.1,2.0,31,0.7142857142857143
rftl_s_prec,5,0.1,2.0,32,0.7142857142857143
rftl_s_prec,5,0.1,2.0,33,1.0
rftl_s_prec,5,0.1,2.0,34,0.43478260869565216
rftl_s_prec,5,0.1,2.0,35,0.5555555555555556
rftl_s_prec,5,0.1,2.0,36,0.9090909090909091
rftl_s_prec,5,0.1,2.0,37,0.7692307692307693
rftl_s_prec,5,0.1,2.0,38,0.9090909090909091
rftl_s_prec,5,0.1,2.0,39,0.9090909090909091
rftl_s_prec,5,0.1,2.0,40,0.7692307692307693
rftl_s_prec,5,0.1,2.0,41,0.7692307692307693
rftl_s_prec,5,0.1,2.0,42,0.5
rftl_s_prec,5,0.1,2.0,43,0.7692307692307693
rftl_s_prec,5,0.1,2.0,44,0.7142857142857143
rftl_s_prec,5,0.1,2.0,45,0.9090909090909091
rftl_s_prec,5,0.1,2.0,46,0.7142857142857143
rftl_s_prec,5,0.1,2.0,47,0.7142857142857143
rftl_s_prec,5,0.1,2.0,48,0.7692307692307693
rftl_s_prec,5,0.1,2.0,49,0.8333333333333334
rftl_s_rec,5,0.1,2.0,0,1.0
rftl_s_rec,5,0.1,2.0,1,1.0
rftl_s_rec,5,0.1,2.0,2,1.0
rftl_s_rec,5,0.1,2.0,3,1.0
rftl_s_rec,5,0.1,2.0,4,1.0
rftl_s_rec,5,0.1,2.0,5,1.0
rftl_s_rec,5,0.1,2.0,6,1.0
rftl_s_rec,5,0.1,2.0,7,1.0
rftl_s_rec,5,0.1,2.0,8,1.0
rftl_s_rec,5,0.1,2.0,9,1.0
rftl_s_rec,5,0.1,2.0,10,1.0
rftl_s_rec,5,0.1,2.0,11,1.0
rftl_s_rec,5,0.1,2.0,12,1.0
rftl_s_rec,5,0.1,2.0,13,1.0
rftl_s_rec,5,0.1,2.0,14,1.0
rftl_s_rec,5,0.1,2.0,15,1.0
rftl_s_rec,5,0.1,2.0,16,1.0
rftl_s_rec,5,0.1,2.0,17,1.0
rftl_s_rec,5,0.1,2.0,18,1.0
rftl_s_rec,5,0.1,2.0,19,1.0
rftl_s_rec,5,0.1,2.0,20,1.0
rftl_s_rec,5,0.1,2.0,21,1.0
rftl_s_rec,5,0.1,2.0,22,1.0
rftl_s_rec,5,0.1,2.0,23,1.0
rftl_s_rec,5,0.1,2.0,24,1.0
rftl_s_rec,5,0.1,2.0,25,1.0
rftl_s_rec,5,0.1,2.0,26,1.0
rftl_s_rec,5,0.1,2.0,27,1.0
rftl_s_rec,5,0.1,2.0,28,1.0
rftl_s_rec,5,0.1,2.0,29,1.0
rftl_s_rec,5,0.1,2.0,30,1.0
rftl_s_rec,5,0.1,2.0,31,1.0
rftl_s_rec,5,0.1,2.0,32,1.0
rftl_s_rec,5,0.1,2.0,33,1.0
rftl_s_rec,5,0.1,2.0,34,1.0
rftl_s_rec,5,0.1,2.0,35,1.0
rftl_s_rec,5,0.1,2.0,36,1.0
rftl_s_rec,5,0.1,2.0,37,1.0
rftl_s_rec,5,0.1,2.0,38,1.0
rftl_s_rec,5,0.1,2.0,39,1.0
rftl_s_rec,5,0.1,2.0,40,1.0
rftl_s_rec,5,0.1,2.0,41,1.0
rftl_s_rec,5,0.1,2.0,42,1.0
rftl_s_rec,5,0.1,2.0,43,1.0
rftl_s_rec,5,0.1,2.0,44,1.0
rftl_s_rec,5,0.1,2.0,45,1.0
rftl_s_rec,5,0.1,2.0,46,1.0
rftl_s_rec,5,0.1,2.0,47,1.0
rftl_s_rec,5,0.1,2.0,48,1.0
rftl_s_rec,5,0.1,2.0,49,1.0
rftl_s,5,0.1,2.0,0,0.07553269697553683
rftl_s,5,0.1,2.0,1,0.0667648452456814
rftl_s,5,0.1,2.0,2,0.04553450072093557
rftl_s,5,0.1,2.0,3,0.04604438551165736
rftl_s,5,0.1,2.0,4,0.06813459374538491
rftl_s,5,0.1,2.0,5,0.06009458734168451
rftl_s,5,0.1,2.0,6,0.06985451723535015
rftl_s,5,0.1,2.0,7,0.07575838191259375
rftl_s,5,0.1,2.0,8,0.07702369705399206
rftl_s,5,0.1,2.0,9,0.09087293857784119
rftl_s,5,0.1,2.0,10,0.07698420357408592
rftl_s,5,0.1,2.0,11,0.07231992995787971
rftl_s,5,0.1,2.0,12,0.07738701013399138
rftl_s,5,0.1,2.0,13,0.08818252529532188
rftl_s,5,0.1,2.0,14,0.06060659258107084
rftl_s,5,0.1,2.0,15,0.08259060933906306
rftl_s,5,0.1,2.0,16,0.05683867521764915
rftl_s,5,0.1,2.0,17,0.06823204268178618
rftl_s,5,0.1,2.0,18,0.055565733158500365
rftl_s,5,0.1,2.0,19,0.050196784676683634
rftl_s,5,0.1,2.0,20,0.04937737012433459
rftl_s,5,0.1,2.0,21,0.05339378047138639
rftl_s,5,0.1,2.0,22,0.03940669924533594
rftl_s,5,0.1,2.0,23,0.03837064662571404
rftl_s,5,0.1,2.0,24,0.08078482309883941
rftl_s,5,0.1,2.0,25,0.06608421250510478
rftl_s,5,0.1,2.0,26,0.07316168126220533
rftl_s,5,0.1,2.0,27,0.056759879804646134
rftl_s,5,0.1,2.0,28,0.04225405917011007
rftl_s,5,0.1,2.0,29,0.04466511335431208
rftl_s,5,0.1,2.0,30,0.08613156334882047
rftl_s,5,0.1,2.0,31,0.06031096576024523
rftl_s,5,0.1,2.0,32,0.05159061443503042
rftl_s,5,0.1,2.0,33,0.08093450681615698
rftl_s,5,0.1,2.0,34,0.0638144927702002
rftl_s,5,0.1,2.0,35,0.042902809135369445
rftl_s,5,0.1,2.0,36,0.06976042060714974
rftl_s,5,0.1,2.0,37,0.06040516807512754
rftl_s,5,0.1,2.0,38,0.09083900886639572
rftl_s,5,0.1,2.0,39,0.0718593860754024
rftl_s,5,0.1,2.0,40,0.06883863960952316
rftl_s,5,0.1,2.0,41,0.04138976559554329
rftl_s,5,0.1,2.0,42,0.06993542792865476
rftl_s,5,0.1,2.0,43,0.06527274189354292
rftl_s,5,0.1,2.0,44,0.05671646904913293
rftl_s,5,0.1,2.0,45,0.05199115956501037
rftl_s,5,0.1,2.0,46,0.07319439012726298
rftl_s,5,0.1,2.0,47,0.07709621384278065
rftl_s,5,0.1,2.0,48,0.06281357592375965
rftl_s,5,0.1,2.0,49,0.05358314981684564
rftl_s_prec,5,0.1,3.0,0,1.0
rftl_s_prec,5,0.1,3.0,1,1.0
rftl_s_prec,5,0.1,3.0,2,1.0
rftl_s_prec,5,0.1,3.0,3,1.0
rftl_s_prec,5,0.1,3.0,4,1.0
rftl_s_prec,5,0.1,3.0,5,1.0
rftl_s_prec,5,0.1,3.0,6,1.0
rftl_s_prec,5,0.1,3.0,7,1.0
rftl_s_prec,5,0.1,3.0,8,1.0
rftl_s_prec,5,0.1,3.0,9,1.0
rftl_s_prec,5,0.1,3.0,10,1.0
rftl_s_prec,5,0.1,3.0,11,1.0
rftl_s_prec,5,0.1,3.0,12,1.0
rftl_s_prec,5,0.1,3.0,13,1.0
rftl_s_prec,5,0.1,3.0,14,1.0
rftl_s_prec,5,0.1,3.0,15,1.0
rftl_s_prec,5,0.1,3.0,16,1.0
rftl_s_prec,5,0.1,3.0,17,1.0
rftl_s_prec,5,0.1,3.0,18,1.0
rftl_s_prec,5,0.1,3.0,19,1.0
rftl_s_prec,5,0.1,3.0,20,1.0
rftl_s_prec,5,0.1,3.0,21,1.0
rftl_s_prec,5,0.1,3.0,22,1.0
rftl_s_prec,5,0.1,3.0,23,1.0
rftl_s_prec,5,0.1,3.0,24,0.9090909090909091
rftl_s_prec,5,0.1,3.0,25,1.0
rftl_s_prec,5,0.1,3.0,26,1.0
rftl_s_prec,5,0.1,3.0,27,1.0
rftl_s_prec,5,0.1,3.0,28,1.0
rftl_s_prec,5,0.1,3.0,29,1.0
rftl_s_prec,5,0.1,3.0,30,1.0
rftl_s_prec,5,0.1,3.0,31,0.9090909090909091
rftl_s_prec,5,0.1,3.0,32,1.0
rftl_s_prec,5,0.1,3.0,33,1.0
rftl_s_prec,5,0.1,3.0,34,1.0
rftl_s_prec,5,0.1,3.0,35,1.0
rftl_s_prec,5,0.1,3.0,36,1.0
rftl_s_prec,5,0.1,3.0,37,1.0
rftl_s_prec,5,0.1,3.0,38,1.0
rftl_s_prec,5,0.1,3.0,39,1.0
rftl_s_prec,5,0.1,3.0,40,1.0
rftl_s_prec,5,0.1,3.0,41,1.0
rftl_s_prec,5,0.1,3.0,42,1.0
rftl_s_prec,5,0.1,3.0,43,1.0
rftl_s_prec,5,0.1,3.0,44,0.9090909090909091
rftl_s_prec,5,0.1,3.0,45,1.0
rftl_s_prec,5,0.1,3.0,46,1.0
rftl_s_prec,5,0.1,3.0,47,1.0
rftl_s_prec,5,0.1,3.0,48,1.0
rftl_s_prec,5,0.1,3.0,49,1.0
rftl_s_rec,5,0.1,3.0,0,1.0
rftl_s_rec,5,0.1,3.0,1,1.0
rftl_s_rec,5,0.1,3.0,2,1.0
rftl_s_rec,5,0.1,3.0,3,1.0
rftl_s_rec,5,0.1,3.0,4,1.0
rftl_s_rec,5,0.1,3.0,5,1.0
rftl_s_rec,5,0.1,3.0,6,1.0
rftl_s_rec,5,0.1,3.0,7,1.0
rftl_s_rec,5,0.1,3.0,8,1.0
rftl_s_rec,5,0.1,3.0,9,1.0
rftl_s_rec,5,0.1,3.0,10,1.0
rftl_s_rec,5,0.1,3.0,11,1.0
rftl_s_rec,5,0.1,3.0,12,1.0
rftl_s_rec,5,0.1,3.0,13,1.0
rftl_s_rec,5,0.1,3.0,14,1.0
rftl_s_rec,5,0.1,3.0,15,1.0
rftl_s_rec,5,0.1,3.0,16,1.0
rftl_s_rec,5,0.1,3.0,17,1.0
rftl_s_rec,5,0.1,3.0,18,1.0
rftl_s_rec,5,0.1,3.0,19,1.0
rftl_s_rec,5,0.1,3.0,20,1.0
rftl_s_rec,5,0.1,3.0,21,1.0
rftl_s_rec,5,0.1,3.0,22,1.0
rftl_s_rec,5,0.1,3.0,23,1.0
rftl_s_rec,5,0.1,3.0,24,1.0
rftl_s_rec,5,0.1,3.0,25,1.0
rftl_s_rec,5,0.1,3.0,26,1.0
rftl_s_rec,5,0.1,3.0,27,1.0
rftl_s_rec,5,0.1,3.0,28,1.0
rftl_s_rec,5,0.1,3.0,29,1.0
rftl_s_rec,5,0.1,3.0,30,1.0
rftl_s_rec,5,0.1,3.0,31,1.0
rftl_s_rec,5,0.1,3.0,32,1.0
rftl_s_rec,5,0.1,3.0,33,1.0
rftl_s_rec,5,0.1,3.0,34,1.0
rftl_s_rec,5,0.1,3.0,35,1.0
rftl_s_rec,5,0.1,3.0,36,1.0
rftl_s_rec,5,0.1,3.0,37,1.0
rftl_s_rec,5,0.1,3.0,38,1.0
rftl_s_rec,5,0.1,3.0,39,1.0
rftl_s_rec,5,0.1,3.0,40,1.0
rftl_s_rec,5,0.1,3.0,41,1.0
rftl_s_rec,5,0.1,3.0,42,1.0
rftl_s_rec,5,0.1,3.0,43,1.0
rftl_s_rec,5,0.1,3.0,44,1.0
rftl_s_rec,5,0.1,3.0,45,1.0
rftl_s_rec,5,0.1,3.0,46,1.0
rftl_s_rec,5,0.1,3.0,47,1.0
rftl_s_rec,5,0.1,3.0,48,1.0
rftl_s_rec,5,0.1,3.0,49,1.0
rftl_s,5,0.1,3.0,0,0.05883765878739826
rftl_s,5,0.1,3.0,1,0.08596752741340005
rftl_s,5,0.1,3.0,2,0.09093786238726473
rftl_s,5,0.1,3.0,3,0.049806291156267855
rftl_s,5,0.1,3.0,4,0.08277896866890701
rftl_s,5,0.1,3.0,5,0.08208369342221768
rftl_s,5,0.1,3.0,6,0.05080768999789614
rftl_s,5,0.1,3.0,7,0.05931657165875119
rftl_s,5,0.1,3.0,8,0.07793320397082297
rftl_s,5,0.1,3.0,9,0.05653589778267978
rftl_s,5,0.1,3.0,10,0.07256937350798644
rftl_s,5,0.1,3.0,11,0.06838099000891819
rftl_s,5,0.1,3.0,12,0.04934794653116895
rftl_s,5,0.1,3.0,13,0.05107729766608708
rftl_s,5,0.1,3.0,14,0.06010622890908322
rftl_s,5,0.1,3.0,15,0.05027278577147234
rftl_s,5,0.1,3.0,16,0.05545640995057818
rftl_s,5,0.1,3.0,17,0.06957037913401944
rftl_s,5,0.1,3.0,18,0.08603605187096774
rftl_s,5,0.1,3.0,19,0.06135280766282718
rftl_s,5,0.1,3.0,20,0.07624399927444334
rftl_s,5,0.1,3.0,21,0.07983153097161844
rftl_s,5,0.1,3.0,22,0.06247315176253983
rftl_s,5,0.1,3.0,23,0.059702409877941044
rftl_s,5,0.1,3.0,24,0.09557590705539999
rftl_s,5,0.1,3.0,25,0.05650210087799736
rftl_s,5,0.1,3.0,26,0.09378293896090337
rftl_s,5,0.1,3.0,27,0.07468419561479506
rftl_s,5,0.1,3.0,28,0.051288428398115087
rftl_s,5,0.1,3.0,29,0.07549265260556948
rftl_s,5,0.1,3.0,30,0.09638400811878571
rftl_s,5,0.1,3.0,31,0.0491079315871045
rftl_s,5,0.1,3.0,32,0.07109692679724991
rftl_s,5,0.1,3.0,33,0.05419189143864027
rftl_s,5,0.1,3.0,34,0.04839100326852587
rftl_s,5,0.1,3.0,35,0.07034826290016347
rftl_s,5,0.1,3.0,36,0.08299739160147986
rftl_s,5,0.1,3.0,37,0.05137534875523671
rftl_s,5,0.1,3.0,38,0.056521185275977714
rftl_s,5,0.1,3.0,39,0.05734930775358768
rftl_s,5,0.1,3.0,40,0.06872904729095279
rftl_s,5,0.1,3.0,41,0.07032646814173395
rftl_s,5,0.1,3.0,42,0.07131218732241157
rftl_s,5,0.1,3.0,43,0.07385569853803749
rftl_s,5,0.1,3.0,44,0.04341045042386728
rftl_s,5,0.1,3.0,45,0.07039926368822177
rftl_s,5,0.1,3.0,46,0.07999443492091055
rftl_s,5,0.1,3.0,47,0.07368125960602306
rftl_s,5,0.1,3.0,48,0.05089948315622223
rftl_s,5,0.1,3.0,49,0.06039843438986157
baseline,5,0.2,,0,0.09336428951948142
baseline,5,0.2,,1,0.08157285109703262
baseline,5,0.2,,2,0.056193818308731346
baseline,5,0.2,,3,0.0669079349085193
baseline,5,0.2,,4,0.06894795560198132
baseline,5,0.2,,5,0.0728927472785928
baseline,5,0.2,,6,0.0630791928128359
baseline,5,0.2,,7,0.06424843275641698
baseline,5,0.2,,8,0.09465651407077692
baseline,5,0.2,,9,0.06559100779785784
baseline,5,0.2,,10,0.09671045196138521
baseline,5,0.2,,11,0.05878359383065328
baseline,5,0.2,,12,0.06915140323272584
baseline,5,0.2,,13,0.07388990503740062
baseline,5,0.2,,14,0.08200287739863654
baseline,5,0.2,,15,0.06558091085401846
baseline,5,0.2,,16,0.05993309146316142
baseline,5,0.2,,17,0.083702035060774
baseline,5,0.2,,18,0.05385036370555493
baseline,5,0.2,,19,0.06745012193373964
baseline,5,0.2,,20,0.09303962231367226
baseline,5,0.2,,21,0.08000361856350761
baseline,5,0.2,,22,0.06328256699674871
baseline,5,0.2,,23,0.04727682066401104
baseline,5,0.2,,24,0.055082750447431716
baseline,5,0.2,,25,0.068503992376194
baseline,5,0.2,,26,0.08828049244815123
baseline,5,0.2,,27,0.05805429956385848
baseline,5,0.2,,28,0.08915134884573059
baseline,5,0.2,,29,0.0771904108543781
baseline,5,0.2,,30,0.08604949731367105
baseline,5,0.2,,31,0.042122452096016436
baseline,5,0.2,,32,0.08764187495537706
baseline,5,0.2,,33,0.06555776405633205
baseline,5,0.2,,34,0.09408386464343124
baseline,5,0.2,,35,0.06593910922556447
baseline,5,0.2,,36,0.06670324298283546
baseline,5,0.2,,37,0.08374444836930607
baseline,5,0.2,,38,0.08247392088804634
baseline,5,0.2,,39,0.05308349180817654
baseline,5,0.2,,40,0.05990377680495247
baseline,5,0.2,,41,0.04661042439707102
baseline,5,0.2,,42,0.06793610698974419
baseline,5,0.2,,43,0.08634667416125466
baseline,5,0.2,,44,0.07431273368279823
baseline,5,0.2,,45,0.04258447897125268
baseline,5,0.2,,46,0.08298756368541871
baseline,5,0.2,,47,0.08317533939371374
baseline,5,0.2,,48,0.08986879518700233
baseline,5,0.2,,49,0.06290475453989279
rftl_s_prec,5,0.2,1.0,0,0.4
rftl_s_prec,5,0.2,1.0,1,0.4
rftl_s_prec,5,0.2,1.0,2,0.4
rftl_s_prec,5,0.2,1.0,3,0.4
rftl_s_prec,5,0.2,1.0,4,0.4
rftl_s_prec,5,0.2,1.0,5,0.4
rftl_s_prec,5,0.2,1.0,6,0.4
rftl_s_prec,5,0.2,1.0,7,0.4
rftl_s_prec,5,0.2,1.0,8,0.4
rftl_s_prec,5,0.2,1.0,9,0.4
rftl_s_prec,5,0.2,1.0,10,0.4
rftl_s_prec,5,0.2,1.0,11,0.4
rftl_s_prec,5,0.2,1.0,12,0.4
rftl_s_prec,5,0.2,1.0,13,0.4
rftl_s_prec,5,0.2,1.0,14,0.4
rftl_s_prec,5,0.2,1.0,15,0.4
rftl_s_prec,5,0.2,1.0,16,0.4
rftl_s_prec,5,0.2,1.0,17,0.4
rftl_s_prec,5,0.2,1.0,18,0.4
rftl_s_prec,5,0.2,1.0,19,0.4
rftl_s_prec,5,0.2,1.0,20,0.4
rftl_s_prec,5,0.2,1.0,21,0.4
rftl_s_prec,5,0.2,1.0,22,0.4
rftl_s_prec,5,0.2,1.0,23,0.4
rftl_s_prec,5,0.2,1.0,24,0.4
rftl_s_prec,5,0.2,1.0,25,0.4
rftl_s_prec,5,0.2,1.0,26,0.4
rftl_s_prec,5,0.2,1.0,27,0.4
rftl_s_prec,5,0.2,1.0,28,0.4
rftl_s_prec,5,0.2,1.0,29,0.4
rftl_s_prec,5,0.2,1.0,30,0.4
rftl_s_prec,5,0.2,1.0,31,0.4
rftl_s_prec,5,0.2,1.0,32,0.4
rftl_s_prec,5,0.2,1.0,33,0.4
rftl_s_prec,5,0.2,1.0,34,0.4
rftl_s_prec,5,0.2,1.0,35,0.4
rftl_s_prec,5,0.2,1.0,36,0.4
rftl_s_prec,5,0.2,1.0,37,0.4
rftl_s_prec,5,0.2,1.0,38,0.4
rftl_s_prec,5,0.2,1.0,39,0.4
rftl_s_prec,5,0.2,1.0,40,0.4
rftl_s_prec,5,0.2,1.0,41,0.4
rftl_s_prec,5,0.2,1.0,42,0.4
rftl_s_prec,5,0.2,1.0,43,0.4
rftl_s_prec,5,0.2,1.0,44,0.4
rftl_s_prec,5,0.2,1.0,45,0.4
rftl_s_prec,5,0.2,1.0,46,0.4
rftl_s_prec,5,0.2,1.0,47,0.4
rftl_s_prec,5,0.2,1.0,48,0.4
rftl_s_prec,5,0.2,1.0,49,0.4
rftl_s_rec,5,0.2,1.0,0,1.0
rftl_s_rec,5,0.2,1.0,1,1.0
rftl_s_rec,5,0.2,1.0,2,1.0
rftl_s_rec,5,0.2,1.0,3,1.0
rftl_s_rec,5,0.2,1.0,4,1.0
rftl_s_rec,5,0.2,1.0,5,1.0
rftl_s_rec,5,0.2,1.0,6,1.0
rftl_s_rec,5,0.2,1.0,7,1.0
rftl_s_rec,5,0.2,1.0,8,1.0
rftl_s_rec,5,0.2,1.0,9,1.0
rftl_s_rec,5,0.2,1.0,10,1.0
rftl_s_rec,5,0.2,1.0,11,1.0
rftl_s_rec,5,0.2,1.0,12,1.0
rftl_s_rec,5,0.2,1.0,13,1.0
rftl_s_rec,5,0.2,1.0,14,1.0
rftl_s_rec,5,0.2,1.0,15,1.0
rftl_s_rec,5,0.2,1.0,16,1.0
rftl_s_rec,5,0.2,1.0,17,1.0
rftl_s_rec,5,0.2,1.0,18,1.0
rftl_s_rec,5,0.2,1.0,19,1.0
rftl_s_rec,5,0.2,1.0,20,1.0
rftl_s_rec,5,0.2,1.0,21,1.0
rftl_s_rec,5,0.2,1.0,22,1.0
rftl_s_rec,5,0.2,1.0,23,1.0
rftl_s_rec,5,0.2,1.0,24,1.0
rftl_s_rec,5,0.2,1.0,25,1.0
rftl_s_rec,5,0.2,1.0,26,1.0
rftl_s_rec,5,0.2,1.0,27,1.0
rftl_s_rec,5,0.2,1.0,28,1.0
rftl_s_rec,5,0.2,1.0,29,1.0
rftl_s_rec,5,0.2,1.0,30,1.0
rftl_s_rec,5,0.2,1.0,31,1.0
rftl_s_rec,5,0.2,1.0,32,1.0
rftl_s_rec,5,0.2,1.0,33,1.0
rftl_s_rec,5,0.2,1.0,34,1.0
rftl_s_rec,5,0.2,1.0,35,1.0
rftl_s_rec,5,0.2,1.0,36,1.0
rftl_s_rec,5,0.2,1.0,37,1.0
rftl_s_rec,5,0.2,1.0,38,1.0
rftl_s_rec,5,0.2,1.0,39,1.0
rftl_s_rec,5,0.2,1.0,40,1.0
rftl_s_rec,5,0.2,1.0,41,1.0
rftl_s_rec,5,0.2,1.0,42,1.0
rftl_s_rec,5,0.2,1.0,43,1.0
rftl_s_rec,5,0.2,1.0,44,1.0
rftl_s_rec,5,0.2,1.0,45,1.0
rftl_s_rec,5,0.2,1.0,46,1.0
rftl_s_rec,5,0.2,1.0,47,1.0
rftl_s_rec,5,0.2,1.0,48,1.0
rftl_s_rec,5,0.2,1.0,49,1.0
rftl_s,5,0.2,1.0,0,0.0537503100581538
rftl_s,5,0.2,1.0,1,0.06802745271436741
rftl_s,5,0.2,1.0,2,0.06827938300407276
rftl_s,5,0.2,1.0,3,0.07468618814105814
rftl_s,5,0.2,1.0,4,0.0828332227376281
rftl_s,5,0.2,1.0,5,0.05345881937921083
rftl_s,5,0.2,1.0,6,0.05869618724019776
rftl_s,5,0.2,1.0,7,0.057439431134920116
rftl_s,5,0.2,1.0,8,0.07400828663660282
rftl_s,5,0.2,1.0,9,0.06710162761814874
rftl_s,5,0.2,1.0,10,0.057932272193704476
rftl_s,5,0.2,1.0,11,0.04094559025546105
rftl_s,5,0.2,1.0,12,0.03965082356484513
rftl_s,5,0.2,1.0,13,0.08173547004274928
rftl_s,5,0.2,1.0,14,0.07996368393305044
rftl_s,5,0.2,1.0,15,0.07431346597141511
rftl_s,5,0.2,1.0,16,0.04638874318563094
rftl_s,5,0.2,1.0,17,0.06308769431391206
rftl_s,5,0.2,1.0,18,0.07777426108823413
rftl_s,5,0.2,1.0,19,0.07494435998537007
rftl_s,5,0.2,1.0,20,0.05303765321924104
rftl_s,5,0.2,1.0,21,0.06801054052268558
rftl_s,5,0.2,1.0,22,0.08293178786169196
rftl_s,5,0.2,1.0,23,0.05634716589751039
rftl_s,5,0.2,1.0,24,0.06468402003631321
rftl_s,5,0.2,1.0,25,0.07593486440219428
rftl_s,5,0.2,1.0,26,0.04599941248129983
rftl_s,5,0.2,1.0,27,0.062372080908620224
rftl_s,5,0.2,1.0,28,0.09529454590589186
rftl_s,5,0.2,1.0,29,0.08332467466769282
rftl_s,5,0.2,1.0,30,0.09777317157999743
rftl_s,5,0.2,1.0,31,0.05818962434714545
rftl_s,5,0.2,1.0,32,0.07980644606140644
rftl_s,5,0.2,1.0,33,0.03591286418724142
rftl_s,5,0.2,1.0,34,0.08550378523662736
rftl_s,5,0.2,1.0,35,0.07710694134740402
rftl_s,5,0.2,1.0,36,0.05016336509309502
rftl_s,5,0.2,1.0,37,0.04897164413102263
rftl_s,5,0.2,1.0,38,0.08771236191647097
rftl_s,5,0.2,1.0,39,0.08004474440742512
rftl_s,5,0.2,1.0,40,0.08298209647840192
rftl_s,5,0.2,1.0,41,0.07144855879598794
rftl_s,5,0.2,1.0,42,0.06475560322001965
rftl_s,5,0.2,1.0,43,0.04641844099673293
rftl_s,5,0.2,1.0,44,0.059888197128151695
rftl_s,5,0.2,1.0,45,0.05619767012065745
rftl_s,5,0.2,1.0,46,0.07519924057809431
rftl_s,5,0.2,1.0,47,0.0745588148985586
rftl_s,5,0.2,1.0,48,0.07945042088134373
rftl_s,5,0.2,1.0,49,0.054986530849596864
rftl_s_prec,5,0.2,1.345,0,0.47368421052631576
rftl_s_prec,5,0.2,1.345,1,0.46153846153846156
rftl_s_prec,5,0.2,1.345,2,0.47368421052631576
rftl_s_prec,5,0.2,1.345,3,0.47368421052631576
rftl_s_prec,5,0.2,1.345,4,0.5294117647058824
rftl_s_prec,5,0.2,1.345,5,0.6923076923076923
rftl_s_prec,5,0.2,1.345,6,0.45
rftl_s_prec,5,0.2,1.345,7,0.5
rftl_s_prec,5,0.2,1.345,8,0.46153846153846156
rftl_s_prec,5,0.2,1.345,9,0.46153846153846156
rftl_s_prec,5,0.2,1.345,10,0.6428571428571429
rftl_s_prec,5,0.2,1.345,11,0.5
rftl_s_prec,5,0.2,1.345,12,0.6428571428571429
rftl_s_prec,5,0.2,1.345,13,0.5142857142857142
rftl_s_prec,5,0.2,1.345,14,0.5
rftl_s_prec,5,0.2,1.345,15,0.6923076923076923
rftl_s_prec,5,0.2,1.345,16,0.6
rftl_s_prec,5,0.2,1.345,17,0.4864864864864865
rftl_s_prec,5,0.2,1.345,18,0.4864864864864865
rftl_s_prec,5,0.2,1.345,19,0.47368421052631576
rftl_s_prec,5,0.2,1.345,20,0.5
rftl_s_prec,5,0.2,1.345,21,0.4864864864864865
rftl_s_prec,5,0.2,1.345,22,0.47368421052631576
rftl_s_prec,5,0.2,1.345,23,0.47368421052631576
rftl_s_prec,5,0.2,1.345,24,0.5142857142857142
rftl_s_prec,5,0.2,1.345,25,0.45
rftl_s_prec,5,0.2,1.345,26,0.5454545454545454
rftl_s_prec,5,0.2,1.345,27,0.5454545454545454
rftl_s_prec,5,0.2,1.345,28,0.47368421052631576
rftl_s_prec,5,0.2,1.345,29,0.5
rftl_s_prec,5,0.2,1.345,30,0.5
rftl_s_prec,5,0.2,1.345,31,0.5625
rftl_s_prec,5,0.2,1.345,32,0.46153846153846156
rftl_s_prec,5,0.2,1.345,33,0.5294117647058824
rftl_s_prec,5,0.2,1.345,34,0.5
rftl_s_prec,5,0.2,1.345,35,0.5454545454545454
rftl_s_prec,5,0.2,1.345,36,0.5142857142857142
rftl_s_prec,5,0.2,1.345,37,0.6206896551724138
rftl_s_prec,5,0.2,1.345,38,0.5
rftl_s_prec,5,0.2,1.345,39,0.6
rftl_s_prec,5,0.2,1.345,40,0.75
rftl_s_prec,5,0.2,1.345,41,0.5142857142857142
rftl_s_prec,5,0.2,1.345,42,0.4864864864864865
rftl_s_prec,5,0.2,1.345,43,0.47368421052631576
rftl_s_prec,5,0.2,1.345,44,0.47368421052631576
rftl_s_prec,5,0.2,1.345,45,0.5
rftl_s_prec,5,0.2,1.345,46,0.6
rftl_s_prec,5,0.2,1.345,47,0.5
rftl_s_prec,5,0.2,1.345,48,0.5806451612903226
rftl_s_prec,5,0.2,1.345,49,0.47368421052631576
rftl_s_rec,5,0.2,1.345,0,1.0
rftl_s_rec,5,0.2,1.345,1,1.0
rftl_s_rec,5,0.2,1.345,2,1.0
rftl_s_rec,5,0.2,1.345,3,1.0
rftl_s_rec,5,0.2,1.345,4,1.0
rftl_s_rec,5,0.2,1.345,5,1.0
rftl_s_rec,5,0.2,1.345,6,1.0
rftl_s_rec,5,0.2,1.345,7,1.0
rftl_s_rec,5,0.2,1.345,8,1.0
rftl_s_rec,5,0.2,1.345,9,1.0
rftl_s_rec,5,0.2,1.345,10,1.0
rftl_s_rec,5,0.2,1.345,11,1.0
rftl_s_rec,5,0.2,1.345,12,1.0
rftl_s_rec,5,0.2,1.345,13,1.0
rftl_s_rec,5,0.2,1.345,14,1.0
rftl_s_rec,5,0.2,1.345,15,1.0
rftl_s_rec,5,0.2,1.345,16,1.0
rftl_s_rec,5,0.2,1.345,17,1.0
rftl_s_rec,5,0.2,1.345,18,1.0
rftl_s_rec,5,0.2,1.345,19,1.0
rftl_s_rec,5,0.2,1.345,20,1.0
rftl_s_rec,5,0.2,1.345,21,1.0
rftl_s_rec,5,0.2,1.345,22,1.0
rftl_s_rec,5,0.2,1.345,23,1.0
rftl_s_rec,5,0.2,1.345,24,1.0
rftl_s_rec,5,0.2,1.345,25,1.0
rftl_s_rec,5,0.2,1.345,26,1.0
rftl_s_rec,5,0.2,1.345,27,1.0
rftl_s_rec,5,0.2,1.345,28,1.0
rftl_s_rec,5,0.2,1.345,29,1.0
rftl_s_rec,5,0.2,1.345,30,1.0
rftl_s_rec,5,0.2,1.345,31,1.0
rftl_s_rec,5,0.2,1.345,32,1.0
rftl_s_rec,5,0.2,1.345,33,1.0
rftl_s_rec,5,0.2,1.345,34,1.0
rftl_s_rec,5,0.2,1.345,35,1.0
rftl_s_rec,5,0.2,1.345,36,1.0
rftl_s_rec,5,0.2,1.345,37,1.0
rftl_s_rec,5,0.2,1.345,38,1.0
rftl_s_rec,5,0.2,1.345,39,1.0
rftl_s_rec,5,0.2,1.345,40,1.0
rftl_s_rec,5,0.2,1.345,41,1.0
rftl_s_rec,5,0.2,1.345,42,1.0
rftl_s_rec,5,0.2,1.345,43,1.0
rftl_s_rec,5,0.2,1.345,44,1.0
rftl_s_rec,5,0.2,1.345,45,1.0
rftl_s_rec,5,0.2,1.345,46,1.0
rftl_s_rec,5,0.2,1.345,47,1.0
rftl_s_rec,5,0.2,1.345,48,1.0
rftl_s_rec,5,0.2,1.345,49,1.0
rftl_s,5,0.2,1.345,0,0.04706300939501353
rftl_s,5,0.2,1.345,1,0.04397957291645286
rftl_s,5,0.2,1.345,2,0.054175764089132494
rftl_s,5,0.2,1.345,3,0.08255140470830581
rftl_s,5,0.2,1.345,4,0.08691715646032168
rftl_s,5,0.2,1.345,5,0.09129522617506947
rftl_s,5,0.2,1.345,6,0.03374291995898607
rftl_s,5,0.2,1.345,7,0.05942271020821767
rftl_s,5,0.2,1.345,8,0.050942731403520944
rftl_s,5,0.2,1.345,9,0.07184297337944309
rftl_s,5,0.2,1.345,10,0.0650310560256432
rftl_s,5,0.2,1.345,11,0.05197179010398119
rftl_s,5,0.2,1.345,12,0.03296313175534313
rftl_s,5,0.2,1.345,13,0.06471479280608423
rftl_s,5,0.2,1.345,14,0.06597115555446903
rftl_s,5,0.2,1.345,15,0.07629407910035829
rftl_s,5,0.2,1.345,16,0.06393075504298021
rftl_s,5,0.2,1.345,17,0.0680610301064713
rftl_s,5,0.2,1.345,18,0.04027624824328427
rftl_s,5,0.2,1.345,19,0.04252898368965562
rftl_s,5,0.2,1.345,20,0.0799698798427966
rftl_s,5,0.2,1.345,21,0.05286935734285346
rftl_s,5,0.2,1.345,22,0.061709457270000094
rftl_s,5,0.2,1.345,23,0.04974753546613713
rftl_s,5,0.2,1.345,24,0.08881094685704678
rftl_s,5,0.2,1.345,25,0.08067083832615561
rftl_s,5,0.2,1.345,26,0.06913534369713843
rftl_s,5,0.2,1.345,27,0.050808359916883566
rftl_s,5,0.2,1.345,28,0.050357239857245634
rftl_s,5,0.2,1.345,29,0.0642671828002684
rftl_s,5,0.2,1.345,30,0.0809357293616368
rftl_s,5,0.2,1.345,31,0.04978143314028907
rftl_s,5,0.2,1.345,32,0.07649673695368027
rftl_s,5,0.2,1.345,33,0.04671570482488238
rftl_s,5,0.2,1.345,34,0.04017789265488957
rftl_s,5,0.2,1.345,35,0.07129398770588609
rftl_s,5,0.2,1.345,36,0.07811230828720903
rftl_s,5,0.2,1.345,37,0.07294330959008358
rftl_s,5,0.2,1.345,38,0.04489634122505547
rftl_s,5,0.2,1.345,39,0.056408481764164395
rftl_s,5,0.2,1.345,40,0.08725415108186672
rftl_s,5,0.2,1.345,41,0.07904688600766674
rftl_s,5,0.2,1.345,42,0.05591027760146763
rftl_s,5,0.2,1.345,43,0.04777289830000638
rftl_s,5,0.2,1.345,44,0.06422993082705684
rftl_s,5,0.2,1.345,45,0.06075868344904663
rftl_s,5,0.2,1.345,46,0.0830039417556976
rftl_s,5,0.2,1.345,47,0.07426945580619447
rftl_s,5,0.2,1.345,48,0.051558220456139746
rftl_s,5,0.2,1.345,49,0.05940637635026902
rftl_s_prec,5,0.2,2.0,0,0.6923076923076923
rftl_s_prec,5,0.2,2.0,1,0.72
rftl_s_prec,5,0.2,2.0,2,0.6
rftl_s_prec,5,0.2,2.0,3,1.0
rftl_s_prec,5,0.2,2.0,4,1.0
rftl_s_prec,5,0.2,2.0,5,0.9473684210526315
rftl_s_prec,5,0.2,2.0,6,0.9473684210526315
rftl_s_prec,5,0.2,2.0,7,1.0
rftl_s_prec,5,0.2,2.0,8,0.9
rftl_s_prec,5,0.2,2.0,9,0.5625
rftl_s_prec,5,0.2,2.0,10,1.0
rftl_s_prec,5,0.2,2.0,11,0.8571428571428571
rftl_s_prec,5,0.2,2.0,12,1.0
rftl_s_prec,5,0.2,2.0,13,1.0
rftl_s_prec,5,0.2,2.0,14,1.0
rftl_s_prec,5,0.2,2.0,15,0.9473684210526315
rftl_s_prec,5,0.2,2.0,16,1.0
rftl_s_prec,5,0.2,2.0,17,0.9473684210526315
rftl_s_prec,5,0.2,2.0,18,0.6923076923076923
rftl_s_prec,5,0.2,2.0,19,0.9473684210526315
rftl_s_prec,5,0.2,2.0,20,1.0
rftl_s_prec,5,0.2,2.0,21,0.72
rftl_s_prec,5,0.2,2.0,22,0.9473684210526315
rftl_s_prec,5,0.2,2.0,23,0.6206896551724138
rftl_s_prec,5,0.2,2.0,24,0.8571428571428571
rftl_s_prec,5,0.2,2.0,25,0.5454545454545454
rftl_s_prec,5,0.2,2.0,26,0.8571428571428571
rftl_s_prec,5,0.2,2.0,27,1.0
rftl_s_prec,5,0.2,2.0,28,0.8181818181818182
rftl_s_prec,5,0.2,2.0,29,1.0
rftl_s_prec,5,0.2,2.0,30,0.9
rftl_s_prec,5,0.2,2.0,31,1.0
rftl_s_prec,5,0.2,2.0,32,0.72
rftl_s_prec,5,0.2,2.0,33,0.9473684210526315
rftl_s_prec,5,0.2,2.0,34,0.9
rftl_s_prec,5,0.2,2.0,35,0.9
rftl_s_prec,5,0.2,2.0,36,1.0
rftl_s_prec,5,0.2,2.0,37,1.0
rftl_s_prec,5,0.2,2.0,38,0.8571428571428571
rftl_s_prec,5,0.2,2.0,39,1.0
rftl_s_prec,5,0.2,2.0,40,0.9473684210526315
rftl_s_prec,5,0.2,2.0,41,1.0
rftl_s_prec,5,0.2,2.0,42,0.75
rftl_s_prec,5,0.2,2.0,43,0.782608695652174
rftl_s_prec,5,0.2,2.0,44,0.9
rftl_s_prec,5,0.2,2.0,45,1.0
rftl_s_prec,5,0.2,2.0,46,1.0
rftl_s_prec,5,0.2,2.0,47,0.9
rftl_s_prec,5,0.2,2.0,48,1.0
rftl_s_prec,5,0.2,2.0,49,0.75
rftl_s_rec,5,0.2,2.0,0,1.0
rftl_s_rec,5,0.2,2.0,1,1.0
rftl_s_rec,5,0.2,2.0,2,1.0
rftl_s_rec,5,0.2,2.0,3,1.0
rftl_s_rec,5,0.2,2.0,4,1.0
rftl_s_rec,5,0.2,2.0,5,1.0
rftl_s_rec,5,0.2,2.0,6,1.0
rftl_s_rec,5,0.2,2.0,7,1.0
rftl_s_rec,5,0.2,2.0,8,1.0
rftl_s_rec,5,0.2,2.0,9,1.0
rftl_s_rec,5,0.2,2.0,10,1.0
rftl_s_rec,5,0.2,2.0,11,1.0
rftl_s_rec,5,0.2,2.0,12,1.0
rftl_s_rec,5,0.2,2.0,13,1.0
rftl_s_rec,5,0.2,2.0,14,1.0
rftl_s_rec,5,0.2,2.0,15,1.0
rftl_s_rec,5,0.2,2.0,16,1.0
rftl_s_rec,5,0.2,2.0,17,1.0
rftl_s_rec,5,0.2,2.0,18,1.0
rftl_s_rec,5,0.2,2.0,19,1.0
rftl_s_rec,5,0.2,2.0,20,1.0
rftl_s_rec,5,0.2,2.0,21,1.0
rftl_s_rec,5,0.2,2.0,22,1.0
rftl_s_rec,5,0.2,2.0,23,1.0
rftl_s_rec,5,0.2,2.0,24,1.0
rftl_s_rec,5,0.2,2.0,25,1.0
rftl_s_rec,5,0.2,2.0,26,1.0
rftl_s_rec,5,0.2,2.0,27,1.0
rftl_s_rec,5,0.2,2.0,28,1.0
rftl_s_rec,5,0.2,2.0,29,1.0
rftl_s_rec,5,0.2,2.0,30,1.0
rftl_s_rec,5,0.2,2.0,31,1.0
rftl_s_rec,5,0.2,2.0,32,1.0
rftl_s_rec,5,0.2,2.0,33,1.0
rftl_s_rec,5,0.2,2.0,34,1.0
rftl_s_rec,5,0.2,2.0,35,1.0
rftl_s_rec,5,0.2,2.0,36,1.0
rftl_s_rec,5,0.2,2.0,37,1.0
rftl_s_rec,5,0.2,2.0,38,1.0
rftl_s_rec,5,0.2,2.0,39,1.0
rftl_s_rec,5,0.2,2.0,40,1.0
rftl_s_rec,5,0.2,2.0,41,1.0
rftl_s_rec,5,0.2,2.0,42,1.0
rftl_s_rec,5,0.2,2.0,43,1.0
rftl_s_rec,5,0.2,2.0,44,1.0
rftl_s_rec,5,0.2,2.0,45,1.0
rftl_s_rec,5,0.2,2.0,46,1.0
rftl_s_rec,5,0.2,2.0,47,1.0
rftl_s_rec,5,0.2,2.0,48,1.0
rftl_s_rec,5,0.2,2.0,49,1.0
rftl_s,5,0.2,2.0,0,0.04642752043308055
rftl_s,5,0.2,2.0,1,0.06482307902300934
rftl_s,5,0.2,2.0,2,0.074173192064515
rftl_s,5,0.2,2.0,3,0.07299499892609432
rftl_s,5,0.2,2.0,4,0.07638071374420312
rftl_s,5,0.2,2.0,5,0.06888473149756094
rftl_s,5,0.2,2.0,6,0.08365060746830236
rftl_s,5,0.2,2.0,7,0.06306808674296684
rftl_s,5,0.2,2.0,8,0.06147423372151054
rftl_s,5,0.2,2.0,9,0.06414094102076554
rftl_s,5,0.2,2.0,10,0.07308738418563283
rftl_s,5,0.2,2.0,11,0.07312753710231049
rftl_s,5,0.2,2.0,12,0.058976715785129405
rftl_s,5,0.2,2.0,13,0.058779151982008546
rftl_s,5,0.2,2.0,14,0.06987269426731493
rftl_s,5,0.2,2.0,15,0.0798082658929213
rftl_s,5,0.2,2.0,16,0.05112963528820103
rftl_s,5,0.2,2.0,17,0.07597845994615002
rftl_s,5,0.2,2.0,18,0.09912545536761962
rftl_s,5,0.2,2.0,19,0.06670337388889237
rftl_s,5,0.2,2.0,20,0.09044577763877985
rftl_s,5,0.2,2.0,21,0.07752470806918546
rftl_s,5,0.2,2.0,22,0.05459858879195266
rftl_s,5,0.2,2.0,23,0.05223923450389975
rftl_s,5,0.2,2.0,24,0.04516352643063158
rftl_s,5,0.2,2.0,25,0.0677174110256861
rftl_s,5,0.2,2.0,26,0.0722046685437556
rftl_s,5,0.2,2.0,27,0.05420825043524283
rftl_s,5,0.2,2.0,28,0.05993148897306451
rftl_s,5,0.2,2.0,29,0.0640682412865509
rftl_s,5,0.2,2.0,30,0.07729484270353651
rftl_s,5,0.2,2.0,31,0.059340711732101904
rftl_s,5,0.2,2.0,32,0.0661568587956948
rftl_s,5,0.2,2.0,33,0.07162909170363396
rftl_s,5,0.2,2.0,34,0.06119451130716842
rftl_s,5,0.2,2.0,35,0.07412006981936804
rftl_s,5,0.2,2.0,36,0.05377920302292295
rftl_s,5,0.2,2.0,37,0.08256434589220626
rftl_s,5,0.2,2.0,38,0.054444552854241705
rftl_s,5,0.2,2.0,39,0.04474167951708433
rftl_s,5,0.2,2.0,40,0.10292310376934793
rftl_s,5,0.2,2.0,41,0.07775197519472729
rftl_s,5,0.2,2.0,42,0.05574903129872619
rftl_s,5,0.2,2.0,43,0.03427960307517308
rftl_s,5,0.2,2.0,44,0.06297855215657039
rftl_s,5,0.2,2.0,45,0.06934079884339665
rftl_s,5,0.2,2.0,46,0.08194708795764302
rftl_s,5,0.2,2.0,47,0.0739445264830139
rftl_s,5,0.2,2.0,48,0.06739417752769268
rftl_s,5,0.2,2.0,49,0.055454667298518556
rftl_s_prec,5,0.2,3.0,0,1.0
rftl_s_prec,5,0.2,3.0,1,1.0
rftl_s_prec,5,0.2,3.0,2,0.9473684210526315
rftl_s_prec,5,0.2,3.0,3,1.0
rftl_s_prec,5,0.2,3.0,4,1.0
rftl_s_prec,5,0.2,3.0,5,1.0
rftl_s_prec,5,0.2,3.0,6,1.0
rftl_s_prec,5,0.2,3.0,7,1.0
rftl_s_prec,5,0.2,3.0,8,1.0
rftl_s_prec,5,0.2,3.0,9,1.0
rftl_s_prec,5,0.2,3.0,10,1.0
rftl_s_prec,5,0.2,3.0,11,1.0
rftl_s_prec,5,0.2,3.0,12,1.0
rftl_s_prec,5,0.2,3.0,13,1.0
rftl_s_prec,5,0.2,3.0,14,1.0
rftl_s_prec,5,0.2,3.0,15,1.0
rftl_s_prec,5,0.2,3.0,16,1.0
rftl_s_prec,5,0.2,3.0,17,1.0
rftl_s_prec,5,0.2,3.0,18,1.0
rftl_s_prec,5,0.2,3.0,19,0.9473684210526315
rftl_s_prec,5,0.2,3.0,20,1.0
rftl_s_prec,5,0.2,3.0,21,1.0
rftl_s_prec,5,0.2,3.0,22,1.0
rftl_s_prec,5,0.2,3.0,23,1.0
rftl_s_prec,5,0.2,3.0,24,1.0
rftl_s_prec,5,0.2,3.0,25,1.0
rftl_s_prec,5,0.2,3.0,26,1.0
rftl_s_prec,5,0.2,3.0,27,1.0
rftl_s_prec,5,0.2,3.0,28,1.0
rftl_s_prec,5,0.2,3.0,29,1.0
rftl_s_prec,5,0.2,3.0,30,1.0
rftl_s_prec,5,0.2,3.0,31,1.0
rftl_s_prec,5,0.2,3.0,32,1.0
rftl_s_prec,5,0.2,3.0,33,0.9473684210526315
rftl_s_prec,5,0.2,3.0,34,1.0
rftl_s_prec,5,0.2,3.0,35,1.0
rftl_s_prec,5,0.2,3.0,36,1.0
rftl_s_prec,5,0.2,3.0,37,1.0
rftl_s_prec,5,0.2,3.0,38,1.0
rftl_s_prec,5,0.2,3.0,39,1.0
rftl_s_prec,5,0.2,3.0,40,1.0
rftl_s_prec,5,0.2,3.0,41,1.0
rftl_s_prec,5,0.2,3.0,42,1.0
rftl_s_prec,5,0.2,3.0,43,1.0
rftl_s_prec,5,0.2,3.0,44,1.0
rftl_s_prec,5,0.2,3.0,45,1.0
rftl_s_prec,5,0.2,3.0,46,1.0
rftl_s_prec,5,0.2,3.0,47,1.0
rftl_s_prec,5,0.2,3.0,48,1.0
rftl_s_prec,5,0.2,3.0,49,1.0
rftl_s_rec,5,0.2,3.0,0,1.0
rftl_s_rec,5,0.2,3.0,1,1.0
rftl_s_rec,5,0.2,3.0,2,1.0
rftl_s_rec,5,0.2,3.0,3,1.0
rftl_s_rec,5,0.2,3.0,4,1.0
rftl_s_rec,5,0.2,3.0,5,1.0
rftl_s_rec,5,0.2,3.0,6,1.0
rftl_s_rec,5,0.2,3.0,7,1.0
rftl_s_rec,5,0.2,3.0,8,1.0
rftl_s_rec,5,0.2,3.0,9,1.0
rftl_s_rec,5,0.2,3.0,10,1.0
rftl_s_rec,5,0.2,3.0,11,1.0
rftl_s_rec,5,0.2,3.0,12,1.0
rftl_s_rec,5,0.2,3.0,13,1.0
rftl_s_rec,5,0.2,3.0,14,1.0
rftl_s_rec,5,0.2,3.0,15,1.0
rftl_s_rec,5,0.2,3.0,16,1.0
rftl_s_rec,5,0.2,3.0,17,1.0
rftl_s_rec,5,0.2,3.0,18,1.0
rftl_s_rec,5,0.2,3.0,19,1.0
rftl_s_rec,5,0.2,3.0,20,1.0
rftl_s_rec,5,0.2,3.0,21,1.0
rftl_s_rec,5,0.2,3.0,22,1.0
rftl_s_rec,5,0.2,3.0,23,1.0
rftl_s_rec,5,0.2,3.0,24,1.0
rftl_s_rec,5,0.2,3.0,25,1.0
rftl_s_rec,5,0.2,3.0,26,1.0
rftl_s_rec,5,0.2,3.0,27,1.0
rftl_s_rec,5,0.2,3.0,28,1.0
rftl_s_rec,5,0.2,3.0,29,1.0
rftl_s_rec,5,0.2,3.0,30,1.0
rftl_s_rec,5,0.2,3.0,31,1.0
rftl_s_rec,5,0.2,3.0,32,1.0
rftl_s_rec,5,0.2,3.0,33,1.0
rftl_s_rec,5,0.2,3.0,34,1.0
rftl_s_rec,5,0.2,3.0,35,1.0
rftl_s_rec,5,0.2,3.0,36,1.0
rftl_s_rec,5,0.2,3.0,37,1.0
rftl_s_rec,5,0.2,3.0,38,1.0
rftl_s_rec,5,0.2,3.0,39,1.0
rftl_s_rec,5,0.2,3.0,40,1.0
rftl_s_rec,5,0.2,3.0,41,1.0
rftl_s_rec,5,0.2,3.0,42,1.0
rftl_s_rec,5,0.2,3.0,43,1.0
rftl_s_rec,5,0.2,3.0,44,1.0
rftl_s_rec,5,0.2,3.0,45,1.0
rftl_s_rec,5,0.2,3.0,46,1.0
rftl_s_rec,5,0.2,3.0,47,1.0
rftl_s_rec,5,0.2,3.0,48,1.0
rftl_s_rec,5,0.2,3.0,49,1.0
rftl_s,5,0.2,3.0,0,0.04210439236252392
rftl_s,5,0.2,3.0,1,0.06754416346540308
rftl_s,5,0.2,3.0,2,0.03650426773866973
rftl_s,5,0.2,3.0,3,0.05901784181010787
rftl_s,5,0.2,3.0,4,0.07811681408540196
rftl_s,5,0.2,3.0,5,0.05884918555239589
rftl_s,5,0.2,3.0,6,0.044160733088670426
rftl_s,5,0.2,3.0,7,0.0803760810681082
rftl_s,5,0.2,3.0,8,0.0441464571804239
rftl_s,5,0.2,3.0,9,0.08202977765199444
rftl_s,5,0.2,3.0,10,0.06052500823017875
rftl_s,5,0.2,3.0,11,0.06558353618157824
rftl_s,5,0.2,3.0,12,0.0817710336605891
rftl_s,5,0.2,3.0,13,0.05990654866998475
rftl_s,5,0.2,3.0,14,0.07398894304657708
rftl_s,5,0.2,3.0,15,0.06591832304946868
rftl_s,5,0.2,3.0,16,0.05238816340242851
rftl_s,5,0.2,3.0,17,0.0773479940844166
rftl_s,5,0.2,3.0,18,0.060981614777790114
rftl_s,5,0.2,3.0,19,0.0877101156302932
rftl_s,5,0.2,3.0,20,0.09257608067306115
rftl_s,5,0.2,3.0,21,0.04592336092260366
rftl_s,5,0.2,3.0,22,0.039469526605240966
rftl_s,5,0.2,3.0,23,0.06272561205299051
rftl_s,5,0.2,3.0,24,0.07774104629237333
rftl_s,5,0.2,3.0,25,0.059195378823164564
rftl_s,5,0.2,3.0,26,0.07621022045989845
rftl_s,5,0.2,3.0,27,0.06106649679840874
rftl_s,5,0.2,3.0,28,0.06322513038597159
rftl_s,5,0.2,3.0,29,0.06982727194948088
rftl_s,5,0.2,3.0,30,0.07976878902275449
rftl_s,5,0.2,3.0,31,0.07534970539633053
rftl_s,5,0.2,3.0,32,0.052779048021590697
rftl_s,5,0.2,3.0,33,0.06165858009932676
rftl_s,5,0.2,3.0,34,0.042588210131608725
rftl_s,5,0.2,3.0,35,0.03774247276555106
rftl_s,5,0.2,3.0,36,0.08442863706223262
rftl_s,5,0.2,3.0,37,0.037605692037432845
rftl_s,5,0.2,3.0,38,0.08057948898624422
rftl_s,5,0.2,3.0,39,0.04888598379125448
rftl_s,5,0.2,3.0,40,0.046473630811186925
rftl_s,5,0.2,3.0,41,0.07366785490709656
rftl_s,5,0.2,3.0,42,0.08074157785331255
rftl_s,5,0.2,3.0,43,0.03435516357677523
rftl_s,5,0.2,3.0,44,0.06689882023152192
rftl_s,5,0.2,3.0,45,0.060425621504928424
rftl_s,5,0.2,3.0,46,0.057066174767472194
rftl_s,5,0.2,3.0,47,0.052577163102457275
rftl_s,5,0.2,3.0,48,0.04941971957662982
rftl_s,5,0.2,3.0,49,0.062325577098465895
baseline,5,0.3,,0,0.06584821290999746
baseline,5,0.3,,1,0.04937568316424095
baseline,5,0.3,,2,0.05401439680194473
baseline,5,0.3,,3,0.0778312562522355
baseline,5,0.3,,4,0.0650771464156908
baseline,5,0.3,,5,0.07371597344519097
baseline,5,0.3,,6,0.045801244650315626
baseline,5,0.3,,7,0.04179503539501468
baseline,5,0.3,,8,0.06039037050823647
baseline,5,0.3,,9,0.05145049083559435
baseline,5,0.3,,10,0.07722227483051543
baseline,5,0.3,,11,0.06684402737358129
baseline,5,0.3,,12,0.07222941818950877
baseline,5,0.3,,13,0.10203748449459438
baseline,5,0.3,,14,0.09136153470826042
baseline,5,0.3,,15,0.047045709587644396
baseline,5,0.3,,16,0.05090290756303616
baseline,5,0.3,,17,0.08256398378140488
baseline,5,0.3,,18,0.06587808385413708
baseline,5,0.3,,19,0.055464749079178866
baseline,5,0.3,,20,0.052371485841320786
baseline,5,0.3,,21,0.050097429341509486
baseline,5,0.3,,22,0.05311352493004161
baseline,5,0.3,,23,0.06366449096169231
baseline,5,0.3,,24,0.0885100938399103
baseline,5,0.3,,25,0.0777949560290528
baseline,5,0.3,,26,0.08590577394019205
baseline,5,0.3,,27,0.07577399724010242
baseline,5,0.3,,28,0.10192249554158166
baseline,5,0.3,,29,0.06778379220237303
baseline,5,0.3,,30,0.051519137068418756
baseline,5,0.3,,31,0.046647176103091596
baseline,5,0.3,,32,0.07533006860186911
baseline,5,0.3,,33,0.05702809904347225
baseline,5,0.3,,34,0.08297789769799446
baseline,5,0.3,,35,0.06937608851174648
baseline,5,0.3,,36,0.057515608535879545
baseline,5,0.3,,37,0.06281125964304983
baseline,5,0.3,,38,0.07412170163541108
baseline,5,0.3,,39,0.0508230389138069
baseline,5,0.3,,40,0.06212102210973118
baseline,5,0.3,,41,0.09738294094151924
baseline,5,0.3,,42,0.06605351751026861
baseline,5,0.3,,43,0.09114182214436835
baseline,5,0.3,,44,0.04982624095749857
baseline,5,0.3,,45,0.08754019188104592
baseline,5,0.3,,46,0.07246480074060369
baseline,5,0.3,,47,0.07154030474557166
baseline,5,0.3,,48,0.04194733141850738
baseline,5,0.3,,49,0.04567056985491923
rftl_s_prec,5,0.3,1.0,0,0.6222222222222222
rftl_s_prec,5,0.3,1.0,1,0.6222222222222222
rftl_s_prec,5,0.3,1.0,2,0.6222222222222222
rftl_s_prec,5,0.3,1.0,3,0.6222222222222222
rftl_s_prec,5,0.3,1.0,4,0.6222222222222222
rftl_s_prec,5,0.3,1.0,5,0.6222222222222222
rftl_s_prec,5,0.3,1.0,6,0.6222222222222222
rftl_s_prec,5,0.3,1.0,7,0.6222222222222222
rftl_s_prec,5,0.3,1.0,8,0.6222222222222222
rftl_s_prec,5,0.3,1.0,9,0.6222222222222222
rftl_s_prec,5,0.3,1.0,10,0.6222222222222222
rftl_s_prec,5,0.3,1.0,11,0.6222222222222222
rftl_s_prec,5,0.3,1.0,12,0.6222222222222222
rftl_s_prec,5,0.3,1.0,13,0.6222222222222222
rftl_s_prec,5,0.3,1.0,14,0.6222222222222222
rftl_s_prec,5,0.3,1.0,15,0.6222222222222222
rftl_s_prec,5,0.3,1.0,16,0.6222222222222222
rftl_s_prec,5,0.3,1.0,17,0.6222222222222222
rftl_s_prec,5,0.3,1.0,18,0.6222222222222222
rftl_s_prec,5,0.3,1.0,19,0.6222222222222222
rftl_s_prec,5,0.3,1.0,20,0.6222222222222222
rftl_s_prec,5,0.3,1.0,21,0.6222222222222222
rftl_s_prec,5,0.3,1.0,22,0.6222222222222222
rftl_s_prec,5,0.3,1.0,23,0.6222222222222222
rftl_s_prec,5,0.3,1.0,24,0.6222222222222222
rftl_s_prec,5,0.3,1.0,25,0.6222222222222222
rftl_s_prec,5,0.3,1.0,26,0.6222222222222222
rftl_s_prec,5,0.3,1.0,27,0.6222222222222222
rftl_s_prec,5,0.3,1.0,28,0.6222222222222222
rftl_s_prec,5,0.3,1.0,29,0.6222222222222222
rftl_s_prec,5,0.3,1.0,30,0.6222222222222222
rftl_s_prec,5,0.3,1.0,31,0.6222222222222222
rftl_s_prec,5,0.3,1.0,32,0.6222222222222222
rftl_s_prec,5,0.3,1.0,33,0.6222222222222222
rftl_s_prec,5,0.3,1.0,34,0.6222222222222222
rftl_s_prec,5,0.3,1.0,35,0.6222222222222222
rftl_s_prec,5,0.3,1.0,36,0.6222222222222222
rftl_s_prec,5,0.3,1.0,37,0.6222222222222222
rftl_s_prec,5,0.3,1.0,38,0.6222222222222222
rftl_s_prec,5,0.3,1.0,39,0.6222222222222222
rftl_s_prec,5,0.3,1.0,40,0.6222222222222222
rftl_s_prec,5,0.3,1.0,41,0.6222222222222222
rftl_s_prec,5,0.3,1.0,42,0.6222222222222222
rftl_s_prec,5,0.3,1.0,43,0.6222222222222222
rftl_s_prec,5,0.3,1.0,44,0.6222222222222222
rftl_s_prec,5,0.3,1.0,45,0.6222222222222222
rftl_s_prec,5,0.3,1.0,46,0.6222222222222222
rftl_s_prec,5,0.3,1.0,47,0.6222222222222222
rftl_s_prec,5,0.3,1.0,48,0.6222222222222222
rftl_s_prec,5,0.3,1.0,49,0.6222222222222222
rftl_s_rec,5,0.3,1.0,0,1.0
rftl_s_rec,5,0.3,1.0,1,1.0
rftl_s_rec,5,0.3,1.0,2,1.0
rftl_s_rec,5,0.3,1.0,3,1.0
rftl_s_rec,5,0.3,1.0,4,1.0
rftl_s_rec,5,0.3,1.0,5,1.0
rftl_s_rec,5,0.3,1.0,6,1.0
rftl_s_rec,5,0.3,1.0,7,1.0
rftl_s_rec,5,0.3,1.0,8,1.0
rftl_s_rec,5,0.3,1.0,9,1.0
rftl_s_rec,5,0.3,1.0,10,1.0
rftl_s_rec,5,0.3,1.0,11,1.0
rftl_s_rec,5,0.3,1.0,12,1.0
rftl_s_rec,5,0.3,1.0,13,1.0
rftl_s_rec,5,0.3,1.0,14,1.0
rftl_s_rec,5,0.3,1.0,15,1.0
rftl_s_rec,5,0.3,1.0,16,1.0
rftl_s_rec,5,0.3,1.0,17,1.0
rftl_s_rec,5,0.3,1.0,18,1.0
rftl_s_rec,5,0.3,1.0,19,1.0
rftl_s_rec,5,0.3,1.0,20,1.0
rftl_s_rec,5,0.3,1.0,21,1.0
rftl_s_rec,5,0.3,1.0,22,1.0
rftl_s_rec,5,0.3,1.0,23,1.0
rftl_s_rec,5,0.3,1.0,24,1.0
rftl_s_rec,5,0.3,1.0,25,1.0
rftl_s_rec,5,0.3,1.0,26,1.0
rftl_s_rec,5,0.3,1.0,27,1.0
rftl_s_rec,5,0.3,1.0,28,1.0
rftl_s_rec,5,0.3,1.0,29,1.0
rftl_s_rec,5,0.3,1.0,30,1.0
rftl_s_rec,5,0.3,1.0,31,1.0
rftl_s_rec,5,0.3,1.0,32,1.0
rftl_s_rec,5,0.3,1.0,33,1.0
rftl_s_rec,5,0.3,1.0,34,1.0
rftl_s_rec,5,0.3,1.0,35,1.0
rftl_s_rec,5,0.3,1.0,36,1.0
rftl_s_rec,5,0.3,1.0,37,1.0
rftl_s_rec,5,0.3,1.0,38,1.0
rftl_s_rec,5,0.3,1.0,39,1.0
rftl_s_rec,5,0.3,1.0,40,1.0
rftl_s_rec,5,0.3,1.0,41,1.0
rftl_s_rec,5,0.3,1.0,42,1.0
rftl_s_rec,5,0.3,1.0,43,1.0
rftl_s_rec,5,0.3,1.0,44,1.0
rftl_s_rec,5,0.3,1.0,45,1.0
rftl_s_rec,5,0.3,1.0,46,1.0
rftl_s_rec,5,0.3,1.0,47,1.0
rftl_s_rec,5,0.3,1.0,48,1.0
rftl_s_rec,5,0.3,1.0,49,1.0
rftl_s,5,0.3,1.0,0,0.05457012157323778
rftl_s,5,0.3,1.0,1,0.09607230930428408
rftl_s,5,0.3,1.0,2,0.049465033602775384
rftl_s,5,0.3,1.0,3,0.050339428601232306
rftl_s,5,0.3,1.0,4,0.07240841836752969
rftl_s,5,0.3,1.0,5,0.06728139194260385
rftl_s,5,0.3,1.0,6,0.06577367209668974
rftl_s,5,0.3,1.0,7,0.05101169857644491
rftl_s,5,0.3,1.0,8,0.07750938737776772
rftl_s,5,0.3,1.0,9,0.07423819960464347
rftl_s,5,0.3,1.0,10,0.05631831394178765
rftl_s,5,0.3,1.0,11,0.07994164411138706
rftl_s,5,0.3,1.0,12,0.04026908930289364
rftl_s,5,0.3,1.0,13,0.06116025851920865
rftl_s,5,0.3,1.0,14,0.042618416255901
rftl_s,5,0.3,1.0,15,0.05490372203193143
rftl_s,5,0.3,1.0,16,0.05483150446682149
rftl_s,5,0.3,1.0,17,0.0718447162159667
rftl_s,5,0.3,1.0,18,0.10134588782826838
rftl_s,5,0.3,1.0,19,0.10288231147895328
rftl_s,5,0.3,1.0,20,0.061579522095893235
rftl_s,5,0.3,1.0,21,0.07795214854480449
rftl_s,5,0.3,1.0,22,0.04768321000160811
rftl_s,5,0.3,1.0,23,0.06635149073562005
rftl_s,5,0.3,1.0,24,0.059481524471551674
rftl_s,5,0.3,1.0,25,0.06556133794341193
rftl_s,5,0.3,1.0,26,0.034922035608298124
rftl_s,5,0.3,1.0,27,0.043191814001667564
rftl_s,5,0.3,1.0,28,0.04648814350542449
rftl_s,5,0.3,1.0,29,0.06954718827026946
rftl_s,5,0.3,1.0,30,0.0842009002443053
rftl_s,5,0.3,1.0,31,0.05198015023971463
rftl_s,5,0.3,1.0,32,0.05087622572828197
rftl_s,5,0.3,1.0,33,0.09227503198590767
rftl_s,5,0.3,1.0,34,0.07461104909436037
rftl_s,5,0.3,1.0,35,0.09405661748690557
rftl_s,5,0.3,1.0,36,0.056139532133963166
rftl_s,5,0.3,1.0,37,0.07249773703509002
rftl_s,5,0.3,1.0,38,0.03864081277620313
rftl_s,5,0.3,1.0,39,0.07888875339078101
rftl_s,5,0.3,1.0,40,0.07352902450911449
rftl_s,5,0.3,1.0,41,0.07508032921019409
rftl_s,5,0.3,1.0,42,0.07732807172635534
rftl_s,5,0.3,1.0,43,0.06398960196315145
rftl_s,5,0.3,1.0,44,0.04471145065532812
rftl_s,5,0.3,1.0,45,0.08272276732511603
rftl_s,5,0.3,1.0,46,0.07958088866278343
rftl_s,5,0.3,1.0,47,0.07865278807735719
rftl_s,5,0.3,1.0,48,0.06237451903356959
rftl_s,5,0.3,1.0,49,0.06804086044352321
rftl_s_prec,5,0.3,1.345,0,0.8
rftl_s_prec,5,0.3,1.345,1,0.7
rftl_s_prec,5,0.3,1.345,2,0.875
rftl_s_prec,5,0.3,1.345,3,0.7567567567567568
rftl_s_prec,5,0.3,1.345,4,0.7777777777777778
rftl_s_prec,5,0.3,1.345,5,0.875
rftl_s_prec,5,0.3,1.345,6,0.7368421052631579
rftl_s_prec,5,0.3,1.345,7,0.875
rftl_s_prec,5,0.3,1.345,8,0.7368421052631579
rftl_s_prec,5,0.3,1.345,9,0.7567567567567568
rftl_s_prec,5,0.3,1.345,10,0.7777777777777778
rftl_s_prec,5,0.3,1.345,11,0.7368421052631579
rftl_s_prec,5,0.3,1.345,12,0.8235294117647058
rftl_s_prec,5,0.3,1.345,13,0.7777777777777778
rftl_s_prec,5,0.3,1.345,14,0.8
rftl_s_prec,5,0.3,1.345,15,0.9032258064516129
rftl_s_prec,5,0.3,1.345,16,0.6829268292682927
rftl_s_prec,5,0.3,1.345,17,0.8235294117647058
rftl_s_prec,5,0.3,1.345,18,0.7777777777777778
rftl_s_prec,5,0.3,1.345,19,0.8
rftl_s_prec,5,0.3,1.345,20,0.7368421052631579
rftl_s_prec,5,0.3,1.345,21,0.717948717948718
rftl_s_prec,5,0.3,1.345,22,0.7567567567567568
rftl_s_prec,5,0.3,1.345,23,0.7
rftl_s_prec,5,0.3,1.345,24,0.7777777777777778
rftl_s_prec,5,0.3,1.345,25,0.7
rftl_s_prec,5,0.3,1.345,26,0.8484848484848485
rftl_s_prec,5,0.3,1.345,27,0.7567567567567568
rftl_s_prec,5,0.3,1.345,28,0.8
rftl_s_prec,5,0.3,1.345,29,0.8
rftl_s_prec,5,0.3,1.345,30,0.6666666666666666
rftl_s_prec,5,0.3,1.345,31,0.8
rftl_s_prec,5,0.3,1.345,32,0.7567567567567568
rftl_s_prec,5,0.3,1.345,33,0.7567567567567568
rftl_s_prec,5,0.3,1.345,34,0.8
rftl_s_prec,5,0.3,1.345,35,0.7
rftl_s_prec,5,0.3,1.345,36,0.8
rftl_s_prec,5,0.3,1.345,37,0.7368421052631579
rftl_s_prec,5,0.3,1.345,38,0.875
rftl_s_prec,5,0.3,1.345,39,0.8235294117647058
rftl_s_prec,5,0.3,1.345,40,0.8
rftl_s_prec,5,0.3,1.345,41,0.7777777777777778
rftl_s_prec,5,0.3,1.345,42,0.8
rftl_s_prec,5,0.3,1.345,43,0.9333333333333333
rftl_s_prec,5,0.3,1.345,44,0.717948717948718
rftl_s_prec,5,0.3,1.345,45,0.8235294117647058
rftl_s_prec,5,0.3,1.345,46,0.875
rftl_s_prec,5,0.3,1.345,47,0.717948717948718
rftl_s_prec,5,0.3,1.345,48,0.875
rftl_s_prec,5,0.3,1.345,49,0.8235294117647058
rftl_s_rec,5,0.3,1.345,0,1.0
rftl_s_rec,5,0.3,1.345,1,1.0
rftl_s_rec,5,0.3,1.345,2,1.0
rftl_s_rec,5,0.3,1.345,3,1.0
rftl_s_rec,5,0.3,1.345,4,1.0
rftl_s_rec,5,0.3,1.345,5,1.0
rftl_s_rec,5,0.3,1.345,6,1.0
rftl_s_rec,5,0.3,1.345,7,1.0
rftl_s_rec,5,0.3,1.345,8,1.0
rftl_s_rec,5,0.3,1.345,9,1.0
rftl_s_rec,5,0.3,1.345,10,1.0
rftl_s_rec,5,0.3,1.345,11,1.0
rftl_s_rec,5,0.3,1.345,12,1.0
rftl_s_rec,5,0.3,1.345,13,1.0
rftl_s_rec,5,0.3,1.345,14,1.0
rftl_s_rec,5,0.3,1.345,15,1.0
rftl_s_rec,5,0.3,1.345,16,1.0
rftl_s_rec,5,0.3,1.345,17,1.0
rftl_s_rec,5,0.3,1.345,18,1.0
rftl_s_rec,5,0.3,1.345,19,1.0
rftl_s_rec,5,0.3,1.345,20,1.0
rftl_s_rec,5,0.3,1.345,21,1.0
rftl_s_rec,5,0.3,1.345,22,1.0
rftl_s_rec,5,0.3,1.345,23,1.0
rftl_s_rec,5,0.3,1.345,24,1.0
rftl_s_rec,5,0.3,1.345,25,1.0
rftl_s_rec,5,0.3,1.345,26,1.0
rftl_s_rec,5,0.3,1.345,27,1.0
rftl_s_rec,5,0.3,1.345,28,1.0
rftl_s_rec,5,0.3,1.345,29,1.0
rftl_s_rec,5,0.3,1.345,30,1.0
rftl_s_rec,5,0.3,1.345,31,1.0
rftl_s_rec,5,0.3,1.345,32,1.0
rftl_s_rec,5,0.3,1.345,33,1.0
rftl_s_rec,5,0.3,1.345,34,1.0
rftl_s_rec,5,0.3,1.345,35,1.0
rftl_s_rec,5,0.3,1.345,36,1.0
rftl_s_rec,5,0.3,1.345,37,1.0
rftl_s_rec,5,0.3,1.345,38,1.0
rftl_s_rec,5,0.3,1.345,39,1.0
rftl_s_rec,5,0.3,1.345,40,1.0
rftl_s_rec,5,0.3,1.345,41,1.0
rftl_s_rec,5,0.3,1.345,42,1.0
rftl_s_rec,5,0.3,1.345,43,1.0
rftl_s_rec,5,0.3,1.345,44,1.0
rftl_s_rec,5,0.3,1.345,45,1.0
rftl_s_rec,5,0.3,1.345,46,1.0
rftl_s_rec,5,0.3,1.345,47,1.0
rftl_s_rec,5,0.3,1.345,48,1.0
rftl_s_rec,5,0.3,1.345,49,1.0
rftl_s,5,0.3,1.345,0,0.06528531322390899
rftl_s,5,0.3,1.345,1,0.0557644632260501
rftl_s,5,0.3,1.345,2,0.07245666582485467
rftl_s,5,0.3,1.345,3,0.07962541159379095
rftl_s,5,0.3,1.345,4,0.07855267811839944
rftl_s,5,0.3,1.345,5,0.07768061589874628
rftl_s,5,0.3,1.345,6,0.07008571493579525
rftl_s,5,0.3,1.345,7,0.036556611732937436
rftl_s,5,0.3,1.345,8,0.06504152632430978
rftl_s,5,0.3,1.345,9,0.06400845858864922
rftl_s,5,0.3,1.345,10,0.07897760653731539
rftl_s,5,0.3,1.345,11,0.037600196088689426
rftl_s,5,0.3,1.345,12,0.07551371653747697
rftl_s,5,0.3,1.345,13,0.06755946793061202
rftl_s,5,0.3,1.345,14,0.07224100419966187
rftl_s,5,0.3,1.345,15,0.06406154696783042
rftl_s,5,0.3,1.345,16,0.056466990517438816
rftl_s,5,0.3,1.345,17,0.06843705354285697
rftl_s,5,0.3,1.345,18,0.1108620622685191
rftl_s,5,0.3,1.345,19,0.036736574540913246
rftl_s,5,0.3,1.345,20,0.09011214257334058
rftl_s,5,0.3,1.345,21,0.07053823576401407
rftl_s,5,0.3,1.345,22,0.06552847597880325
rftl_s,5,0.3,1.345,23,0.08067360825268814
rftl_s,5,0.3,1.345,24,0.0568066509913128
rftl_s,5,0.3,1.345,25,0.07638613725328341
rftl_s,5,0.3,1.345,26,0.07196664732235361
rftl_s,5,0.3,1.345,27,0.053110508809217354
rftl_s,5,0.3,1.345,28,0.049219668674638464
rftl_s,5,0.3,1.345,29,0.06796169927392266
rftl_s,5,0.3,1.345,30,0.06288998172377679
rftl_s,5,0.3,1.345,31,0.06351070217240865
rftl_s,5,0.3,1.345,32,0.09415067029726716
rftl_s,5,0.3,1.345,33,0.05140430569262396
rftl_s,5,0.3,1.345,34,0.04569156312355114
rftl_s,5,0.3,1.345,35,0.0915793173274402
rftl_s,5,0.3,1.345,36,0.07127535105180806
rftl_s,5,0.3,1.345,37,0.0599699876087748
rftl_s,5,0.3,1.345,38,0.04533653793114575
rftl_s,5,0.3,1.345,39,0.08055673784609517
rftl_s,5,0.3,1.345,40,0.09883086845952872
rftl_s,5,0.3,1.345,41,0.07536146038691448
rftl_s,5,0.3,1.345,42,0.08254340607121018
rftl_s,5,0.3,1.345,43,0.09625228268620892
rftl_s,5,0.3,1.345,44,0.067108492306728
rftl_s,5,0.3,1.345,45,0.06982700659023929
rftl_s,5,0.3,1.345,46,0.08464164024076662
rftl_s,5,0.3,1.345,47,0.0710884140737195
rftl_s,5,0.3,1.345,48,0.06191169598526936
rftl_s,5,0.3,1.345,49,0.05925063794833082
rftl_s_prec,5,0.3,2.0,0,1.0
rftl_s_prec,5,0.3,2.0,1,1.0
rftl_s_prec,5,0.3,2.0,2,1.0
rftl_s_prec,5,0.3,2.0,3,1.0
rftl_s_prec,5,0.3,2.0,4,1.0
rftl_s_prec,5,0.3,2.0,5,1.0
rftl_s_prec,5,0.3,2.0,6,1.0
rftl_s_prec,5,0.3,2.0,7,1.0
rftl_s_prec,5,0.3,2.0,8,1.0
rftl_s_prec,5,0.3,2.0,9,1.0
rftl_s_prec,5,0.3,2.0,10,1.0
rftl_s_prec,5,0.3,2.0,11,1.0
rftl_s_prec,5,0.3,2.0,12,1.0
rftl_s_prec,5,0.3,2.0,13,1.0
rftl_s_prec,5,0.3,2.0,14,1.0
rftl_s_prec,5,0.3,2.0,15,1.0
rftl_s_prec,5,0.3,2.0,16,0.9655172413793104
rftl_s_prec,5,0.3,2.0,17,1.0
rftl_s_prec,5,0.3,2.0,18,1.0
rftl_s_prec,5,0.3,2.0,19,1.0
rftl_s_prec,5,0.3,2.0,20,1.0
rftl_s_prec,5,0.3,2.0,21,1.0
rftl_s_prec,5,0.3,2.0,22,0.9655172413793104
rftl_s_prec,5,0.3,2.0,23,1.0
rftl_s_prec,5,0.3,2.0,24,1.0
rftl_s_prec,5,0.3,2.0,25,1.0
rftl_s_prec,5,0.3,2.0,26,1.0
rftl_s_prec,5,0.3,2.0,27,1.0
rftl_s_prec,5,0.3,2.0,28,1.0
rftl_s_prec,5,0.3,2.0,29,1.0
rftl_s_prec,5,0.3,2.0,30,1.0
rftl_s_prec,5,0.3,2.0,31,1.0
rftl_s_prec,5,0.3,2.0,32,1.0
rftl_s_prec,5,0.3,2.0,33,0.9655172413793104
rftl_s_prec,5,0.3,2.0,34,1.0
rftl_s_prec,5,0.3,2.0,35,1.0
rftl_s_prec,5,0.3,2.0,36,1.0
rftl_s_prec,5,0.3,2.0,37,1.0
rftl_s_prec,5,0.3,2.0,38,1.0
rftl_s_prec,5,0.3,2.0,39,1.0
rftl_s_prec,5,0.3,2.0,40,1.0
rftl_s_prec,5,0.3,2.0,41,1.0
rftl_s_prec,5,0.3,2.0,42,1.0
rftl_s_prec,5,0.3,2.0,43,1.0
rftl_s_prec,5,0.3,2.0,44,1.0
rftl_s_prec,5,0.3,2.0,45,1.0
rftl_s_prec,5,0.3,2.0,46,1.0
rftl_s_prec,5,0.3,2.0,47,1.0
rftl_s_prec,5,0.3,2.0,48,1.0
rftl_s_prec,5,0.3,2.0,49,1.0
rftl_s_rec,5,0.3,2.0,0,1.0
rftl_s_rec,5,0.3,2.0,1,1.0
rftl_s_rec,5,0.3,2.0,2,1.0
rftl_s_rec,5,0.3,2.0,3,1.0
rftl_s_rec,5,0.3,2.0,4,1.0
rftl_s_rec,5,0.3,2.0,5,1.0
rftl_s_rec,5,0.3,2.0,6,1.0
rftl_s_rec,5,0.3,2.0,7,1.0
rftl_s_rec,5,0.3,2.0,8,1.0
rftl_s_rec,5,0.3,2.0,9,1.0
rftl_s_rec,5,0.3,2.0,10,1.0
rftl_s_rec,5,0.3,2.0,11,1.0
rftl_s_rec,5,0.3,2.0,12,1.0
rftl_s_rec,5,0.3,2.0,13,1.0
rftl_s_rec,5,0.3,2.0,14,1.0
rftl_s_rec,5,0.3,2.0,15,1.0
rftl_s_rec,5,0.3,2.0,16,1.0
rftl_s_rec,5,0.3,2.0,17,1.0
rftl_s_rec,5,0.3,2.0,18,1.0
rftl_s_rec,5,0.3,2.0,19,1.0
rftl_s_rec,5,0.3,2.0,20,1.0
rftl_s_rec,5,0.3,2.0,21,1.0
rftl_s_rec,5,0.3,2.0,22,1.0
rftl_s_rec,5,0.3,2.0,23,1.0
rftl_s_rec,5,0.3,2.0,24,1.0
rftl_s_rec,5,0.3,2.0,25,1.0
rftl_s_rec,5,0.3,2.0,26,1.0
rftl_s_rec,5,0.3,2.0,27,1.0
rftl_s_rec,5,0.3,2.0,28,1.0
rftl_s_rec,5,0.3,2.0,29,1.0
rftl_s_rec,5,0.3,2.0,30,1.0
rftl_s_rec,5,0.3,2.0,31,1.0
rftl_s_rec,5,0.3,2.0,32,1.0
rftl_s_rec,5,0.3,2.0,33,1.0
rftl_s_rec,5,0.3,2.0,34,1.0
rftl_s_rec,5,0.3,2.0,35,1.0
rftl_s_rec,5,0.3,2.0,36,1.0
rftl_s_rec,5,0.3,2.0,37,1.0
rftl_s_rec,5,0.3,2.0,38,1.0
rftl_s_rec,5,0.3,2.0,39,1.0
rftl_s_rec,5,0.3,2.0,40,1.0
rftl_s_rec,5,0.3,2.0,41,1.0
rftl_s_rec,5,0.3,2.0,42,1.0
rftl_s_rec,5,0.3,2.0,43,1.0
rftl_s_rec,5,0.3,2.0,44,1.0
rftl_s_rec,5,0.3,2.0,45,1.0
rftl_s_rec,5,0.3,2.0,46,1.0
rftl_s_rec,5,0.3,2.0,47,1.0
rftl_s_rec,5,0.3,2.0,48,1.0
rftl_s_rec,5,0.3,2.0,49,1.0
rftl_s,5,0.3,2.0,0,0.07131426113776076
rftl_s,5,0.3,2.0,1,0.08068806746115274
rftl_s,5,0.3,2.0,2,0.046767277599309987
rftl_s,5,0.3,2.0,3,0.06779551403697395
rftl_s,5,0.3,2.0,4,0.07142672760410593
rftl_s,5,0.3,2.0,5,0.03580576237555728
rftl_s,5,0.3,2.0,6,0.0664874595360964
rftl_s,5,0.3,2.0,7,0.06828015914564708
rftl_s,5,0.3,2.0,8,0.07713872316839117
rftl_s,5,0.3,2.0,9,0.08127891802492487
rftl_s,5,0.3,2.0,10,0.08827174549275883
rftl_s,5,0.3,2.0,11,0.048332321877259846
rftl_s,5,0.3,2.0,12,0.051988244348107435
rftl_s,5,0.3,2.0,13,0.07973899784822874
rftl_s,5,0.3,2.0,14,0.058598628907958514
rftl_s,5,0.3,2.0,15,0.07429701610151683
rftl_s,5,0.3,2.0,16,0.07275310010347587
rftl_s,5,0.3,2.0,17,0.06065630894584489
rftl_s,5,0.3,2.0,18,0.07508427368766686
rftl_s,5,0.3,2.0,19,0.07799673878754633
rftl_s,5,0.3,2.0,20,0.09185980433129472
rftl_s,5,0.3,2.0,21,0.08251772901505557
rftl_s,5,0.3,2.0,22,0.046976315114896895
rftl_s,5,0.3,2.0,23,0.06592332607775468
rftl_s,5,0.3,2.0,24,0.08767555849875877
rftl_s,5,0.3,2.0,25,0.07155865031175987
rftl_s,5,0.3,2.0,26,0.07284395859971232
rftl_s,5,0.3,2.0,27,0.07674589990175437
rftl_s,5,0.3,2.0,28,0.060864577005455237
rftl_s,5,0.3,2.0,29,0.09010093490707875
rftl_s,5,0.3,2.0,30,0.06889100655324731
rftl_s,5,0.3,2.0,31,0.05499006009727504
rftl_s,5,0.3,2.0,32,0.07618571144242466
rftl_s,5,0.3,2.0,33,0.0476661739876155
rftl_s,5,0.3,2.0,34,0.06872081123865811
rftl_s,5,0.3,2.0,35,0.0839773011794797
rftl_s,5,0.3,2.0,36,0.07341199317695553
rftl_s,5,0.3,2.0,37,0.044277259941441605
rftl_s,5,0.3,2.0,38,0.07439710047006559
rftl_s,5,0.3,2.0,39,0.05352604565940826
rftl_s,5,0.3,2.0,40,0.10291689910159828
rftl_s,5,0.3,2.0,41,0.047345326947147444
rftl_s,5,0.3,2.0,42,0.07010675243400319
rftl_s,5,0.3,2.0,43,0.072766272258682
rftl_s,5,0.3,2.0,44,0.055886554600954146
rftl_s,5,0.3,2.0,45,0.06819073560676595
rftl_s,5,0.3,2.0,46,0.08547582735554705
rftl_s,5,0.3,2.0,47,0.04863620060670838
rftl_s,5,0.3,2.0,48,0.07543089576055734
rftl_s,5,0.3,2.0,49,0.04790234428824478
rftl_s_prec,5,0.3,3.0,0,1.0
rftl_s_prec,5,0.3,3.0,1,1.0
rftl_s_prec,5,0.3,3.0,2,1.0
rftl_s_prec,5,0.3,3.0,3,1.0
rftl_s_prec,5,0.3,3.0,4,1.0
rftl_s_prec,5,0.3,3.0,5,1.0
rftl_s_prec,5,0.3,3.0,6,1.0
rftl_s_prec,5,0.3,3.0,7,1.0
rftl_s_prec,5,0.3,3.0,8,1.0
rftl_s_prec,5,0.3,3.0,9,1.0
rftl_s_prec,5,0.3,3.0,10,1.0
rftl_s_prec,5,0.3,3.0,11,1.0
rftl_s_prec,5,0.3,3.0,12,1.0
rftl_s_prec,5,0.3,3.0,13,1.0
rftl_s_prec,5,0.3,3.0,14,1.0
rftl_s_prec,5,0.3,3.0,15,1.0
rftl_s_prec,5,0.3,3.0,16,1.0
rftl_s_prec,5,0.3,3.0,17,1.0
rftl_s_prec,5,0.3,3.0,18,1.0
rftl_s_prec,5,0.3,3.0,19,1.0
rftl_s_prec,5,0.3,3.0,20,1.0
rftl_s_prec,5,0.3,3.0,21,1.0
rftl_s_prec,5,0.3,3.0,22,1.0
rftl_s_prec,5,0.3,3.0,23,1.0
rftl_s_prec,5,0.3,3.0,24,1.0
rftl_s_prec,5,0.3,3.0,25,1.0
rftl_s_prec,5,0.3,3.0,26,1.0
rftl_s_prec,5,0.3,3.0,27,1.0
rftl_s_prec,5,0.3,3.0,28,1.0
rftl_s_prec,5,0.3,3.0,29,1.0
rftl_s_prec,5,0.3,3.0,30,1.0
rftl_s_prec,5,0.3,3.0,31,1.0
rftl_s_prec,5,0.3,3.0,32,1.0
rftl_s_prec,5,0.3,3.0,33,1.0
rftl_s_prec,5,0.3,3.0,34,1.0
rftl_s_prec,5,0.3,3.0,35,1.0
rftl_s_prec,5,0.3,3.0,36,1.0
rftl_s_prec,5,0.3,3.0,37,1.0
rftl_s_prec,5,0.3,3.0,38,1.0
rftl_s_prec,5,0.3,3.0,39,1.0
rftl_s_prec,5,0.3,3.0,40,1.0
rftl_s_prec,5,0.3,3.0,41,1.0
rftl_s_prec,5,0.3,3.0,42,1.0
rftl_s_prec,5,0.3,3.0,43,1.0
rftl_s_prec,5,0.3,3.0,44,1.0
rftl_s_prec,5,0.3,3.0,45,1.0
rftl_s_prec,5,0.3,3.0,46,1.0
rftl_s_prec,5,0.3,3.0,47,1.0
rftl_s_prec,5,0.3,3.0,48,1.0
rftl_s_prec,5,0.3,3.0,49,1.0
rftl_s_rec,5,0.3,3.0,0,1.0
rftl_s_rec,5,0.3,3.0,1,1.0
rftl_s_rec,5,0.3,3.0,2,1.0
rftl_s_rec,5,0.3,3.0,3,1.0
rftl_s_rec,5,0.3,3.0,4,1.0
rftl_s_rec,5,0.3,3.0,5,1.0
rftl_s_rec,5,0.3,3.0,6,1.0
rftl_s_rec,5,0.3,3.0,7,1.0
rftl_s_rec,5,0.3,3.0,8,1.0
rftl_s_rec,5,0.3,3.0,9,1.0
rftl_s_rec,5,0.3,3.0,10,1.0
rftl_s_rec,5,0.3,3.0,11,1.0
rftl_s_rec,5,0.3,3.0,12,1.0
rftl_s_rec,5,0.3,3.0,13,1.0
rftl_s_rec,5,0.3,3.0,14,1.0
rftl_s_rec,5,0.3,3.0,15,1.0
rftl_s_rec,5,0.3,3.0,16,1.0
rftl_s_rec,5,0.3,3.0,17,1.0
rftl_s_rec,5,0.3,3.0,18,1.0
rftl_s_rec,5,0.3,3.0,19,1.0
rftl_s_rec,5,0.3,3.0,20,1.0
rftl_s_rec,5,0.3,3.0,21,1.0
rftl_s_rec,5,0.3,3.0,22,1.0
rftl_s_rec,5,0.3,3.0,23,1.0
rftl_s_rec,5,0.3,3.0,24,1.0
rftl_s_rec,5,0.3,3.0,25,1.0
rftl_s_rec,5,0.3,3.0,26,1.0
rftl_s_rec,5,0.3,3.0,27,1.0
rftl_s_rec,5,0.3,3.0,28,1.0
rftl_s_rec,5,0.3,3.0,29,1.0
rftl_s_rec,5,0.3,3.0,30,1.0
rftl_s_rec,5,0.3,3.0,31,1.0
rftl_s_rec,5,0.3,3.0,32,1.0
rftl_s_rec,5,0.3,3.0,33,1.0
rftl_s_rec,5,0.3,3.0,34,1.0
rftl_s_rec,5,0.3,3.0,35,1.0
rftl_s_rec,5,0.3,3.0,36,1.0
rftl_s_rec,5,0.3,3.0,37,1.0
rftl_s_rec,5,0.3,3.0,38,1.0
rftl_s_rec,5,0.3,3.0,39,1.0
rftl_s_rec,5,0.3,3.0,40,1.0
rftl_s_rec,5,0.3,3.0,41,1.0
rftl_s_rec,5,0.3,3.0,42,1.0
rftl_s_rec,5,0.3,3.0,43,1.0
rftl_s_rec,5,0.3,3.0,44,1.0
rftl_s_rec,5,0.3,3.0,45,1.0
rftl_s_rec,5,0.3,3.0,46,1.0
rftl_s_rec,5,0.3,3.0,47,1.0
rftl_s_rec,5,0.3,3.0,48,1.0
rftl_s_rec,5,0.3,3.0,49,1.0
rftl_s,5,0.3,3.0,0,0.04972379314322109
rftl_s,5,0.3,3.0,1,0.06294175152352378
rftl_s,5,0.3,3.0,2,0.04229294039622893
rftl_s,5,0.3,3.0,3,0.0780566795817623
rftl_s,5,0.3,3.0,4,0.07840143768380708
rftl_s,5,0.3,3.0,5,0.07518306644956388
rftl_s,5,0.3,3.0,6,0.061922732203815826
rftl_s,5,0.3,3.0,7,0.06014285407952582
rftl_s,5,0.3,3.0,8,0.06838719330117089
rftl_s,5,0.3,3.0,9,0.07081670561150936
rftl_s,5,0.3,3.0,10,0.09017165720941102
rftl_s,5,0.3,3.0,11,0.06901947964340352
rftl_s,5,0.3,3.0,12,0.0671963047944512
rftl_s,5,0.3,3.0,13,0.06673369478837067
rftl_s,5,0.3,3.0,14,0.07827051659322805
rftl_s,5,0.3,3.0,15,0.07667690141505532
rftl_s,5,0.3,3.0,16,0.07230373998791727
rftl_s,5,0.3,3.0,17,0.059965356982764166
rftl_s,5,0.3,3.0,18,0.08213172768941014
rftl_s,5,0.3,3.0,19,0.06221389251039436
rftl_s,5,0.3,3.0,20,0.046902294298957495
rftl_s,5,0.3,3.0,21,0.07939088981558055
rftl_s,5,0.3,3.0,22,0.06446324769629959
rftl_s,5,0.3,3.0,23,0.05023478080220215
rftl_s,5,0.3,3.0,24,0.07704865196284459
rftl_s,5,0.3,3.0,25,0.07293046217230406
rftl_s,5,0.3,3.0,26,0.07212139339463225
rftl_s,5,0.3,3.0,27,0.045436082046503054
rftl_s,5,0.3,3.0,28,0.06522868500742142
rftl_s,5,0.3,3.0,29,0.06742606940959427
rftl_s,5,0.3,3.0,30,0.07905024360783879
rftl_s,5,0.3,3.0,31,0.045802282354204964
rftl_s,5,0.3,3.0,32,0.06023444293446832
rftl_s,5,0.3,3.0,33,0.03997575848322662
rftl_s,5,0.3,3.0,34,0.0650915275752019
rftl_s,5,0.3,3.0,35,0.04428408947612729
rftl_s,5,0.3,3.0,36,0.07137653382573873
rftl_s,5,0.3,3.0,37,0.0730598755348358
rftl_s,5,0.3,3.0,38,0.0767475538498219
rftl_s,5,0.3,3.0,39,0.051635258202799524
rftl_s,5,0.3,3.0,40,0.03769153933006283
rftl_s,5,0.3,3.0,41,0.08141827331672796
rftl_s,5,0.3,3.0,42,0.052392831258678156
rftl_s,5,0.3,3.0,43,0.09062008503032583
rftl_s,5,0.3,3.0,44,0.054568133530179336
rftl_s,5,0.3,3.0,45,0.06679138583824193
rftl_s,5,0.3,3.0,46,0.052951194188114184
rftl_s,5,0.3,3.0,47,0.07610750802722657
rftl_s,5,0.3,3.0,48,0.04544013735924297
rftl_s,5,0.3,3.0,49,0.07246892892129228
baseline,10,0.05,,0,0.0737588704207516
baseline,10,0.05,,1,0.054329019059129485
baseline,10,0.05,,2,0.06273941259591355
baseline,10,0.05,,3,0.05010238368602089
baseline,10,0.05,,4,0.04058754453690281
baseline,10,0.05,,5,0.06639940754456387
baseline,10,0.05,,6,0.05695380473826629
baseline,10,0.05,,7,0.0423397359907255
baseline,10,0.05,,8,0.048531307569888854
baseline,10,0.05,,9,0.041970443471885714
baseline,10,0.05,,10,0.055903916373445314
baseline,10,0.05,,11,0.060602561580898016
baseline,10,0.05,,12,0.049590569589294135
baseline,10,0.05,,13,0.0560374792526003
baseline,10,0.05,,14,0.0494280274321629
baseline,10,0.05,,15,0.05532371505970154
baseline,10,0.05,,16,0.04770119213700214
baseline,10,0.05,,17,0.05590558699143268
baseline,10,0.05,,18,0.0519308457103071
baseline,10,0.05,,19,0.07964719853726925
baseline,10,0.05,,20,0.05584082696144296
baseline,10,0.05,,21,0.06810260353617599
baseline,10,0.05,,22,0.06804244030459117
baseline,10,0.05,,23,0.051336331227743524
baseline,10,0.05,,24,0.05333839384972069
baseline,10,0.05,,25,0.04839880263226523
baseline,10,0.05,,26,0.050105218172190845
baseline,10,0.05,,27,0.04528258633365076
baseline,10,0.05,,28,0.05004653169882214
baseline,10,0.05,,29,0.06336559849535876
baseline,10,0.05,,30,0.04926985274116548
baseline,10,0.05,,31,0.0576682006277252
baseline,10,0.05,,32,0.04996835467879768
baseline,10,0.05,,33,0.04204116249098222
baseline,10,0.05,,34,0.04380585622382279
baseline,10,0.05,,35,0.040342123104115994
baseline,10,0.05,,36,0.05439244855050458
baseline,10,0.05,,37,0.054947562407799855
baseline,10,0.05,,38,0.059189028214703725
baseline,10,0.05,,39,0.057340001233482214
baseline,10,0.05,,40,0.06808286280036477
baseline,10,0.05,,41,0.05528969537383709
baseline,10,0.05,,42,0.0812060135075606
baseline,10,0.05,,43,0.050608000819853484
baseline,10,0.05,,44,0.04342834148564469
baseline,10,0.05,,45,0.05919202995120256
baseline,10,0.05,,46,0.07173615231644005
baseline,10,0.05,,47,0.046101974912070846
baseline,10,0.05,,48,0.03865702789198944
baseline,10,0.05,,49,0.041402366316544044
rftl_s_prec,10,0.05,1.0,0,0.13333333333333333
rftl_s_prec,10,0.05,1.0,1,0.13333333333333333
rftl_s_prec,10,0.05,1.0,2,0.13333333333333333
rftl_s_prec,10,0.05,1.0,3,0.13333333333333333
rftl_s_prec,10,0.05,1.0,4,0.13333333333333333
rftl_s_prec,10,0.05,1.0,5,0.13333333333333333
rftl_s_prec,10,0.05,1.0,6,0.13333333333333333
rftl_s_prec,10,0.05,1.0,7,0.13333333333333333
rftl_s_prec,10,0.05,1.0,8,0.13333333333333333
rftl_s_prec,10,0.05,1.0,9,0.13333333333333333
rftl_s_prec,10,0.05,1.0,10,0.13333333333333333
rftl_s_prec,10,0.05,1.0,11,0.13333333333333333
rftl_s_prec,10,0.05,1.0,12,0.13333333333333333
rftl_s_prec,10,0.05,1.0,13,0.13333333333333333
rftl_s_prec,10,0.05,1.0,14,0.13333333333333333
rftl_s_prec,10,0.05,1.0,15,0.13333333333333333
rftl_s_prec,10,0.05,1.0,16,0.13333333333333333
rftl_s_prec,10,0.05,1.0,17,0.13333333333333333
rftl_s_prec,10,0.05,1.0,18,0.13333333333333333
rftl_s_prec,10,0.05,1.0,19,0.13333333333333333
rftl_s_prec,10,0.05,1.0,20,0.13333333333333333
rftl_s_prec,10,0.05,1.0,21,0.13333333333333333
rftl_s_prec,10,0.05,1.0,22,0.13333333333333333
rftl_s_prec,10,0.05,1.0,23,0.13333333333333333
rftl_s_prec,10,0.05,1.0,24,0.13333333333333333
rftl_s_prec,10,0.05,1.0,25,0.13333333333333333
rftl_s_prec,10,0.05,1.0,26,0.13333333333333333
rftl_s_prec,10,0.05,1.0,27,0.13333333333333333
rftl_s_prec,10,0.05,1.0,28,0.13333333333333333
rftl_s_prec,10,0.05,1.0,29,0.13333333333333333
rftl_s_prec,10,0.05,1.0,30,0.13333333333333333
rftl_s_prec,10,0.05,1.0,31,0.13333333333333333
rftl_s_prec,10,0.05,1.0,32,0.13333333333333333
rftl_s_prec,10,0.05,1.0,33,0.13333333333333333
rftl_s_prec,10,0.05,1.0,34,0.13333333333333333
rftl_s_prec,10,0.05,1.0,35,0.13333333333333333
rftl_s_prec,10,0.05,1.0,36,0.13333333333333333
rftl_s_prec,10,0.05,1.0,37,0.13333333333333333
rftl_s_prec,10,0.05,1.0,38,0.13333333333333333
rftl_s_prec,10,0.05,1.0,39,0.13333333333333333
rftl_s_prec,10,0.05,1.0,40,0.13333333333333333
rftl_s_prec,10,0.05,1.0,41,0.13333333333333333
rftl_s_prec,10,0.05,1.0,42,0.13333333333333333
rftl_s_prec,10,0.05,1.0,43,0.13333333333333333
rftl_s_prec,10,0.05,1.0,44,0.13333333333333333
rftl_s_prec,10,0.05,1.0,45,0.13333333333333333
rftl_s_prec,10,0.05,1.0,46,0.13333333333333333
rftl_s_prec,10,0.05,1.0,47,0.13333333333333333
rftl_s_prec,10,0.05,1.0,48,0.13333333333333333
rftl_s_prec,10,0.05,1.0,49,0.13333333333333333
rftl_s_rec,10,0.05,1.0,0,1.0
rftl_s_rec,10,0.05,1.0,1,1.0
rftl_s_rec,10,0.05,1.0,2,1.0
rftl_s_rec,10,0.05,1.0,3,1.0
rftl_s_rec,10,0.05,1.0,4,1.0
rftl_s_rec,10,0.05,1.0,5,1.0
rftl_s_rec,10,0.05,1.0,6,1.0
rftl_s_rec,10,0.05,1.0,7,1.0
rftl_s_rec,10,0.05,1.0,8,1.0
rftl_s_rec,10,0.05,1.0,9,1.0
rftl_s_rec,10,0.05,1.0,10,1.0
rftl_s_rec,10,0.05,1.0,11,1.0
rftl_s_rec,10,0.05,1.0,12,1.0
rftl_s_rec,10,0.05,1.0,13,1.0
rftl_s_rec,10,0.05,1.0,14,1.0
rftl_s_rec,10,0.05,1.0,15,1.0
rftl_s_rec,10,0.05,1.0,16,1.0
rftl_s_rec,10,0.05,1.0,17,1.0
rftl_s_rec,10,0.05,1.0,18,1.0
rftl_s_rec,10,0.05,1.0,19,1.0
rftl_s_rec,10,0.05,1.0,20,1.0
rftl_s_rec,10,0.05,1.0,21,1.0
rftl_s_rec,10,0.05,1.0,22,1.0
rftl_s_rec,10,0.05,1.0,23,1.0
rftl_s_rec,10,0.05,1.0,24,1.0
rftl_s_rec,10,0.05,1.0,25,1.0
rftl_s_rec,10,0.05,1.0,26,1.0
rftl_s_rec,10,0.05,1.0,27,1.0
rftl_s_rec,10,0.05,1.0,28,1.0
rftl_s_rec,10,0.05,1.0,29,1.0
rftl_s_rec,10,0.05,1.0,30,1.0
rftl_s_rec,10,0.05,1.0,31,1.0
rftl_s_rec,10,0.05,1.0,32,1.0
rftl_s_rec,10,0.05,1.0,33,1.0
rftl_s_rec,10,0.05,1.0,34,1.0
rftl_s_rec,10,0.05,1.0,35,1.0
rftl_s_rec,10,0.05,1.0,36,1.0
rftl_s_rec,10,0.05,1.0,37,1.0
rftl_s_rec,10,0.05,1.0,38,1.0
rftl_s_rec,10,0.05,1.0,39,1.0
rftl_s_rec,10,0.05,1.0,40,1.0
rftl_s_rec,10,0.05,1.0,41,1.0
rftl_s_rec,10,0.05,1.0,42,1.0
rftl_s_rec,10,0.05,1.0,43,1.0
rftl_s_rec,10,0.05,1.0,44,1.0
rftl_s_rec,10,0.05,1.0,45,1.0
rftl_s_rec,10,0.05,1.0,46,1.0
rftl_s_rec,10,0.05,1.0,47,1.0
rftl_s_rec,10,0.05,1.0,48,1.0
rftl_s_rec,10,0.05,1.0,49,1.0
rftl_s,10,0.05,1.0,0,0.06082324232364271
rftl_s,10,0.05,1.0,1,0.06231741893773558
rftl_s,10,0.05,1.0,2,0.06670201711354819
rftl_s,10,0.05,1.0,3,0.06933775789866715
rftl_s,10,0.05,1.0,4,0.06975803562479185
rftl_s,10,0.05,1.0,5,0.04092551924745579
rftl_s,10,0.05,1.0,6,0.06264136957140884
rftl_s,10,0.05,1.0,7,0.08223039456325745
rftl_s,10,0.05,1.0,8,0.07846789635186421
rftl_s,10,0.05,1.0,9,0.05117099087696921
rftl_s,10,0.05,1.0,10,0.06177867123946164
rftl_s,10,0.05,1.0,11,0.05667150366196839
rftl_s,10,0.05,1.0,12,0.05746999285269019
rftl_s,10,0.05,1.0,13,0.06636293462606942
rftl_s,10,0.05,1.0,14,0.06023368709598834
rftl_s,10,0.05,1.0,15,0.04516969157964971
rftl_s,10,0.05,1.0,16,0.06285427598540096
rftl_s,10,0.05,1.0,17,0.07386116954588437
rftl_s,10,0.05,1.0,18,0.06873935298952477
rftl_s,10,0.05,1.0,19,0.046784396710768346
rftl_s,10,0.05,1.0,20,0.09188496972145484
rftl_s,10,0.05,1.0,21,0.06186646222235066
rftl_s,10,0.05,1.0,22,0.04951677655134432
rftl_s,10,0.05,1.0,23,0.0584572262039155
rftl_s,10,0.05,1.0,24,0.03740712916563296
rftl_s,10,0.05,1.0,25,0.08197195860275071
rftl_s,10,0.05,1.0,26,0.0717600977934382
rftl_s,10,0.05,1.0,27,0.06814992642965383
rftl_s,10,0.05,1.0,28,0.06559931571410789
rftl_s,10,0.05,1.0,29,0.06194720758974595
rftl_s,10,0.05,1.0,30,0.05900833531420468
rftl_s,10,0.05,1.0,31,0.05168209691916798
rftl_s,10,0.05,1.0,32,0.08249134538564613
rftl_s,10,0.05,1.0,33,0.04739188289407548
rftl_s,10,0.05,1.0,34,0.06562647844118402
rftl_s,10,0.05,1.0,35,0.049066978418581465
rftl_s,10,0.05,1.0,36,0.05781038610352865
rftl_s,10,0.05,1.0,37,0.05345224875623737
rftl_s,10,0.05,1.0,38,0.062190792825321924
rftl_s,10,0.05,1.0,39,0.07360556136402842
rftl_s,10,0.05,1.0,40,0.06295845022703658
rftl_s,10,0.05,1.0,41,0.07021008854256532
rftl_s,10,0.05,1.0,42,0.06926084066787716
rftl_s,10,0.05,1.0,43,0.07352877936301322
rftl_s,10,0.05,1.0,44,0.06848359411386262
rftl_s,10,0.05,1.0,45,0.07014975992759706
rftl_s,10,0.05,1.0,46,0.06113364201352067
rftl_s,10,0.05,1.0,47,0.07219140888958925
rftl_s,10,0.05,1.0,48,0.06810266748662502
rftl_s,10,0.05,1.0,49,0.055574106931431944
rftl_s_prec,10,0.05,1.345,0,0.20689655172413793
rftl_s_prec,10,0.05,1.345,1,0.15384615384615385
rftl_s_prec,10,0.05,1.345,2,0.1935483870967742
rftl_s_prec,10,0.05,1.345,3,0.17647058823529413
rftl_s_prec,10,0.05,1.345,4,0.1875
rftl_s_prec,10,0.05,1.345,5,0.17647058823529413
rftl_s_prec,10,0.05,1.345,6,0.17142857142857143
rftl_s_prec,10,0.05,1.345,7,0.17647058823529413
rftl_s_prec,10,0.05,1.345,8,0.17142857142857143
rftl_s_prec,10,0.05,1.345,9,0.14634146341463414
rftl_s_prec,10,0.05,1.345,10,0.16666666666666666
rftl_s_prec,10,0.05,1.345,11,0.1935483870967742
rftl_s_prec,10,0.05,1.345,12,0.1935483870967742
rftl_s_prec,10,0.05,1.345,13,0.16666666666666666
rftl_s_prec,10,0.05,1.345,14,0.1875
rftl_s_prec,10,0.05,1.345,15,0.1935483870967742
rftl_s_prec,10,0.05,1.345,16,0.24
rftl_s_prec,10,0.05,1.345,17,0.17647058823529413
rftl_s_prec,10,0.05,1.345,18,0.23076923076923078
rftl_s_prec,10,0.05,1.345,19,0.2222222222222222
rftl_s_prec,10,0.05,1.345,20,0.17142857142857143
rftl_s_prec,10,0.05,1.345,21,0.2222222222222222
rftl_s_prec,10,0.05,1.345,22,0.16216216216216217
rftl_s_prec,10,0.05,1.345,23,0.16666666666666666
rftl_s_prec,10,0.05,1.345,24,0.20689655172413793
rftl_s_prec,10,0.05,1.345,25,0.16666666666666666
rftl_s_prec,10,0.05,1.345,26,0.17142857142857143
rftl_s_prec,10,0.05,1.345,27,0.3157894736842105
rftl_s_prec,10,0.05,1.345,28,0.2
rftl_s_prec,10,0.05,1.345,29,0.15
rftl_s_prec,10,0.05,1.345,30,0.17647058823529413
rftl_s_prec,10,0.05,1.345,31,0.1875
rftl_s_prec,10,0.05,1.345,32,0.16666666666666666
rftl_s_prec,10,0.05,1.345,33,0.17142857142857143
rftl_s_prec,10,0.05,1.345,34,0.17647058823529413
rftl_s_prec,10,0.05,1.345,35,0.23076923076923078
rftl_s_prec,10,0.05,1.345,36,0.21428571428571427
rftl_s_prec,10,0.05,1.345,37,0.20689655172413793
rftl_s_prec,10,0.05,1.345,38,0.21428571428571427
rftl_s_prec,10,0.05,1.345,39,0.1935483870967742
rftl_s_prec,10,0.05,1.345,40,0.2222222222222222
rftl_s_prec,10,0.05,1.345,41,0.20689655172413793
rftl_s_prec,10,0.05,1.345,42,0.21428571428571427
rftl_s_prec,10,0.05,1.345,43,0.18181818181818182
rftl_s_prec,10,0.05,1.345,44,0.17142857142857143
rftl_s_prec,10,0.05,1.345,45,0.2222222222222222
rftl_s_prec,10,0.05,1.345,46,0.1875
rftl_s_prec,10,0.05,1.345,47,0.20689655172413793
rftl_s_prec,10,0.05,1.345,48,0.20689655172413793
rftl_s_prec,10,0.05,1.345,49,0.2
rftl_s_rec,10,0.05,1.345,0,1.0
rftl_s_rec,10,0.05,1.345,1,1.0
rftl_s_rec,10,0.05,1.345,2,1.0
rftl_s_rec,10,0.05,1.345,3,1.0
rftl_s_rec,10,0.05,1.345,4,1.0
rftl_s_rec,10,0.05,1.345,5,1.0
rftl_s_rec,10,0.05,1.345,6,1.0
rftl_s_rec,10,0.05,1.345,7,1.0
rftl_s_rec,10,0.05,1.345,8,1.0
rftl_s_rec,10,0.05,1.345,9,1.0
rftl_s_rec,10,0.05,1.345,10,1.0
rftl_s_rec,10,0.05,1.345,11,1.0
rftl_s_rec,10,0.05,1.345,12,1.0
rftl_s_rec,10,0.05,1.345,13,1.0
rftl_s_rec,10,0.05,1.345,14,1.0
rftl_s_rec,10,0.05,1.345,15,1.0
rftl_s_rec,10,0.05,1.345,16,1.0
rftl_s_rec,10,0.05,1.345,17,1.0
rftl_s_rec,10,0.05,1.345,18,1.0
rftl_s_rec,10,0.05,1.345,19,1.0
rftl_s_rec,10,0.05,1.345,20,1.0
rftl_s_rec,10,0.05,1.345,21,1.0
rftl_s_rec,10,0.05,1.345,22,1.0
rftl_s_rec,10,0.05,1.345,23,1.0
rftl_s_rec,10,0.05,1.345,24,1.0
rftl_s_rec,10,0.05,1.345,25,1.0
rftl_s_rec,10,0.05,1.345,26,1.0
rftl_s_rec,10,0.05,1.345,27,1.0
rftl_s_rec,10,0.05,1.345,28,1.0
rftl_s_rec,10,0.05,1.345,29,1.0
rftl_s_rec,10,0.05,1.345,30,1.0
rftl_s_rec,10,0.05,1.345,31,1.0
rftl_s_rec,10,0.05,1.345,32,1.0
rftl_s_rec,10,0.05,1.345,33,1.0
rftl_s_rec,10,0.05,1.345,34,1.0
rftl_s_rec,10,0.05,1.345,35,1.0
rftl_s_rec,10,0.05,1.345,36,1.0
rftl_s_rec,10,0.05,1.345,37,1.0
rftl_s_rec,10,0.05,1.345,38,1.0
rftl_s_rec,10,0.05,1.345,39,1.0
rftl_s_rec,10,0.05,1.345,40,1.0
rftl_s_rec,10,0.05,1.345,41,1.0
rftl_s_rec,10,0.05,1.345,42,1.0
rftl_s_rec,10,0.05,1.345,43,1.0
rftl_s_rec,10,0.05,1.345,44,1.0
rftl_s_rec,10,0.05,1.345,45,1.0
rftl_s_rec,10,0.05,1.345,46,1.0
rftl_s_rec,10,0.05,1.345,47,1.0
rftl_s_rec,10,0.05,1.345,48,1.0
rftl_s_rec,10,0.05,1.345,49,1.0
rftl_s,10,0.05,1.345,0,0.061429053998533344
rftl_s,10,0.05,1.345,1,0.05866772398445342
rftl_s,10,0.05,1.345,2,0.07276821033524351
rftl_s,10,0.05,1.345,3,0.05709015287169697
rftl_s,10,0.05,1.345,4,0.06153907612486146
rftl_s,10,0.05,1.345,5,0.044063828139515454
rftl_s,10,0.05,1.345,6,0.06673120602261293
rftl_s,10,0.05,1.345,7,0.06973347586346362
rftl_s,10,0.05,1.345,8,0.055166033434384934
rftl_s,10,0.05,1.345,9,0.0499337948499232
rftl_s,10,0.05,1.345,10,0.06834178017002576
rftl_s,10,0.05,1.345,11,0.09195263652284354
rftl_s,10,0.05,1.345,12,0.058568132677507614
rftl_s,10,0.05,1.345,13,0.07459665377439814
rftl_s,10,0.05,1.345,14,0.06677384371529294
rftl_s,10,0.05,1.345,15,0.07651145755869357
rftl_s,10,0.05,1.345,16,0.06055583845411596
rftl_s,10,0.05,1.345,17,0.059737847074332474
rftl_s,10,0.05,1.345,18,0.08301298651099523
rftl_s,10,0.05,1.345,19,0.08041185948956274
rftl_s,10,0.05,1.345,20,0.06788112158277149
rftl_s,10,0.05,1.345,21,0.0725281136966485
rftl_s,10,0.05,1.345,22,0.0656074144133237
rftl_s,10,0.05,1.345,23,0.05172532857850798
rftl_s,10,0.05,1.345,24,0.07699197544707367
rftl_s,10,0.05,1.345,25,0.08170622985481295
rftl_s,10,0.05,1.345,26,0.08366332799957293
rftl_s,10,0.05,1.345,27,0.04346502246538569
rftl_s,10,0.05,1.345,28,0.05006423203752078
rftl_s,10,0.05,1.345,29,0.05493702630998623
rftl_s,10,0.05,1.345,30,0.06892315969819167
rftl_s,10,0.05,1.345,31,0.057101875531975245
rftl_s,10,0.05,1.345,32,0.07299890987542534
rftl_s,10,0.05,1.345,33,0.03790026430792682
rftl_s,10,0.05,1.345,34,0.056742002885083756
rftl_s,10,0.05,1.345,35,0.038435475578874494
rftl_s,10,0.05,1.345,36,0.06783123119354499
rftl_s,10,0.05,1.345,37,0.0584736319630352
rftl_s,10,0.05,1.345,38,0.056023479170135566
rftl_s,10,0.05,1.345,39,0.0718800121562403
rftl_s,10,0.05,1.345,40,0.07618336676348479
rftl_s,10,0.05,1.345,41,0.07472594425203274
rftl_s,10,0.05,1.345,42,0.06880188326435246
rftl_s,10,0.05,1.345,43,0.054675596027581
rftl_s,10,0.05,1.345,44,0.06130568393627816
rftl_s,10,0.05,1.345,45,0.07456151715862404
rftl_s,10,0.05,1.345,46,0.08328657253525147
rftl_s,10,0.05,1.345,47,0.07089567974369142
rftl_s,10,0.05,1.345,48,0.06690337918366497
rftl_s,10,0.05,1.345,49,0.05998240310564477
rftl_s_prec,10,0.05,2.0,0,0.5
rftl_s_prec,10,0.05,2.0,1,0.3157894736842105
rftl_s_prec,10,0.05,2.0,2,0.4
rftl_s_prec,10,0.05,2.0,3,0.375
rftl_s_prec,10,0.05,2.0,4,0.8571428571428571
rftl_s_prec,10,0.05,2.0,5,0.375
rftl_s_prec,10,0.05,2.0,6,0.46153846153846156
rftl_s_prec,10,0.05,2.0,7,0.8571428571428571
rftl_s_prec,10,0.05,2.0,8,0.5454545454545454
rftl_s_prec,10,0.05,2.0,9,0.20689655172413793
rftl_s_prec,10,0.05,2.0,10,0.5
rftl_s_prec,10,0.05,2.0,11,0.42857142857142855
rftl_s_prec,10,0.05,2.0,12,0.75
rftl_s_prec,10,0.05,2.0,13,0.4
rftl_s_prec,10,0.05,2.0,14,0.75
rftl_s_prec,10,0.05,2.0,15,0.46153846153846156
rftl_s_prec,10,0.05,2.0,16,0.75
rftl_s_prec,10,0.05,2.0,17,0.5454545454545454
rftl_s_prec,10,0.05,2.0,18,0.5
rftl_s_prec,10,0.05,2.0,19,0.6
rftl_s_prec,10,0.05,2.0,20,0.35294117647058826
rftl_s_prec,10,0.05,2.0,21,0.75
rftl_s_prec,10,0.05,2.0,22,0.35294117647058826
rftl_s_prec,10,0.05,2.0,23,0.3
rftl_s_prec,10,0.05,2.0,24,0.75
rftl_s_prec,10,0.05,2.0,25,0.375
rftl_s_prec,10,0.05,2.0,26,0.3157894736842105
rftl_s_prec,10,0.05,2.0,27,0.6666666666666666
rftl_s_prec,10,0.05,2.0,28,0.6
rftl_s_prec,10,0.05,2.0,29,0.5
rftl_s_prec,10,0.05,2.0,30,0.5
rftl_s_prec,10,0.05,2.0,31,0.5454545454545454
rftl_s_prec,10,0.05,2.0,32,0.3333333333333333
rftl_s_prec,10,0.05,2.0,33,0.4
rftl_s_prec,10,0.05,2.0,34,0.3333333333333333
rftl_s_prec,10,0.05,2.0,35,0.5
rftl_s_prec,10,0.05,2.0,36,0.6
rftl_s_prec,10,0.05,2.0,37,0.6666666666666666
rftl_s_prec,10,0.05,2.0,38,0.8571428571428571
rftl_s_prec,10,0.05,2.0,39,0.46153846153846156
rftl_s_prec,10,0.05,2.0,40,0.75
rftl_s_prec,10,0.05,2.0,41,0.46153846153846156
rftl_s_prec,10,0.05,2.0,42,0.5454545454545454
rftl_s_prec,10,0.05,2.0,43,0.6
rftl_s_prec,10,0.05,2.0,44,0.6
rftl_s_prec,10,0.05,2.0,45,0.5454545454545454
rftl_s_prec,10,0.05,2.0,46,0.42857142857142855
rftl_s_prec,10,0.05,2.0,47,0.35294117647058826
rftl_s_prec,10,0.05,2.0,48,0.375
rftl_s_prec,10,0.05,2.0,49,0.4
rftl_s_rec,10,0.05,2.0,0,1.0
rftl_s_rec,10,0.05,2.0,1,1.0
rftl_s_rec,10,0.05,2.0,2,1.0
rftl_s_rec,10,0.05,2.0,3,1.0
rftl_s_rec,10,0.05,2.0,4,1.0
rftl_s_rec,10,0.05,2.0,5,1.0
rftl_s_rec,10,0.05,2.0,6,1.0
rftl_s_rec,10,0.05,2.0,7,1.0
rftl_s_rec,10,0.05,2.0,8,1.0
rftl_s_rec,10,0.05,2.0,9,1.0
rftl_s_rec,10,0.05,2.0,10,1.0
rftl_s_rec,10,0.05,2.0,11,1.0
rftl_s_rec,10,0.05,2.0,12,1.0
rftl_s_rec,10,0.05,2.0,13,1.0
rftl_s_rec,10,0.05,2.0,14,1.0
rftl_s_rec,10,0.05,2.0,15,1.0
rftl_s_rec,10,0.05,2.0,16,1.0
rftl_s_rec,10,0.05,2.0,17,1.0
rftl_s_rec,10,0.05,2.0,18,1.0
rftl_s_rec,10,0.05,2.0,19,1.0
rftl_s_rec,10,0.05,2.0,20,1.0
rftl_s_rec,10,0.05,2.0,21,1.0
rftl_s_rec,10,0.05,2.0,22,1.0
rftl_s_rec,10,0.05,2.0,23,1.0
rftl_s_rec,10,0.05,2.0,24,1.0
rftl_s_rec,10,0.05,2.0,25,1.0
rftl_s_rec,10,0.05,2.0,26,1.0
rftl_s_rec,10,0.05,2.0,27,1.0
rftl_s_rec,10,0.05,2.0,28,1.0
rftl_s_rec,10,0.05,2.0,29,1.0
rftl_s_rec,10,0.05,2.0,30,1.0
rftl_s_rec,10,0.05,2.0,31,1.0
rftl_s_rec,10,0.05,2.0,32,1.0
rftl_s_rec,10,0.05,2.0,33,1.0
rftl_s_rec,10,0.05,2.0,34,1.0
rftl_s_rec,10,0.05,2.0,35,1.0
rftl_s_rec,10,0.05,2.0,36,1.0
rftl_s_rec,10,0.05,2.0,37,1.0
rftl_s_rec,10,0.05,2.0,38,1.0
rftl_s_rec,10,0.05,2.0,39,1.0
rftl_s_rec,10,0.05,2.0,40,1.0
rftl_s_rec,10,0.05,2.0,41,1.0
rftl_s_rec,10,0.05,2.0,42,1.0
rftl_s_rec,10,0.05,2.0,43,1.0
rftl_s_rec,10,0.05,2.0,44,1.0
rftl_s_rec,10,0.05,2.0,45,1.0
rftl_s_rec,10,0.05,2.0,46,1.0
rftl_s_rec,10,0.05,2.0,47,1.0
rftl_s_rec,10,0.05,2.0,48,1.0
rftl_s_rec,10,0.05,2.0,49,1.0
rftl_s,10,0.05,2.0,0,0.06689601015313001
rftl_s,10,0.05,2.0,1,0.06344769610472593
rftl_s,10,0.05,2.0,2,0.07545269859187281
rftl_s,10,0.05,2.0,3,0.0433077745648859
rftl_s,10,0.05,2.0,4,0.07587050360192511
rftl_s,10,0.05,2.0,5,0.047686222045541654
rftl_s,10,0.05,2.0,6,0.062392383037956134
rftl_s,10,0.05,2.0,7,0.07338697515188078
rftl_s,10,0.05,2.0,8,0.06313082297355652
rftl_s,10,0.05,2.0,9,0.038291643108993405
rftl_s,10,0.05,2.0,10,0.05641670839206199
rftl_s,10,0.05,2.0,11,0.07506212526054339
rftl_s,10,0.05,2.0,12,0.0615563784458929
rftl_s,10,0.05,2.0,13,0.08231869630781333
rftl_s,10,0.05,2.0,14,0.07064248480773881
rftl_s,10,0.05,2.0,15,0.055918332224657044
rftl_s,10,0.05,2.0,16,0.05915769379574583
rftl_s,10,0.05,2.0,17,0.07997455155827625
rftl_s,10,0.05,2.0,18,0.053727394373719935
rftl_s,10,0.05,2.0,19,0.07550390191428838
rftl_s,10,0.05,2.0,20,0.05520059702834974
rftl_s,10,0.05,2.0,21,0.09533882954958936
rftl_s,10,0.05,2.0,22,0.06154832238251121
rftl_s,10,0.05,2.0,23,0.059071948371322215
rftl_s,10,0.05,2.0,24,0.059669526881180594
rftl_s,10,0.05,2.0,25,0.08383265701304185
rftl_s,10,0.05,2.0,26,0.08802132550226119
rftl_s,10,0.05,2.0,27,0.047524985666864146
rftl_s,10,0.05,2.0,28,0.07569747246833396
rftl_s,10,0.05,2.0,29,0.0590362254287602
rftl_s,10,0.05,2.0,30,0.07519288986420443
rftl_s,10,0.05,2.0,31,0.07474368242040144
rftl_s,10,0.05,2.0,32,0.05797069148505329
rftl_s,10,0.05,2.0,33,0.07333859212534133
rftl_s,10,0.05,2.0,34,0.07578875449420107
rftl_s,10,0.05,2.0,35,0.05506726697394323
rftl_s,10,0.05,2.0,36,0.05809742029173101
rftl_s,10,0.05,2.0,37,0.06409562137069397
rftl_s,10,0.05,2.0,38,0.05491968485311872
rftl_s,10,0.05,2.0,39,0.044220389592284026
rftl_s,10,0.05,2.0,40,0.08221586894785807
rftl_s,10,0.05,2.0,41,0.07778936021883301
rftl_s,10,0.05,2.0,42,0.05806224960272576
rftl_s,10,0.05,2.0,43,0.06000209436338566
rftl_s,10,0.05,2.0,44,0.04812552405562882
rftl_s,10,0.05,2.0,45,0.07811903372733793
rftl_s,10,0.05,2.0,46,0.0864135141599412
rftl_s,10,0.05,2.0,47,0.07075128110280542
rftl_s,10,0.05,2.0,48,0.0775550975953128
rftl_s,10,0.05,2.0,49,0.058940492659809225
rftl_s_prec,10,0.05,3.0,0,1.0
rftl_s_prec,10,0.05,3.0,1,0.8571428571428571
rftl_s_prec,10,0.05,3.0,2,1.0
rftl_s_prec,10,0.05,3.0,3,1.0
rftl_s_prec,10,0.05,3.0,4,1.0
rftl_s_prec,10,0.05,3.0,5,0.8571428571428571
rftl_s_prec,10,0.05,3.0,6,1.0
rftl_s_prec,10,0.05,3.0,7,0.8571428571428571
rftl_s_prec,10,0.05,3.0,8,1.0
rftl_s_prec,10,0.05,3.0,9,0.6666666666666666
rftl_s_prec,10,0.05,3.0,10,0.8571428571428571
rftl_s_prec,10,0.05,3.0,11,1.0
rftl_s_prec,10,0.05,3.0,12,0.8571428571428571
rftl_s_prec,10,0.05,3.0,13,1.0
rftl_s_prec,10,0.05,3.0,14,1.0
rftl_s_prec,10,0.05,3.0,15,1.0
rftl_s_prec,10,0.05,3.0,16,1.0
rftl_s_prec,10,0.05,3.0,17,0.8571428571428571
rftl_s_prec,10,0.05,3.0,18,1.0
rftl_s_prec,10,0.05,3.0,19,1.0
rftl_s_prec,10,0.05,3.0,20,0.8571428571428571
rftl_s_prec,10,0.05,3.0,21,1.0
rftl_s_prec,10,0.05,3.0,22,1.0
rftl_s_prec,10,0.05,3.0,23,1.0
rftl_s_prec,10,0.05,3.0,24,1.0
rftl_s_prec,10,0.05,3.0,25,1.0
rftl_s_prec,10,0.05,3.0,26,0.75
rftl_s_prec,10,0.05,3.0,27,0.8571428571428571
rftl_s_prec,10,0.05,3.0,28,1.0
rftl_s_prec,10,0.05,3.0,29,1.0
rftl_s_prec,10,0.05,3.0,30,1.0
rftl_s_prec,10,0.05,3.0,31,1.0
rftl_s_prec,10,0.05,3.0,32,1.0
rftl_s_prec,10,0.05,3.0,33,1.0
rftl_s_prec,10,0.05,3.0,34,1.0
rftl_s_prec,10,0.05,3.0,35,1.0
rftl_s_prec,10,0.05,3.0,36,1.0
rftl_s_prec,10,0.05,3.0,37,1.0
rftl_s_prec,10,0.05,3.0,38,1.0
rftl_s_prec,10,0.05,3.0,39,1.0
rftl_s_prec,10,0.05,3.0,40,0.8571428571428571
rftl_s_prec,10,0.05,3.0,41,1.0
rftl_s_prec,10,0.05,3.0,42,1.0
rftl_s_prec,10,0.05,3.0,43,0.8571428571428571
rftl_s_prec,10,0.05,3.0,44,0.8571428571428571
rftl_s_prec,10,0.05,3.0,45,1.0
rftl_s_prec,10,0.05,3.0,46,1.0
rftl_s_prec,10,0.05,3.0,47,0.8571428571428571
rftl_s_prec,10,0.05,3.0,48,0.8571428571428571
rftl_s_prec,10,0.05,3.0,49,1.0
rftl_s_rec,10,0.05,3.0,0,1.0
rftl_s_rec,10,0.05,3.0,1,1.0
rftl_s_rec,10,0.05,3.0,2,1.0
rftl_s_rec,10,0.05,3.0,3,1.0
rftl_s_rec,10,0.05,3.0,4,1.0
rftl_s_rec,10,0.05,3.0,5,1.0
rftl_s_rec,10,0.05,3.0,6,1.0
rftl_s_rec,10,0.05,3.0,7,1.0
rftl_s_rec,10,0.05,3.0,8,1.0
rftl_s_rec,10,0.05,3.0,9,1.0
rftl_s_rec,10,0.05,3.0,10,1.0
rftl_s_rec,10,0.05,3.0,11,1.0
rftl_s_rec,10,0.05,3.0,12,1.0
rftl_s_rec,10,0.05,3.0,13,1.0
rftl_s_rec,10,0.05,3.0,14,1.0
rftl_s_rec,10,0.05,3.0,15,1.0
rftl_s_rec,10,0.05,3.0,16,1.0
rftl_s_rec,10,0.05,3.0,17,1.0
rftl_s_rec,10,0.05,3.0,18,1.0
rftl_s_rec,10,0.05,3.0,19,1.0
rftl_s_rec,10,0.05,3.0,20,1.0
rftl_s_rec,10,0.05,3.0,21,1.0
rftl_s_rec,10,0.05,3.0,22,1.0
rftl_s_rec,10,0.05,3.0,23,1.0
rftl_s_rec,10,0.05,3.0,24,1.0
rftl_s_rec,10,0.05,3.0,25,1.0
rftl_s_rec,10,0.05,3.0,26,1.0
rftl_s_rec,10,0.05,3.0,27,1.0
rftl_s_rec,10,0.05,3.0,28,1.0
rftl_s_rec,10,0.05,3.0,29,1.0
rftl_s_rec,10,0.05,3.0,30,1.0
rftl_s_rec,10,0.05,3.0,31,1.0
rftl_s_rec,10,0.05,3.0,32,1.0
rftl_s_rec,10,0.05,3.0,33,1.0
rftl_s_rec,10,0.05,3.0,34,1.0
rftl_s_rec,10,0.05,3.0,35,1.0
rftl_s_rec,10,0.05,3.0,36,1.0
rftl_s_rec,10,0.05,3.0,37,1.0
rftl_s_rec,10,0.05,3.0,38,1.0
rftl_s_rec,10,0.05,3.0,39,1.0
rftl_s_rec,10,0.05,3.0,40,1.0
rftl_s_rec,10,0.05,3.0,41,1.0
rftl_s_rec,10,0.05,3.0,42,1.0
rftl_s_rec,10,0.05,3.0,43,1.0
rftl_s_rec,10,0.05,3.0,44,1.0
rftl_s_rec,10,0.05,3.0,45,1.0
rftl_s_rec,10,0.05,3.0,46,1.0
rftl_s_rec,10,0.05,3.0,47,1.0
rftl_s_rec,10,0.05,3.0,48,1.0
rftl_s_rec,10,0.05,3.0,49,1.0
rftl_s,10,0.05,3.0,0,0.048397553597348715
rftl_s,10,0.05,3.0,1,0.07113910749319713
rftl_s,10,0.05,3.0,2,0.04520091657716093
rftl_s,10,0.05,3.0,3,0.07408536097536782
rftl_s,10,0.05,3.0,4,0.05073970666534095
rftl_s,10,0.05,3.0,5,0.07433581179887416
rftl_s,10,0.05,3.0,6,0.04865105057973754
rftl_s,10,0.05,3.0,7,0.044063230580297805
rftl_s,10,0.05,3.0,8,0.0703782499288625
rftl_s,10,0.05,3.0,9,0.05236369390413502
rftl_s,10,0.05,3.0,10,0.05372690837099628
rftl_s,10,0.05,3.0,11,0.06572493279650565
rftl_s,10,0.05,3.0,12,0.05630932348285258
rftl_s,10,0.05,3.0,13,0.06329621052818256
rftl_s,10,0.05,3.0,14,0.07519865076311953
rftl_s,10,0.05,3.0,15,0.06137703379845541
rftl_s,10,0.05,3.0,16,0.06190112634671129
rftl_s,10,0.05,3.0,17,0.07543918074716366
rftl_s,10,0.05,3.0,18,0.06549494495124754
rftl_s,10,0.05,3.0,19,0.07126239133495818
rftl_s,10,0.05,3.0,20,0.06530689318089257
rftl_s,10,0.05,3.0,21,0.08405738999155975
rftl_s,10,0.05,3.0,22,0.06760819374310598
rftl_s,10,0.05,3.0,23,0.06346328879991939
rftl_s,10,0.05,3.0,24,0.07588731163331935
rftl_s,10,0.05,3.0,25,0.05026292825825497
rftl_s,10,0.05,3.0,26,0.06283972528925393
rftl_s,10,0.05,3.0,27,0.05273395118066363
rftl_s,10,0.05,3.0,28,0.10092172411418533
rftl_s,10,0.05,3.0,29,0.06511915801315125
rftl_s,10,0.05,3.0,30,0.07335530413175463
rftl_s,10,0.05,3.0,31,0.04539020309444706
rftl_s,10,0.05,3.0,32,0.05833602698103224
rftl_s,10,0.05,3.0,33,0.06531426468135769
rftl_s,10,0.05,3.0,34,0.05937081621297926
rftl_s,10,0.05,3.0,35,0.0463901469282882
rftl_s,10,0.05,3.0,36,0.08061873560667943
rftl_s,10,0.05,3.0,37,0.048241480927057094
rftl_s,10,0.05,3.0,38,0.0602530716471276
rftl_s,10,0.05,3.0,39,0.04211334082687531
rftl_s,10,0.05,3.0,40,0.04785018335889417
rftl_s,10,0.05,3.0,41,0.08145586123884106
rftl_s,10,0.05,3.0,42,0.05967928626837635
rftl_s,10,0.05,3.0,43,0.05997274648448978
rftl_s,10,0.05,3.0,44,0.06275786679765082
rftl_s,10,0.05,3.0,45,0.06254160066164055
rftl_s,10,0.05,3.0,46,0.08006614542134104
rftl_s,10,0.05,3.0,47,0.047441989748797514
rftl_s,10,0.05,3.0,48,0.05900151471546857
rftl_s,10,0.05,3.0,49,0.03722860577930486
baseline,10,0.1,,0,0.0442830976633224
baseline,10,0.1,,1,0.04568004379259007
baseline,10,0.1,,2,0.0545775110488076
baseline,10,0.1,,3,0.04972929667436235
baseline,10,0.1,,4,0.05224300126839474
baseline,10,0.1,,5,0.05247280054000414
baseline,10,0.1,,6,0.07019107248265069
baseline,10,0.1,,7,0.055006544070686836
baseline,10,0.1,,8,0.05054779684660096
baseline,10,0.1,,9,0.04781431917593373
baseline,10,0.1,,10,0.0513843058919394
baseline,10,0.1,,11,0.05281767643610871
baseline,10,0.1,,12,0.04917862390627369
baseline,10,0.1,,13,0.06122453950303045
baseline,10,0.1,,14,0.049857304012898736
baseline,10,0.1,,15,0.05096025762931801
baseline,10,0.1,,16,0.05815129241499301
baseline,10,0.1,,17,0.09159357048580011
baseline,10,0.1,,18,0.0734119464134598
baseline,10,0.1,,19,0.07361097027591082
baseline,10,0.1,,20,0.05232088093537784
baseline,10,0.1,,21,0.06660579561742724
baseline,10,0.1,,22,0.051279541197882354
baseline,10,0.1,,23,0.05341371143023944
baseline,10,0.1,,24,0.0420356951675935
baseline,10,0.1,,25,0.06972535567854313
baseline,10,0.1,,26,0.07236905959330174
baseline,10,0.1,,27,0.05512435710530821
baseline,10,0.1,,28,0.06336865750000817
baseline,10,0.1,,29,0.06483008618421755
baseline,10,0.1,,30,0.06053735357471003
baseline,10,0.1,,31,0.0684319721953285
baseline,10,0.1,,32,0.06704271725665042
baseline,10,0.1,,33,0.07284153422378915
baseline,10,0.1,,34,0.04490879727980467
baseline,10,0.1,,35,0.0557362528107934
baseline,10,0.1,,36,0.05104077786559744
baseline,10,0.1,,37,0.04105643789698613
baseline,10,0.1,,38,0.06315589784337869
baseline,10,0.1,,39,0.09085437611897001
baseline,10,0.1,,40,0.04464925275764431
baseline,10,0.1,,41,0.060992341884006304
baseline,10,0.1,,42,0.06636079418348693
baseline,10,0.1,,43,0.06661982744490669
baseline,10,0.1,,44,0.04196468178797735
baseline,10,0.1,,45,0.086874646121554
baseline,10,0.1,,46,0.054050581256000006
baseline,10,0.1,,47,0.04851044344773451
baseline,10,0.1,,48,0.053424032321381786
baseline,10,0.1,,49,0.05441138588863459
rftl_s_prec,10,0.1,1.0,0,0.2222222222222222
rftl_s_prec,10,0.1,1.0,1,0.2222222222222222
rftl_s_prec,10,0.1,1.0,2,0.2222222222222222
rftl_s_prec,10,0.1,1.0,3,0.2222222222222222
rftl_s_prec,10,0.1,1.0,4,0.2222222222222222
rftl_s_prec,10,0.1,1.0,5,0.2222222222222222
rftl_s_prec,10,0.1,1.0,6,0.2222222222222222
rftl_s_prec,10,0.1,1.0,7,0.2222222222222222
rftl_s_prec,10,0.1,1.0,8,0.2222222222222222
rftl_s_prec,10,0.1,1.0,9,0.2222222222222222
rftl_s_prec,10,0.1,1.0,10,0.2222222222222222
rftl_s_prec,10,0.1,1.0,11,0.2222222222222222
rftl_s_prec,10,0.1,1.0,12,0.2222222222222222
rftl_s_prec,10,0.1,1.0,13,0.2222222222222222
rftl_s_prec,10,0.1,1.0,14,0.2222222222222222
rftl_s_prec,10,0.1,1.0,15,0.2222222222222222
rftl_s_prec,10,0.1,1.0,16,0.2222222222222222
rftl_s_prec,10,0.1,1.0,17,0.2222222222222222
rftl_s_prec,10,0.1,1.0,18,0.2222222222222222
rftl_s_prec,10,0.1,1.0,19,0.2222222222222222
rftl_s_prec,10,0.1,1.0,20,0.2222222222222222
rftl_s_prec,10,0.1,1.0,21,0.2222222222222222
rftl_s_prec,10,0.1,1.0,22,0.2222222222222222
rftl_s_prec,10,0.1,1.0,23,0.2222222222222222
rftl_s_prec,10,0.1,1.0,24,0.2222222222222222
rftl_s_prec,10,0.1,1.0,25,0.2222222222222222
rftl_s_prec,10,0.1,1.0,26,0.2222222222222222
rftl_s_prec,10,0.1,1.0,27,0.2222222222222222
rftl_s_prec,10,0.1,1.0,28,0.2222222222222222
rftl_s_prec,10,0.1,1.0,29,0.2222222222222222
rftl_s_prec,10,0.1,1.0,30,0.2222222222222222
rftl_s_prec,10,0.1,1.0,31,0.2222222222222222
rftl_s_prec,10,0.1,1.0,32,0.2222222222222222
rftl_s_prec,10,0.1,1.0,33,0.2222222222222222
rftl_s_prec,10,0.1,1.0,34,0.2222222222222222
rftl_s_prec,10,0.1,1.0,35,0.2222222222222222
rftl_s_prec,10,0.1,1.0,36,0.2222222222222222
rftl_s_prec,10,0.1,1.0,37,0.2222222222222222
rftl_s_prec,10,0.1,1.0,38,0.2222222222222222
rftl_s_prec,10,0.1,1.0,39,0.2222222222222222
rftl_s_prec,10,0.1,1.0,40,0.2222222222222222
rftl_s_prec,10,0.1,1.0,41,0.2222222222222222
rftl_s_prec,10,0.1,1.0,42,0.2222222222222222
rftl_s_prec,10,0.1,1.0,43,0.2222222222222222
rftl_s_prec,10,0.1,1.0,44,0.2222222222222222
rftl_s_prec,10,0.1,1.0,45,0.2222222222222222
rftl_s_prec,10,0.1,1.0,46,0.2222222222222222
rftl_s_prec,10,0.1,1.0,47,0.2222222222222222
rftl_s_prec,10,0.1,1.0,48,0.2222222222222222
rftl_s_prec,10,0.1,1.0,49,0.2222222222222222
rftl_s_rec,10,0.1,1.0,0,1.0
rftl_s_rec,10,0.1,1.0,1,1.0
rftl_s_rec,10,0.1,1.0,2,1.0
rftl_s_rec,10,0.1,1.0,3,1.0
rftl_s_rec,10,0.1,1.0,4,1.0
rftl_s_rec,10,0.1,1.0,5,1.0
rftl_s_rec,10,0.1,1.0,6,1.0
rftl_s_rec,10,0.1,1.0,7,1.0
rftl_s_rec,10,0.1,1.0,8,1.0
rftl_s_rec,10,0.1,1.0,9,1.0
rftl_s_rec,10,0.1,1.0,10,1.0
rftl_s_rec,10,0.1,1.0,11,1.0
rftl_s_rec,10,0.1,1.0,12,1.0
rftl_s_rec,10,0.1,1.0,13,1.0
rftl_s_rec,10,0.1,1.0,14,1.0
rftl_s_rec,10,0.1,1.0,15,1.0
rftl_s_rec,10,0.1,1.0,16,1.0
rftl_s_rec,10,0.1,1.0,17,1.0
rftl_s_rec,10,0.1,1.0,18,1.0
rftl_s_rec,10,0.1,1.0,19,1.0
rftl_s_rec,10,0.1,1.0,20,1.0
rftl_s_rec,10,0.1,1.0,21,1.0
rftl_s_rec,10,0.1,1.0,22,1.0
rftl_s_rec,10,0.1,1.0,23,1.0
rftl_s_rec,10,0.1,1.0,24,1.0
rftl_s_rec,10,0.1,1.0,25,1.0
rftl_s_rec,10,0.1,1.0,26,1.0
rftl_s_rec,10,0.1,1.0,27,1.0
rftl_s_rec,10,0.1,1.0,28,1.0
rftl_s_rec,10,0.1,1.0,29,1.0
rftl_s_rec,10,0.1,1.0,30,1.0
rftl_s_rec,10,0.1,1.0,31,1.0
rftl_s_rec,10,0.1,1.0,32,1.0
rftl_s_rec,10,0.1,1.0,33,1.0
rftl_s_rec,10,0.1,1.0,34,1.0
rftl_s_rec,10,0.1,1.0,35,1.0
rftl_s_rec,10,0.1,1.0,36,1.0
rftl_s_rec,10,0.1,1.0,37,1.0
rftl_s_rec,10,0.1,1.0,38,1.0
rftl_s_rec,10,0.1,1.0,39,1.0
rftl_s_rec,10,0.1,1.0,40,1.0
rftl_s_rec,10,0.1,1.0,41,1.0
rftl_s_rec,10,0.1,1.0,42,1.0
rftl_s_rec,10,0.1,1.0,43,1.0
rftl_s_rec,10,0.1,1.0,44,1.0
rftl_s_rec,10,0.1,1.0,45,1.0
rftl_s_rec,10,0.1,1.0,46,1.0
rftl_s_rec,10,0.1,1.0,47,1.0
rftl_s_rec,10,0.1,1.0,48,1.0
rftl_s_rec,10,0.1,1.0,49,1.0
rftl_s,10,0.1,1.0,0,0.06165397626981907
rftl_s,10,0.1,1.0,1,0.06358384489537758
rftl_s,10,0.1,1.0,2,0.06509090378342125
rftl_s,10,0.1,1.0,3,0.05461661082674192
rftl_s,10,0.1,1.0,4,0.07765364892782527
rftl_s,10,0.1,1.0,5,0.06060604594816498
rftl_s,10,0.1,1.0,6,0.0585382136088174
rftl_s,10,0.1,1.0,7,0.05415258041896528
rftl_s,10,0.1,1.0,8,0.04856664709100814
rftl_s,10,0.1,1.0,9,0.04947570925882953
rftl_s,10,0.1,1.0,10,0.07710501682684535
rftl_s,10,0.1,1.0,11,0.06988148227374837
rftl_s,10,0.1,1.0,12,0.0664673532452152
rftl_s,10,0.1,1.0,13,0.05919601219686686
rftl_s,10,0.1,1.0,14,0.06802130561205227
rftl_s,10,0.1,1.0,15,0.06109427075971131
rftl_s,10,0.1,1.0,16,0.07119691981592156
rftl_s,10,0.1,1.0,17,0.0754587593936067
rftl_s,10,0.1,1.0,18,0.055851425513431266
rftl_s,10,0.1,1.0,19,0.0454515482418808
rftl_s,10,0.1,1.0,20,0.07505969197060125
rftl_s,10,0.1,1.0,21,0.07480815616108324
rftl_s,10,0.1,1.0,22,0.06888210332312246
rftl_s,10,0.1,1.0,23,0.06836285769221002
rftl_s,10,0.1,1.0,24,0.08825022982680694
rftl_s,10,0.1,1.0,25,0.05547919367121959
rftl_s,10,0.1,1.0,26,0.05755720369253157
rftl_s,10,0.1,1.0,27,0.0668590461868451
rftl_s,10,0.1,1.0,28,0.08773364254574442
rftl_s,10,0.1,1.0,29,0.06014858479273637
rftl_s,10,0.1,1.0,30,0.07089386129182267
rftl_s,10,0.1,1.0,31,0.05964725912307811
rftl_s,10,0.1,1.0,32,0.06309481069318285
rftl_s,10,0.1,1.0,33,0.05791079712796488
rftl_s,10,0.1,1.0,34,0.07233719857361236
rftl_s,10,0.1,1.0,35,0.06427744196181794
rftl_s,10,0.1,1.0,36,0.07292950490495965
rftl_s,10,0.1,1.0,37,0.06777547058566122
rftl_s,10,0.1,1.0,38,0.07896484541653942
rftl_s,10,0.1,1.0,39,0.07565313146724015
rftl_s,10,0.1,1.0,40,0.04027831627635674
rftl_s,10,0.1,1.0,41,0.07617022009611192
rftl_s,10,0.1,1.0,42,0.0720692533361507
rftl_s,10,0.1,1.0,43,0.0656243411422684
rftl_s,10,0.1,1.0,44,0.055815416958461025
rftl_s,10,0.1,1.0,45,0.04847850599713968
rftl_s,10,0.1,1.0,46,0.08762216794041167
rftl_s,10,0.1,1.0,47,0.07875897290975002
rftl_s,10,0.1,1.0,48,0.06463724428680132
rftl_s,10,0.1,1.0,49,0.04916064794815785
rftl_s_prec,10,0.1,1.345,0,0.25
rftl_s_prec,10,0.1,1.345,1,0.2564102564102564
rftl_s_prec,10,0.1,1.345,2,0.2857142857142857
rftl_s_prec,10,0.1,1.345,3,0.2857142857142857
rftl_s_prec,10,0.1,1.345,4,0.3225806451612903
rftl_s_prec,10,0.1,1.345,5,0.2631578947368421
rftl_s_prec,10,0.1,1.345,6,0.3448275862068966
rftl_s_prec,10,0.1,1.345,7,0.3225806451612903
rftl_s_prec,10,0.1,1.345,8,0.30303030303030304
rftl_s_prec,10,0.1,1.345,9,0.29411764705882354
rftl_s_prec,10,0.1,1.345,10,0.37037037037037035
rftl_s_prec,10,0.1,1.345,11,0.30303030303030304
rftl_s_prec,10,0.1,1.345,12,0.2702702702702703
rftl_s_prec,10,0.1,1.345,13,0.35714285714285715
rftl_s_prec,10,0.1,1.345,14,0.30303030303030304
rftl_s_prec,10,0.1,1.345,15,0.37037037037037035
rftl_s_prec,10,0.1,1.345,16,0.3448275862068966
rftl_s_prec,10,0.1,1.345,17,0.2777777777777778
rftl_s_prec,10,0.1,1.345,18,0.2857142857142857
rftl_s_prec,10,0.1,1.345,19,0.37037037037037035
rftl_s_prec,10,0.1,1.345,20,0.43478260869565216
rftl_s_prec,10,0.1,1.345,21,0.3333333333333333
rftl_s_prec,10,0.1,1.345,22,0.2702702702702703
rftl_s_prec,10,0.1,1.345,23,0.3125
rftl_s_prec,10,0.1,1.345,24,0.3333333333333333
rftl_s_prec,10,0.1,1.345,25,0.2631578947368421
rftl_s_prec,10,0.1,1.345,26,0.2702702702702703
rftl_s_prec,10,0.1,1.345,27,0.38461538461538464
rftl_s_prec,10,0.1,1.345,28,0.30303030303030304
rftl_s_prec,10,0.1,1.345,29,0.38461538461538464
rftl_s_prec,10,0.1,1.345,30,0.2857142857142857
rftl_s_prec,10,0.1,1.345,31,0.2857142857142857
rftl_s_prec,10,0.1,1.345,32,0.25
rftl_s_prec,10,0.1,1.345,33,0.3448275862068966
rftl_s_prec,10,0.1,1.345,34,0.2564102564102564
rftl_s_prec,10,0.1,1.345,35,0.3333333333333333
rftl_s_prec,10,0.1,1.345,36,0.35714285714285715
rftl_s_prec,10,0.1,1.345,37,0.3125
rftl_s_prec,10,0.1,1.345,38,0.38461538461538464
rftl_s_prec,10,0.1,1.345,39,0.30303030303030304
rftl_s_prec,10,0.1,1.345,40,0.3333333333333333
rftl_s_prec,10,0.1,1.345,41,0.29411764705882354
rftl_s_prec,10,0.1,1.345,42,0.3125
rftl_s_prec,10,0.1,1.345,43,0.37037037037037035
rftl_s_prec,10,0.1,1.345,44,0.2857142857142857
rftl_s_prec,10,0.1,1.345,45,0.29411764705882354
rftl_s_prec,10,0.1,1.345,46,0.3448275862068966
rftl_s_prec,10,0.1,1.345,47,0.2857142857142857
rftl_s_prec,10,0.1,1.345,48,0.3225806451612903
rftl_s_prec,10,0.1,1.345,49,0.3225806451612903
rftl_s_rec,10,0.1,1.345,0,1.0
rftl_s_rec,10,0.1,1.345,1,1.0
rftl_s_rec,10,0.1,1.345,2,1.0
rftl_s_rec,10,0.1,1.345,3,1.0
rftl_s_rec,10,0.1,1.345,4,1.0
rftl_s_rec,10,0.1,1.345,5,1.0
rftl_s_rec,10,0.1,1.345,6,1.0
rftl_s_rec,10,0.1,1.345,7,1.0
rftl_s_rec,10,0.1,1.345,8,1.0
rftl_s_rec,10,0.1,1.345,9,1.0
rftl_s_rec,10,0.1,1.345,10,1.0
rftl_s_rec,10,0.1,1.345,11,1.0
rftl_s_rec,10,0.1,1.345,12,1.0
rftl_s_rec,10,0.1,1.345,13,1.0
rftl_s_rec,10,0.1,1.345,14,1.0
rftl_s_rec,10,0.1,1.345,15,1.0
rftl_s_rec,10,0.1,1.345,16,1.0
rftl_s_rec,10,0.1,1.345,17,1.0
rftl_s_rec,10,0.1,1.345,18,1.0
rftl_s_rec,10,0.1,1.345,19,1.0
rftl_s_rec,10,0.1,1.345,20,1.0
rftl_s_rec,10,0.1,1.345,21,1.0
rftl_s_rec,10,0.1,1.345,22,1.0
rftl_s_rec,10,0.1,1.345,23,1.0
rftl_s_rec,10,0.1,1.345,24,1.0
rftl_s_rec,10,0.1,1.345,25,1.0
rftl_s_rec,10,0.1,1.345,26,1.0
rftl_s_rec,10,0.1,1.345,27,1.0
rftl_s_rec,10,0.1,1.345,28,1.0
rftl_s_rec,10,0.1,1.345,29,1.0
rftl_s_rec,10,0.1,1.345,30,1.0
rftl_s_rec,10,0.1,1.345,31,1.0
rftl_s_rec,10,0.1,1.345,32,1.0
rftl_s_rec,10,0.1,1.345,33,1.0
rftl_s_rec,10,0.1,1.345,34,1.0
rftl_s_rec,10,0.1,1.345,35,1.0
rftl_s_rec,10,0.1,1.345,36,1.0
rftl_s_rec,10,0.1,1.345,37,1.0
rftl_s_rec,10,0.1,1.345,38,1.0
rftl_s_rec,10,0.1,1.345,39,1.0
rftl_s_rec,10,0.1,1.345,40,1.0
rftl_s_rec,10,0.1,1.345,41,1.0
rftl_s_rec,10,0.1,1.345,42,1.0
rftl_s_rec,10,0.1,1.345,43,1.0
rftl_s_rec,10,0.1,1.345,44,1.0
rftl_s_rec,10,0.1,1.345,45,1.0
rftl_s_rec,10,0.1,1.345,46,1.0
rftl_s_rec,10,0.1,1.345,47,1.0
rftl_s_rec,10,0.1,1.345,48,1.0
rftl_s_rec,10,0.1,1.345,49,1.0
rftl_s,10,0.1,1.345,0,0.05258690335184721
rftl_s,10,0.1,1.345,1,0.039680354144893924
rftl_s,10,0.1,1.345,2,0.07261587264441881
rftl_s,10,0.1,1.345,3,0.04726219484082814
rftl_s,10,0.1,1.345,4,0.06799618868085687
rftl_s,10,0.1,1.345,5,0.05409204847699
rftl_s,10,0.1,1.345,6,0.03782848326901363
rftl_s,10,0.1,1.345,7,0.06273688247876194
rftl_s,10,0.1,1.345,8,0.07061656595996425
rftl_s,10,0.1,1.345,9,0.07146991986484343
rftl_s,10,0.1,1.345,10,0.05101707980423709
rftl_s,10,0.1,1.345,11,0.0769343965032636
rftl_s,10,0.1,1.345,12,0.052942911504533355
rftl_s,10,0.1,1.345,13,0.061444751519435355
rftl_s,10,0.1,1.345,14,0.06315984172210122
rftl_s,10,0.1,1.345,15,0.06553221479248478
rftl_s,10,0.1,1.345,16,0.05274851070592431
rftl_s,10,0.1,1.345,17,0.05423476421357057
rftl_s,10,0.1,1.345,18,0.06454330457363584
rftl_s,10,0.1,1.345,19,0.0536070754188919
rftl_s,10,0.1,1.345,20,0.09490183918747691
rftl_s,10,0.1,1.345,21,0.0886772557201806
rftl_s,10,0.1,1.345,22,0.08002846268249938
rftl_s,10,0.1,1.345,23,0.04555970887084064
rftl_s,10,0.1,1.345,24,0.058838250424948356
rftl_s,10,0.1,1.345,25,0.049194976180167396
rftl_s,10,0.1,1.345,26,0.04925253611798523
rftl_s,10,0.1,1.345,27,0.08818367335888819
rftl_s,10,0.1,1.345,28,0.05649834886433101
rftl_s,10,0.1,1.345,29,0.04644535573154733
rftl_s,10,0.1,1.345,30,0.06563432335822214
rftl_s,10,0.1,1.345,31,0.058120853510475544
rftl_s,10,0.1,1.345,32,0.04603249475770721
rftl_s,10,0.1,1.345,33,0.049293737428477175
rftl_s,10,0.1,1.345,34,0.08200056676295203
rftl_s,10,0.1,1.345,35,0.05125952208384357
rftl_s,10,0.1,1.345,36,0.08897063930310517
rftl_s,10,0.1,1.345,37,0.06897496541610229
rftl_s,10,0.1,1.345,38,0.07137173656476888
rftl_s,10,0.1,1.345,39,0.048873824001027355
rftl_s,10,0.1,1.345,40,0.049676344262401126
rftl_s,10,0.1,1.345,41,0.0864711956187001
rftl_s,10,0.1,1.345,42,0.0690120176776224
rftl_s,10,0.1,1.345,43,0.06761230277777014
rftl_s,10,0.1,1.345,44,0.048812072754220635
rftl_s,10,0.1,1.345,45,0.08104490859930744
rftl_s,10,0.1,1.345,46,0.07812555127852569
rftl_s,10,0.1,1.345,47,0.06640309739304065
rftl_s,10,0.1,1.345,48,0.08481162925516465
rftl_s,10,0.1,1.345,49,0.07267616089451091
rftl_s_prec,10,0.1,2.0,0,0.38461538461538464
rftl_s_prec,10,0.1,2.0,1,0.3448275862068966
rftl_s_prec,10,0.1,2.0,2,0.5263157894736842
rftl_s_prec,10,0.1,2.0,3,0.625
rftl_s_prec,10,0.1,2.0,4,0.8333333333333334
rftl_s_prec,10,0.1,2.0,5,0.6666666666666666
rftl_s_prec,10,0.1,2.0,6,0.8333333333333334
rftl_s_prec,10,0.1,2.0,7,1.0
rftl_s_prec,10,0.1,2.0,8,0.6666666666666666
rftl_s_prec,10,0.1,2.0,9,0.4166666666666667
rftl_s_prec,10,0.1,2.0,10,0.7692307692307693
rftl_s_prec,10,0.1,2.0,11,0.5882352941176471
rftl_s_prec,10,0.1,2.0,12,0.5
rftl_s_prec,10,0.1,2.0,13,0.7692307692307693
rftl_s_prec,10,0.1,2.0,14,0.7692307692307693
rftl_s_prec,10,0.1,2.0,15,0.9090909090909091
rftl_s_prec,10,0.1,2.0,16,0.8333333333333334
rftl_s_prec,10,0.1,2.0,17,0.625
rftl_s_prec,10,0.1,2.0,18,0.4
rftl_s_prec,10,0.1,2.0,19,0.7692307692307693
rftl_s_prec,10,0.1,2.0,20,1.0
rftl_s_prec,10,0.1,2.0,21,0.625
rftl_s_prec,10,0.1,2.0,22,0.5555555555555556
rftl_s_prec,10,0.1,2.0,23,0.9090909090909091
rftl_s_prec,10,0.1,2.0,24,0.5263157894736842
rftl_s_prec,10,0.1,2.0,25,0.35714285714285715
rftl_s_prec,10,0.1,2.0,26,0.5555555555555556
rftl_s_prec,10,0.1,2.0,27,0.8333333333333334
rftl_s_prec,10,0.1,2.0,28,1.0
rftl_s_prec,10,0.1,2.0,29,0.8333333333333334
rftl_s_prec,10,0.1,2.0,30,0.5882352941176471
rftl_s_prec,10,0.1,2.0,31,0.6666666666666666
rftl_s_prec,10,0.1,2.0,32,0.43478260869565216
rftl_s_prec,10,0.1,2.0,33,0.7142857142857143
rftl_s_prec,10,0.1,2.0,34,0.47619047619047616
rftl_s_prec,10,0.1,2.0,35,0.7142857142857143
rftl_s_prec,10,0.1,2.0,36,0.6666666666666666
rftl_s_prec,10,0.1,2.0,37,0.9090909090909091
rftl_s_prec,10,0.1,2.0,38,0.7692307692307693
rftl_s_prec,10,0.1,2.0,39,0.5
rftl_s_prec,10,0.1,2.0,40,0.7142857142857143
rftl_s_prec,10,0.1,2.0,41,0.6666666666666666
rftl_s_prec,10,0.1,2.0,42,0.5882352941176471
rftl_s_prec,10,0.1,2.0,43,0.5882352941176471
rftl_s_prec,10,0.1,2.0,44,0.47619047619047616
rftl_s_prec,10,0.1,2.0,45,0.7692307692307693
rftl_s_prec,10,0.1,2.0,46,0.8333333333333334
rftl_s_prec,10,0.1,2.0,47,0.5
rftl_s_prec,10,0.1,2.0,48,0.5
rftl_s_prec,10,0.1,2.0,49,0.6666666666666666
rftl_s_rec,10,0.1,2.0,0,1.0
rftl_s_rec,10,0.1,2.0,1,1.0
rftl_s_rec,10,0.1,2.0,2,1.0
rftl_s_rec,10,0.1,2.0,3,1.0
rftl_s_rec,10,0.1,2.0,4,1.0
rftl_s_rec,10,0.1,2.0,5,1.0
rftl_s_rec,10,0.1,2.0,6,1.0
rftl_s_rec,10,0.1,2.0,7,1.0
rftl_s_rec,10,0.1,2.0,8,1.0
rftl_s_rec,10,0.1,2.0,9,1.0
rftl_s_rec,10,0.1,2.0,10,1.0
rftl_s_rec,10,0.1,2.0,11,1.0
rftl_s_rec,10,0.1,2.0,12,1.0
rftl_s_rec,10,0.1,2.0,13,1.0
rftl_s_rec,10,0.1,2.0,14,1.0
rftl_s_rec,10,0.1,2.0,15,1.0
rftl_s_rec,10,0.1,2.0,16,1.0
rftl_s_rec,10,0.1,2.0,17,1.0
rftl_s_rec,10,0.1,2.0,18,1.0
rftl_s_rec,10,0.1,2.0,19,1.0
rftl_s_rec,10,0.1,2.0,20,1.0
rftl_s_rec,10,0.1,2.0,21,1.0
rftl_s_rec,10,0.1,2.0,22,1.0
rftl_s_rec,10,0.1,2.0,23,1.0
rftl_s_rec,10,0.1,2.0,24,1.0
rftl_s_rec,10,0.1,2.0,25,1.0
rftl_s_rec,10,0.1,2.0,26,1.0
rftl_s_rec,10,0.1,2.0,27,1.0
rftl_s_rec,10,0.1,2.0,28,1.0
rftl_s_rec,10,0.1,2.0,29,1.0
rftl_s_rec,10,0.1,2.0,30,1.0
rftl_s_rec,10,0.1,2.0,31,1.0
rftl_s_rec,10,0.1,2.0,32,1.0
rftl_s_rec,10,0.1,2.0,33,1.0
rftl_s_rec,10,0.1,2.0,34,1.0
rftl_s_rec,10,0.1,2.0,35,1.0
rftl_s_rec,10,0.1,2.0,36,1.0
rftl_s_rec,10,0.1,2.0,37,1.0
rftl_s_rec,10,0.1,2.0,38,1.0
rftl_s_rec,10,0.1,2.0,39,1.0
rftl_s_rec,10,0.1,2.0,40,1.0
rftl_s_rec,10,0.1,2.0,41,1.0
rftl_s_rec,10,0.1,2.0,42,1.0
rftl_s_rec,10,0.1,2.0,43,1.0
rftl_s_rec,10,0.1,2.0,44,1.0
rftl_s_rec,10,0.1,2.0,45,1.0
rftl_s_rec,10,0.1,2.0,46,1.0
rftl_s_rec,10,0.1,2.0,47,1.0
rftl_s_rec,10,0.1,2.0,48,1.0
rftl_s_rec,10,0.1,2.0,49,1.0
rftl_s,10,0.1,2.0,0,0.03827741967004202
rftl_s,10,0.1,2.0,1,0.05759579685639855
rftl_s,10,0.1,2.0,2,0.051239989150298
rftl_s,10,0.1,2.0,3,0.0790457433452722
rftl_s,10,0.1,2.0,4,0.07605190255053847
rftl_s,10,0.1,2.0,5,0.07782894015567526
rftl_s,10,0.1,2.0,6,0.05045721851078297
rftl_s,10,0.1,2.0,7,0.05356218387412053
rftl_s,10,0.1,2.0,8,0.055032622417943024
rftl_s,10,0.1,2.0,9,0.059498652646320184
rftl_s,10,0.1,2.0,10,0.07307959398192874
rftl_s,10,0.1,2.0,11,0.07466724022040142
rftl_s,10,0.1,2.0,12,0.05757485770553775
rftl_s,10,0.1,2.0,13,0.09438534987335116
rftl_s,10,0.1,2.0,14,0.07704512121642158
rftl_s,10,0.1,2.0,15,0.04751767245074548
rftl_s,10,0.1,2.0,16,0.05378446008337633
rftl_s,10,0.1,2.0,17,0.06332002506985665
rftl_s,10,0.1,2.0,18,0.05828217524378711
rftl_s,10,0.1,2.0,19,0.07116293211029902
rftl_s,10,0.1,2.0,20,0.0691154239055569
rftl_s,10,0.1,2.0,21,0.0670075259947596
rftl_s,10,0.1,2.0,22,0.059077567546950524
rftl_s,10,0.1,2.0,23,0.04318211155014106
rftl_s,10,0.1,2.0,24,0.10296639344717216
rftl_s,10,0.1,2.0,25,0.0641376573965144
rftl_s,10,0.1,2.0,26,0.07399162075944034
rftl_s,10,0.1,2.0,27,0.06363601972178008
rftl_s,10,0.1,2.0,28,0.058764339181625054
rftl_s,10,0.1,2.0,29,0.05795726498694983
rftl_s,10,0.1,2.0,30,0.0639383814066225
rftl_s,10,0.1,2.0,31,0.07089046924022006
rftl_s,10,0.1,2.0,32,0.0694479794065413
rftl_s,10,0.1,2.0,33,0.06897491186194167
rftl_s,10,0.1,2.0,34,0.07598674440316797
rftl_s,10,0.1,2.0,35,0.0836963911763434
rftl_s,10,0.1,2.0,36,0.044711949859687836
rftl_s,10,0.1,2.0,37,0.06821071314964554
rftl_s,10,0.1,2.0,38,0.07524149822348586
rftl_s,10,0.1,2.0,39,0.05560517383521483
rftl_s,10,0.1,2.0,40,0.07316056610094053
rftl_s,10,0.1,2.0,41,0.08589078590753556
rftl_s,10,0.1,2.0,42,0.07127828951567745
rftl_s,10,0.1,2.0,43,0.05403199877199194
rftl_s,10,0.1,2.0,44,0.0688933317123217
rftl_s,10,0.1,2.0,45,0.06187226999024293
rftl_s,10,0.1,2.0,46,0.08660406643474206
rftl_s,10,0.1,2.0,47,0.08825554524892816
rftl_s,10,0.1,2.0,48,0.06315839077970159
rftl_s,10,0.1,2.0,49,0.054529486357566236
rftl_s_prec,10,0.1,3.0,0,0.9090909090909091
rftl_s_prec,10,0.1,3.0,1,0.7692307692307693
rftl_s_prec,10,0.1,3.0,2,0.9090909090909091
rftl_s_prec,10,0.1,3.0,3,1.0
rftl_s_prec,10,0.1,3.0,4,1.0
rftl_s_prec,10,0.1,3.0,5,0.8333333333333334
rftl_s_prec,10,0.1,3.0,6,1.0
rftl_s_prec,10,0.1,3.0,7,1.0
rftl_s_prec,10,0.1,3.0,8,1.0
rftl_s_prec,10,0.1,3.0,9,0.6666666666666666
rftl_s_prec,10,0.1,3.0,10,0.9090909090909091
rftl_s_prec,10,0.1,3.0,11,1.0
rftl_s_prec,10,0.1,3.0,12,0.9090909090909091
rftl_s_prec,10,0.1,3.0,13,1.0
rftl_s_prec,10,0.1,3.0,14,0.9090909090909091
rftl_s_prec,10,0.1,3.0,15,1.0
rftl_s_prec,10,0.1,3.0,16,1.0
rftl_s_prec,10,0.1,3.0,17,1.0
rftl_s_prec,10,0.1,3.0,18,0.8333333333333334
rftl_s_prec,10,0.1,3.0,19,0.9090909090909091
rftl_s_prec,10,0.1,3.0,20,1.0
rftl_s_prec,10,0.1,3.0,21,1.0
rftl_s_prec,10,0.1,3.0,22,1.0
rftl_s_prec,10,0.1,3.0,23,1.0
rftl_s_prec,10,0.1,3.0,24,0.9090909090909091
rftl_s_prec,10,0.1,3.0,25,0.6666666666666666
rftl_s_prec,10,0.1,3.0,26,1.0
rftl_s_prec,10,0.1,3.0,27,1.0
rftl_s_prec,10,0.1,3.0,28,1.0
rftl_s_prec,10,0.1,3.0,29,0.9090909090909091
rftl_s_prec,10,0.1,3.0,30,1.0
rftl_s_prec,10,0.1,3.0,31,0.9090909090909091
rftl_s_prec,10,0.1,3.0,32,1.0
rftl_s_prec,10,0.1,3.0,33,1.0
rftl_s_prec,10,0.1,3.0,34,0.9090909090909091
rftl_s_prec,10,0.1,3.0,35,1.0
rftl_s_prec,10,0.1,3.0,36,1.0
rftl_s_prec,10,0.1,3.0,37,1.0
rftl_s_prec,10,0.1,3.0,38,1.0
rftl_s_prec,10,0.1,3.0,39,1.0
rftl_s_prec,10,0.1,3.0,40,0.9090909090909091
rftl_s_prec,10,0.1,3.0,41,1.0
rftl_s_prec,10,0.1,3.0,42,1.0
rftl_s_prec,10,0.1,3.0,43,1.0
rftl_s_prec,10,0.1,3.0,44,0.9090909090909091
rftl_s_prec,10,0.1,3.0,45,1.0
rftl_s_prec,10,0.1,3.0,46,0.9090909090909091
rftl_s_prec,10,0.1,3.0,47,1.0
rftl_s_prec,10,0.1,3.0,48,0.8333333333333334
rftl_s_prec,10,0.1,3.0,49,1.0
rftl_s_rec,10,0.1,3.0,0,1.0
rftl_s_rec,10,0.1,3.0,1,1.0
rftl_s_rec,10,0.1,3.0,2,1.0
rftl_s_rec,10,0.1,3.0,3,1.0
rftl_s_rec,10,0.1,3.0,4,1.0
rftl_s_rec,10,0.1,3.0,5,1.0
rftl_s_rec,10,0.1,3.0,6,1.0
rftl_s_rec,10,0.1,3.0,7,1.0
rftl_s_rec,10,0.1,3.0,8,1.0
rftl_s_rec,10,0.1,3.0,9,1.0
rftl_s_rec,10,0.1,3.0,10,1.0
rftl_s_rec,10,0.1,3.0,11,1.0
rftl_s_rec,10,0.1,3.0,12,1.0
rftl_s_rec,10,0.1,3.0,13,1.0
rftl_s_rec,10,0.1,3.0,14,1.0
rftl_s_rec,10,0.1,3.0,15,1.0
rftl_s_rec,10,0.1,3.0,16,1.0
rftl_s_rec,10,0.1,3.0,17,1.0
rftl_s_rec,10,0.1,3.0,18,1.0
rftl_s_rec,10,0.1,3.0,19,1.0
rftl_s_rec,10,0.1,3.0,20,1.0
rftl_s_rec,10,0.1,3.0,21,1.0
rftl_s_rec,10,0.1,3.0,22,1.0
rftl_s_rec,10,0.1,3.0,23,1.0
rftl_s_rec,10,0.1,3.0,24,1.0
rftl_s_rec,10,0.1,3.0,25,1.0
rftl_s_rec,10,0.1,3.0,26,1.0
rftl_s_rec,10,0.1,3.0,27,1.0
rftl_s_rec,10,0.1,3.0,28,1.0
rftl_s_rec,10,0.1,3.0,29,1.0
rftl_s_rec,10,0.1,3.0,30,1.0
rftl_s_rec,10,0.1,3.0,31,1.0
rftl_s_rec,10,0.1,3.0,32,1.0
rftl_s_rec,10,0.1,3.0,33,1.0
rftl_s_rec,10,0.1,3.0,34,1.0
rftl_s_rec,10,0.1,3.0,35,1.0
rftl_s_rec,10,0.1,3.0,36,1.0
rftl_s_rec,10,0.1,3.0,37,1.0
rftl_s_rec,10,0.1,3.0,38,1.0
rftl_s_rec,10,0.1,3.0,39,1.0
rftl_s_rec,10,0.1,3.0,40,1.0
rftl_s_rec,10,0.1,3.0,41,1.0
rftl_s_rec,10,0.1,3.0,42,1.0
rftl_s_rec,10,0.1,3.0,43,1.0
rftl_s_rec,10,0.1,3.0,44,1.0
rftl_s_rec,10,0.1,3.0,45,1.0
rftl_s_rec,10,0.1,3.0,46,1.0
rftl_s_rec,10,0.1,3.0,47,1.0
rftl_s_rec,10,0.1,3.0,48,1.0
rftl_s_rec,10,0.1,3.0,49,1.0
rftl_s,10,0.1,3.0,0,0.04739458773264015
rftl_s,10,0.1,3.0,1,0.05475026616002011
rftl_s,10,0.1,3.0,2,0.0700739931235195
rftl_s,10,0.1,3.0,3,0.07294434146678214
rftl_s,10,0.1,3.0,4,0.045774180839204134
rftl_s,10,0.1,3.0,5,0.055267611572819585
rftl_s,10,0.1,3.0,6,0.04185408800633704
rftl_s,10,0.1,3.0,7,0.040655613011972
rftl_s,10,0.1,3.0,8,0.0690004964106369
rftl_s,10,0.1,3.0,9,0.08761542599625445
rftl_s,10,0.1,3.0,10,0.10537776896348865
rftl_s,10,0.1,3.0,11,0.06587061425661674
rftl_s,10,0.1,3.0,12,0.05811562880955148
rftl_s,10,0.1,3.0,13,0.07704568692789335
rftl_s,10,0.1,3.0,14,0.05435058295554639
rftl_s,10,0.1,3.0,15,0.062046782483092394
rftl_s,10,0.1,3.0,16,0.06020400213717182
rftl_s,10,0.1,3.0,17,0.07564401993341091
rftl_s,10,0.1,3.0,18,0.07812960653541666
rftl_s,10,0.1,3.0,19,0.07162421384986475
rftl_s,10,0.1,3.0,20,0.05674847817074418
rftl_s,10,0.1,3.0,21,0.07746853437517696
rftl_s,10,0.1,3.0,22,0.06043151901439896
rftl_s,10,0.1,3.0,23,0.06151404769297942
rftl_s,10,0.1,3.0,24,0.04493114417894107
rftl_s,10,0.1,3.0,25,0.07391732785688782
rftl_s,10,0.1,3.0,26,0.0683533255946632
rftl_s,10,0.1,3.0,27,0.05229855500814366
rftl_s,10,0.1,3.0,28,0.04135055081529027
rftl_s,10,0.1,3.0,29,0.04890773271047231
rftl_s,10,0.1,3.0,30,0.043634109991249455
rftl_s,10,0.1,3.0,31,0.05918634901417769
rftl_s,10,0.1,3.0,32,0.061992736460087274
rftl_s,10,0.1,3.0,33,0.04185370261729075
rftl_s,10,0.1,3.0,34,0.05712526189361688
rftl_s,10,0.1,3.0,35,0.06862211234402375
rftl_s,10,0.1,3.0,36,0.06455671127233324
rftl_s,10,0.1,3.0,37,0.06913344850141119
rftl_s,10,0.1,3.0,38,0.05055495206751284
rftl_s,10,0.1,3.0,39,0.06452644453651057
rftl_s,10,0.1,3.0,40,0.0582759979303996
rftl_s,10,0.1,3.0,41,0.07738786319736454
rftl_s,10,0.1,3.0,42,0.07052130018288617
rftl_s,10,0.1,3.0,43,0.06898930167352754
rftl_s,10,0.1,3.0,44,0.044556134058051325
rftl_s,10,0.1,3.0,45,0.03829158636553938
rftl_s,10,0.1,3.0,46,0.07742485788717954
rftl_s,10,0.1,3.0,47,0.06402180102002081
rftl_s,10,0.1,3.0,48,0.07052156742958822
rftl_s,10,0.1,3.0,49,0.0596177276887793
baseline,10,0.2,,0,0.06911408172724694
baseline,10,0.2,,1,0.046459309721569336
baseline,10,0.2,,2,0.07353812353898893
baseline,10,0.2,,3,0.05617317239827069
baseline,10,0.2,,4,0.05382727659075923
baseline,10,0.2,,5,0.05037411586383436
baseline,10,0.2,,6,0.038429555064969874
baseline,10,0.2,,7,0.05170054722195105
baseline,10,0.2,,8,0.05263839540408081
baseline,10,0.2,,9,0.07660380929548513
baseline,10,0.2,,10,0.060767071199207226
baseline,10,0.2,,11,0.08359507894797251
baseline,10,0.2,,12,0.04023736104728131
baseline,10,0.2,,13,0.07430182834246565
baseline,10,0.2,,14,0.06068610496469485
baseline,10,0.2,,15,0.07158030839852048
baseline,10,0.2,,16,0.05719590530551396
baseline,10,0.2,,17,0.061522416061683086
baseline,10,0.2,,18,0.08487845379437609
baseline,10,0.2,,19,0.05394878667700801
baseline,10,0.2,,20,0.047136541867692144
baseline,10,0.2,,21,0.07595604844775748
baseline,10,0.2,,22,0.04744669601493943
baseline,10,0.2,,23,0.055164105446748254
baseline,10,0.2,,24,0.06541878383035844
baseline,10,0.2,,25,0.05991329047897264
baseline,10,0.2,,26,0.049572742595319824
baseline,10,0.2,,27,0.050133511510574345
baseline,10,0.2,,28,0.07390963216517915
baseline,10,0.2,,29,0.05030655972064556
baseline,10,0.2,,30,0.06257926298378425
baseline,10,0.2,,31,0.05505301088919198
baseline,10,0.2,,32,0.050994244931269424
baseline,10,0.2,,33,0.05445001189022314
baseline,10,0.2,,34,0.05390779419561745
baseline,10,0.2,,35,0.044874291400709004
baseline,10,0.2,,36,0.057985722785603475
baseline,10,0.2,,37,0.05053325749225206
baseline,10,0.2,,38,0.06073500600888986
baseline,10,0.2,,39,0.05155905992200647
baseline,10,0.2,,40,0.0490874160338225
baseline,10,0.2,,41,0.04341201017169153
baseline,10,0.2,,42,0.0566273903036341
baseline,10,0.2,,43,0.05899284992032912
baseline,10,0.2,,44,0.06235587201063961
baseline,10,0.2,,45,0.06268818872087704
baseline,10,0.2,,46,0.054870925005765
baseline,10,0.2,,47,0.0646836038310839
baseline,10,0.2,,48,0.0477247765208441
baseline,10,0.2,,49,0.044445643038197175
rftl_s_prec,10,0.2,1.0,0,0.4
rftl_s_prec,10,0.2,1.0,1,0.4
rftl_s_prec,10,0.2,1.0,2,0.4
rftl_s_prec,10,0.2,1.0,3,0.4
rftl_s_prec,10,0.2,1.0,4,0.4
rftl_s_prec,10,0.2,1.0,5,0.4
rftl_s_prec,10,0.2,1.0,6,0.4
rftl_s_prec,10,0.2,1.0,7,0.4
rftl_s_prec,10,0.2,1.0,8,0.4
rftl_s_prec,10,0.2,1.0,9,0.4
rftl_s_prec,10,0.2,1.0,10,0.4
rftl_s_prec,10,0.2,1.0,11,0.4
rftl_s_prec,10,0.2,1.0,12,0.4
rftl_s_prec,10,0.2,1.0,13,0.4
rftl_s_prec,10,0.2,1.0,14,0.4
rftl_s_prec,10,0.2,1.0,15,0.4
rftl_s_prec,10,0.2,1.0,16,0.4
rftl_s_prec,10,0.2,1.0,17,0.4
rftl_s_prec,10,0.2,1.0,18,0.4
rftl_s_prec,10,0.2,1.0,19,0.4
rftl_s_prec,10,0.2,1.0,20,0.4
rftl_s_prec,10,0.2,1.0,21,0.4
rftl_s_prec,10,0.2,1.0,22,0.4
rftl_s_prec,10,0.2,1.0,23,0.4
rftl_s_prec,10,0.2,1.0,24,0.4
rftl_s_prec,10,0.2,1.0,25,0.4
rftl_s_prec,10,0.2,1.0,26,0.4
rftl_s_prec,10,0.2,1.0,27,0.4
rftl_s_prec,10,0.2,1.0,28,0.4
rftl_s_prec,10,0.2,1.0,29,0.4
rftl_s_prec,10,0.2,1.0,30,0.4
rftl_s_prec,10,0.2,1.0,31,0.4
rftl_s_prec,10,0.2,1.0,32,0.4
rftl_s_prec,10,0.2,1.0,33,0.4
rftl_s_prec,10,0.2,1.0,34,0.4
rftl_s_prec,10,0.2,1.0,35,0.4
rftl_s_prec,10,0.2,1.0,36,0.4
rftl_s_prec,10,0.2,1.0,37,0.4
rftl_s_prec,10,0.2,1.0,38,0.4
rftl_s_prec,10,0.2,1.0,39,0.4
rftl_s_prec,10,0.2,1.0,40,0.4
rftl_s_prec,10,0.2,1.0,41,0.4
rftl_s_prec,10,0.2,1.0,42,0.4
rftl_s_prec,10,0.2,1.0,43,0.4
rftl_s_prec,10,0.2,1.0,44,0.4
rftl_s_prec,10,0.2,1.0,45,0.4
rftl_s_prec,10,0.2,1.0,46,0.4
rftl_s_prec,10,0.2,1.0,47,0.4
rftl_s_prec,10,0.2,1.0,48,0.4
rftl_s_prec,10,0.2,1.0,49,0.4
rftl_s_rec,10,0.2,1.0,0,1.0
rftl_s_rec,10,0.2,1.0,1,1.0
rftl_s_rec,10,0.2,1.0,2,1.0
rftl_s_rec,10,0.2,1.0,3,1.0
rftl_s_rec,10,0.2,1.0,4,1.0
rftl_s_rec,10,0.2,1.0,5,1.0
rftl_s_rec,10,0.2,1.0,6,1.0
rftl_s_rec,10,0.2,1.0,7,1.0
rftl_s_rec,10,0.2,1.0,8,1.0
rftl_s_rec,10,0.2,1.0,9,1.0
rftl_s_rec,10,0.2,1.0,10,1.0
rftl_s_rec,10,0.2,1.0,11,1.0
rftl_s_rec,10,0.2,1.0,12,1.0
rftl_s_rec,10,0.2,1.0,13,1.0
rftl_s_rec,10,0.2,1.0,14,1.0
rftl_s_rec,10,0.2,1.0,15,1.0
rftl_s_rec,10,0.2,1.0,16,1.0
rftl_s_rec,10,0.2,1.0,17,1.0
rftl_s_rec,10,0.2,1.0,18,1.0
rftl_s_rec,10,0.2,1.0,19,1.0
rftl_s_rec,10,0.2,1.0,20,1.0
rftl_s_rec,10,0.2,1.0,21,1.0
rftl_s_rec,10,0.2,1.0,22,1.0
rftl_s_rec,10,0.2,1.0,23,1.0
rftl_s_rec,10,0.2,1.0,24,1.0
rftl_s_rec,10,0.2,1.0,25,1.0
rftl_s_rec,10,0.2,1.0,26,1.0
rftl_s_rec,10,0.2,1.0,27,1.0
rftl_s_rec,10,0.2,1.0,28,1.0
rftl_s_rec,10,0.2,1.0,29,1.0
rftl_s_rec,10,0.2,1.0,30,1.0
rftl_s_rec,10,0.2,1.0,31,1.0
rftl_s_rec,10,0.2,1.0,32,1.0
rftl_s_rec,10,0.2,1.0,33,1.0
rftl_s_rec,10,0.2,1.0,34,1.0
rftl_s_rec,10,0.2,1.0,35,1.0
rftl_s_rec,10,0.2,1.0,36,1.0
rftl_s_rec,10,0.2,1.0,37,1.0
rftl_s_rec,10,0.2,1.0,38,1.0
rftl_s_rec,10,0.2,1.0,39,1.0
rftl_s_rec,10,0.2,1.0,40,1.0
rftl_s_rec,10,0.2,1.0,41,1.0
rftl_s_rec,10,0.2,1.0,42,1.0
rftl_s_rec,10,0.2,1.0,43,1.0
rftl_s_rec,10,0.2,1.0,44,1.0
rftl_s_rec,10,0.2,1.0,45,1.0
rftl_s_rec,10,0.2,1.0,46,1.0
rftl_s_rec,10,0.2,1.0,47,1.0
rftl_s_rec,10,0.2,1.0,48,1.0
rftl_s_rec,10,0.2,1.0,49,1.0
rftl_s,10,0.2,1.0,0,0.0809710180772467
rftl_s,10,0.2,1.0,1,0.06907489675111161
rftl_s,10,0.2,1.0,2,0.053073053441214255
rftl_s,10,0.2,1.0,3,0.04958110391512518
rftl_s,10,0.2,1.0,4,0.04572796497797928
rftl_s,10,0.2,1.0,5,0.04558114844875265
rftl_s,10,0.2,1.0,6,0.03698071946273218
rftl_s,10,0.2,1.0,7,0.040450167330333534
rftl_s,10,0.2,1.0,8,0.04832891940175437
rftl_s,10,0.2,1.0,9,0.07358825001603637
rftl_s,10,0.2,1.0,10,0.0785299023253691
rftl_s,10,0.2,1.0,11,0.07671789457481694
rftl_s,10,0.2,1.0,12,0.04850589566627695
rftl_s,10,0.2,1.0,13,0.07087557580417814
rftl_s,10,0.2,1.0,14,0.07523692955976434
rftl_s,10,0.2,1.0,15,0.05794978464493701
rftl_s,10,0.2,1.0,16,0.04484540330213415
rftl_s,10,0.2,1.0,17,0.08387047975420446
rftl_s,10,0.2,1.0,18,0.050696546744433565
rftl_s,10,0.2,1.0,19,0.09214123739195812
rftl_s,10,0.2,1.0,20,0.1044927843325449
rftl_s,10,0.2,1.0,21,0.06861581956130287
rftl_s,10,0.2,1.0,22,0.05994179854752852
rftl_s,10,0.2,1.0,23,0.07793782005638517
rftl_s,10,0.2,1.0,24,0.0632761453991398
rftl_s,10,0.2,1.0,25,0.06800472034158915
rftl_s,10,0.2,1.0,26,0.06614052688027097
rftl_s,10,0.2,1.0,27,0.08538348252759813
rftl_s,10,0.2,1.0,28,0.08697745982104924
rftl_s,10,0.2,1.0,29,0.05009599705485398
rftl_s,10,0.2,1.0,30,0.07448621720062724
rftl_s,10,0.2,1.0,31,0.06665469986116704
rftl_s,10,0.2,1.0,32,0.0489102718424292
rftl_s,10,0.2,1.0,33,0.04173258126998713
rftl_s,10,0.2,1.0,34,0.07557013916743657
rftl_s,10,0.2,1.0,35,0.06655705547508914
rftl_s,10,0.2,1.0,36,0.05592256900275713
rftl_s,10,0.2,1.0,37,0.07427735712888599
rftl_s,10,0.2,1.0,38,0.06561485619641434
rftl_s,10,0.2,1.0,39,0.040213765471378754
rftl_s,10,0.2,1.0,40,0.08607102645762923
rftl_s,10,0.2,1.0,41,0.07046408535244984
rftl_s,10,0.2,1.0,42,0.06962074765003008
rftl_s,10,0.2,1.0,43,0.047894351309265136
rftl_s,10,0.2,1.0,44,0.07428721664103916
rftl_s,10,0.2,1.0,45,0.06377888279513506
rftl_s,10,0.2,1.0,46,0.08380279681712892
rftl_s,10,0.2,1.0,47,0.08359134056441603
rftl_s,10,0.2,1.0,48,0.056961540171948516
rftl_s,10,0.2,1.0,49,0.07510285776265604
rftl_s_prec,10,0.2,1.345,0,0.6206896551724138
rftl_s_prec,10,0.2,1.345,1,0.4864864864864865
rftl_s_prec,10,0.2,1.345,2,0.47368421052631576
rftl_s_prec,10,0.2,1.345,3,0.5142857142857142
rftl_s_prec,10,0.2,1.345,4,0.5294117647058824
rftl_s_prec,10,0.2,1.345,5,0.5625
rftl_s_prec,10,0.2,1.345,6,0.5142857142857142
rftl_s_prec,10,0.2,1.345,7,0.5625
rftl_s_prec,10,0.2,1.345,8,0.5142857142857142
rftl_s_prec,10,0.2,1.345,9,0.47368421052631576
rftl_s_prec,10,0.2,1.345,10,0.5806451612903226
rftl_s_prec,10,0.2,1.345,11,0.47368421052631576
rftl_s_prec,10,0.2,1.345,12,0.5806451612903226
rftl_s_prec,10,0.2,1.345,13,0.5294117647058824
rftl_s_prec,10,0.2,1.345,14,0.6
rftl_s_prec,10,0.2,1.345,15,0.6
rftl_s_prec,10,0.2,1.345,16,0.5294117647058824
rftl_s_prec,10,0.2,1.345,17,0.5
rftl_s_prec,10,0.2,1.345,18,0.4864864864864865
rftl_s_prec,10,0.2,1.345,19,0.5294117647058824
rftl_s_prec,10,0.2,1.345,20,0.5625
rftl_s_prec,10,0.2,1.345,21,0.5294117647058824
rftl_s_prec,10,0.2,1.345,22,0.5454545454545454
rftl_s_prec,10,0.2,1.345,23,0.4864864864864865
rftl_s_prec,10,0.2,1.345,24,0.47368421052631576
rftl_s_prec,10,0.2,1.345,25,0.46153846153846156
rftl_s_prec,10,0.2,1.345,26,0.47368421052631576
rftl_s_prec,10,0.2,1.345,27,0.5
rftl_s_prec,10,0.2,1.345,28,0.45
rftl_s_prec,10,0.2,1.345,29,0.5625
rftl_s_prec,10,0.2,1.345,30,0.5454545454545454
rftl_s_prec,10,0.2,1.345,31,0.5625
rftl_s_prec,10,0.2,1.345,32,0.5142857142857142
rftl_s_prec,10,0.2,1.345,33,0.47368421052631576
rftl_s_prec,10,0.2,1.345,34,0.4864864864864865
rftl_s_prec,10,0.2,1.345,35,0.5
rftl_s_prec,10,0.2,1.345,36,0.4864864864864865
rftl_s_prec,10,0.2,1.345,37,0.47368421052631576
rftl_s_prec,10,0.2,1.345,38,0.6666666666666666
rftl_s_prec,10,0.2,1.345,39,0.5142857142857142
rftl_s_prec,10,0.2,1.345,40,0.5806451612903226
rftl_s_prec,10,0.2,1.345,41,0.4864864864864865
rftl_s_prec,10,0.2,1.345,42,0.5142857142857142
rftl_s_prec,10,0.2,1.345,43,0.5142857142857142
rftl_s_prec,10,0.2,1.345,44,0.5142857142857142
rftl_s_prec,10,0.2,1.345,45,0.5142857142857142
rftl_s_prec,10,0.2,1.345,46,0.4864864864864865
rftl_s_prec,10,0.2,1.345,47,0.5454545454545454
rftl_s_prec,10,0.2,1.345,48,0.5
rftl_s_prec,10,0.2,1.345,49,0.5142857142857142
rftl_s_rec,10,0.2,1.345,0,1.0
rftl_s_rec,10,0.2,1.345,1,1.0
rftl_s_rec,10,0.2,1.345,2,1.0
rftl_s_rec,10,0.2,1.345,3,1.0
rftl_s_rec,10,0.2,1.345,4,1.0
rftl_s_rec,10,0.2,1.345,5,1.0
rftl_s_rec,10,0.2,1.345,6,1.0
rftl_s_rec,10,0.2,1.345,7,1.0
rftl_s_rec,10,0.2,1.345,8,1.0
rftl_s_rec,10,0.2,1.345,9,1.0
rftl_s_rec,10,0.2,1.345,10,1.0
rftl_s_rec,10,0.2,1.345,11,1.0
rftl_s_rec,10,0.2,1.345,12,1.0
rftl_s_rec,10,0.2,1.345,13,1.0
rftl_s_rec,10,0.2,1.345,14,1.0
rftl_s_rec,10,0.2,1.345,15,1.0
rftl_s_rec,10,0.2,1.345,16,1.0
rftl_s_rec,10,0.2,1.345,17,1.0
rftl_s_rec,10,0.2,1.345,18,1.0
rftl_s_rec,10,0.2,1.345,19,1.0
rftl_s_rec,10,0.2,1.345,20,1.0
rftl_s_rec,10,0.2,1.345,21,1.0
rftl_s_rec,10,0.2,1.345,22,1.0
rftl_s_rec,10,0.2,1.345,23,1.0
rftl_s_rec,10,0.2,1.345,24,1.0
rftl_s_rec,10,0.2,1.345,25,1.0
rftl_s_rec,10,0.2,1.345,26,1.0
rftl_s_rec,10,0.2,1.345,27,1.0
rftl_s_rec,10,0.2,1.345,28,1.0
rftl_s_rec,10,0.2,1.345,29,1.0
rftl_s_rec,10,0.2,1.345,30,1.0
rftl_s_rec,10,0.2,1.345,31,1.0
rftl_s_rec,10,0.2,1.345,32,1.0
rftl_s_rec,10,0.2,1.345,33,1.0
rftl_s_rec,10,0.2,1.345,34,1.0
rftl_s_rec,10,0.2,1.345,35,1.0
rftl_s_rec,10,0.2,1.345,36,1.0
rftl_s_rec,10,0.2,1.345,37,1.0
rftl_s_rec,10,0.2,1.345,38,1.0
rftl_s_rec,10,0.2,1.345,39,1.0
rftl_s_rec,10,0.2,1.345,40,1.0
rftl_s_rec,10,0.2,1.345,41,1.0
rftl_s_rec,10,0.2,1.345,42,1.0
rftl_s_rec,10,0.2,1.345,43,1.0
rftl_s_rec,10,0.2,1.345,44,1.0
rftl_s_rec,10,0.2,1.345,45,1.0
rftl_s_rec,10,0.2,1.345,46,1.0
rftl_s_rec,10,0.2,1.345,47,1.0
rftl_s_rec,10,0.2,1.345,48,1.0
rftl_s_rec,10,0.2,1.345,49,1.0
rftl_s,10,0.2,1.345,0,0.06305293220971296
rftl_s,10,0.2,1.345,1,0.05925379198123428
rftl_s,10,0.2,1.345,2,0.04387141092796866
rftl_s,10,0.2,1.345,3,0.09006683533614912
rftl_s,10,0.2,1.345,4,0.06842247358172757
rftl_s,10,0.2,1.345,5,0.05806401816687541
rftl_s,10,0.2,1.345,6,0.06661439837474925
rftl_s,10,0.2,1.345,7,0.07039877909812202
rftl_s,10,0.2,1.345,8,0.048644451551652534
rftl_s,10,0.2,1.345,9,0.06808801387760817
rftl_s,10,0.2,1.345,10,0.05197799007219322
rftl_s,10,0.2,1.345,11,0.07851784015468595
rftl_s,10,0.2,1.345,12,0.052391358957666806
rftl_s,10,0.2,1.345,13,0.0755776822679139
rftl_s,10,0.2,1.345,14,0.07614479648681088
rftl_s,10,0.2,1.345,15,0.06049192104329321
rftl_s,10,0.2,1.345,16,0.06760350730148285
rftl_s,10,0.2,1.345,17,0.061361645327431935
rftl_s,10,0.2,1.345,18,0.07667048180888321
rftl_s,10,0.2,1.345,19,0.06062180366446357
rftl_s,10,0.2,1.345,20,0.05855750569429544
rftl_s,10,0.2,1.345,21,0.08150048366722319
rftl_s,10,0.2,1.345,22,0.07168609605304806
rftl_s,10,0.2,1.345,23,0.0735407471343795
rftl_s,10,0.2,1.345,24,0.08712596352761537
rftl_s,10,0.2,1.345,25,0.07331778815832271
rftl_s,10,0.2,1.345,26,0.05038358215076673
rftl_s,10,0.2,1.345,27,0.07085301629228462
rftl_s,10,0.2,1.345,28,0.07656441870509445
rftl_s,10,0.2,1.345,29,0.05660997476936832
rftl_s,10,0.2,1.345,30,0.08962699267966587
rftl_s,10,0.2,1.345,31,0.04832975578044731
rftl_s,10,0.2,1.345,32,0.0744435202039153
rftl_s,10,0.2,1.345,33,0.061950499939822996
rftl_s,10,0.2,1.345,34,0.07586052616486796
rftl_s,10,0.2,1.345,35,0.08500545378550699
rftl_s,10,0.2,1.345,36,0.05938920553364167
rftl_s,10,0.2,1.345,37,0.06699538170910682
rftl_s,10,0.2,1.345,38,0.1010676309839016
rftl_s,10,0.2,1.345,39,0.06389640106279801
rftl_s,10,0.2,1.345,40,0.09427025045070694
rftl_s,10,0.2,1.345,41,0.06800382735182595
rftl_s,10,0.2,1.345,42,0.0510044609002598
rftl_s,10,0.2,1.345,43,0.06117256512347417
rftl_s,10,0.2,1.345,44,0.04489981696539374
rftl_s,10,0.2,1.345,45,0.06981235986408038
rftl_s,10,0.2,1.345,46,0.0784090085641628
rftl_s,10,0.2,1.345,47,0.07468835065993955
rftl_s,10,0.2,1.345,48,0.07495508316723512
rftl_s,10,0.2,1.345,49,0.062199586835354134
rftl_s_prec,10,0.2,2.0,0,0.9473684210526315
rftl_s_prec,10,0.2,2.0,1,0.6666666666666666
rftl_s_prec,10,0.2,2.0,2,0.782608695652174
rftl_s_prec,10,0.2,2.0,3,0.9473684210526315
rftl_s_prec,10,0.2,2.0,4,0.9473684210526315
rftl_s_prec,10,0.2,2.0,5,0.9
rftl_s_prec,10,0.2,2.0,6,1.0
rftl_s_prec,10,0.2,2.0,7,1.0
rftl_s_prec,10,0.2,2.0,8,0.8571428571428571
rftl_s_prec,10,0.2,2.0,9,0.75
rftl_s_prec,10,0.2,2.0,10,0.8181818181818182
rftl_s_prec,10,0.2,2.0,11,0.72
rftl_s_prec,10,0.2,2.0,12,0.9
rftl_s_prec,10,0.2,2.0,13,1.0
rftl_s_prec,10,0.2,2.0,14,0.9
rftl_s_prec,10,0.2,2.0,15,0.9473684210526315
rftl_s_prec,10,0.2,2.0,16,0.72
rftl_s_prec,10,0.2,2.0,17,0.782608695652174
rftl_s_prec,10,0.2,2.0,18,0.782608695652174
rftl_s_prec,10,0.2,2.0,19,1.0
rftl_s_prec,10,0.2,2.0,20,0.9473684210526315
rftl_s_prec,10,0.2,2.0,21,0.6923076923076923
rftl_s_prec,10,0.2,2.0,22,0.72
rftl_s_prec,10,0.2,2.0,23,0.9473684210526315
rftl_s_prec,10,0.2,2.0,24,0.8181818181818182
rftl_s_prec,10,0.2,2.0,25,0.5625
rftl_s_prec,10,0.2,2.0,26,0.6666666666666666
rftl_s_prec,10,0.2,2.0,27,0.8181818181818182
rftl_s_prec,10,0.2,2.0,28,0.72
rftl_s_prec,10,0.2,2.0,29,1.0
rftl_s_prec,10,0.2,2.0,30,0.72
rftl_s_prec,10,0.2,2.0,31,0.9473684210526315
rftl_s_prec,10,0.2,2.0,32,0.9473684210526315
rftl_s_prec,10,0.2,2.0,33,0.9
rftl_s_prec,10,0.2,2.0,34,0.9
rftl_s_prec,10,0.2,2.0,35,0.8571428571428571
rftl_s_prec,10,0.2,2.0,36,0.72
rftl_s_prec,10,0.2,2.0,37,1.0
rftl_s_prec,10,0.2,2.0,38,0.9473684210526315
rftl_s_prec,10,0.2,2.0,39,0.8181818181818182
rftl_s_prec,10,0.2,2.0,40,0.9473684210526315
rftl_s_prec,10,0.2,2.0,41,0.75
rftl_s_prec,10,0.2,2.0,42,0.9
rftl_s_prec,10,0.2,2.0,43,0.9
rftl_s_prec,10,0.2,2.0,44,0.9473684210526315
rftl_s_prec,10,0.2,2.0,45,0.9473684210526315
rftl_s_prec,10,0.2,2.0,46,0.782608695652174
rftl_s_prec,10,0.2,2.0,47,0.75
rftl_s_prec,10,0.2,2.0,48,0.6923076923076923
rftl_s_prec,10,0.2,2.0,49,0.782608695652174
rftl_s_rec,10,0.2,2.0,0,1.0
rftl_s_rec,10,0.2,2.0,1,1.0
rftl_s_rec,10,0.2,2.0,2,1.0
rftl_s_rec,10,0.2,2.0,3,1.0
rftl_s_rec,10,0.2,2.0,4,1.0
rftl_s_rec,10,0.2,2.0,5,1.0
rftl_s_rec,10,0.2,2.0,6,1.0
rftl_s_rec,10,0.2,2.0,7,1.0
rftl_s_rec,10,0.2,2.0,8,1.0
rftl_s_rec,10,0.2,2.0,9,1.0
rftl_s_rec,10,0.2,2.0,10,1.0
rftl_s_rec,10,0.2,2.0,11,1.0
rftl_s_rec,10,0.2,2.0,12,1.0
rftl_s_rec,10,0.2,2.0,13,1.0
rftl_s_rec,10,0.2,2.0,14,1.0
rftl_s_rec,10,0.2,2.0,15,1.0
rftl_s_rec,10,0.2,2.0,16,1.0
rftl_s_rec,10,0.2,2.0,17,1.0
rftl_s_rec,10,0.2,2.0,18,1.0
rftl_s_rec,10,0.2,2.0,19,1.0
rftl_s_rec,10,0.2,2.0,20,1.0
rftl_s_rec,10,0.2,2.0,21,1.0
rftl_s_rec,10,0.2,2.0,22,1.0
rftl_s_rec,10,0.2,2.0,23,1.0
rftl_s_rec,10,0.2,2.0,24,1.0
rftl_s_rec,10,0.2,2.0,25,1.0
rftl_s_rec,10,0.2,2.0,26,1.0
rftl_s_rec,10,0.2,2.0,27,1.0
rftl_s_rec,10,0.2,2.0,28,1.0
rftl_s_rec,10,0.2,2.0,29,1.0
rftl_s_rec,10,0.2,2.0,30,1.0
rftl_s_rec,10,0.2,2.0,31,1.0
rftl_s_rec,10,0.2,2.0,32,1.0
rftl_s_rec,10,0.2,2.0,33,1.0
rftl_s_rec,10,0.2,2.0,34,1.0
rftl_s_rec,10,0.2,2.0,35,1.0
rftl_s_rec,10,0.2,2.0,36,1.0
rftl_s_rec,10,0.2,2.0,37,1.0
rftl_s_rec,10,0.2,2.0,38,1.0
rftl_s_rec,10,0.2,2.0,39,1.0
rftl_s_rec,10,0.2,2.0,40,1.0
rftl_s_rec,10,0.2,2.0,41,1.0
rftl_s_rec,10,0.2,2.0,42,1.0
rftl_s_rec,10,0.2,2.0,43,1.0
rftl_s_rec,10,0.2,2.0,44,1.0
rftl_s_rec,10,0.2,2.0,45,1.0
rftl_s_rec,10,0.2,2.0,46,1.0
rftl_s_rec,10,0.2,2.0,47,1.0
rftl_s_rec,10,0.2,2.0,48,1.0
rftl_s_rec,10,0.2,2.0,49,1.0
rftl_s,10,0.2,2.0,0,0.06510088211966929
rftl_s,10,0.2,2.0,1,0.03433247298524081
rftl_s,10,0.2,2.0,2,0.08776378639268421
rftl_s,10,0.2,2.0,3,0.05967118643997103
rftl_s,10,0.2,2.0,4,0.05228983176491611
rftl_s,10,0.2,2.0,5,0.06400322039998528
rftl_s,10,0.2,2.0,6,0.06141942752365576
rftl_s,10,0.2,2.0,7,0.07208376810134114
rftl_s,10,0.2,2.0,8,0.06892651152520028
rftl_s,10,0.2,2.0,9,0.05221053610643757
rftl_s,10,0.2,2.0,10,0.07065488844346843
rftl_s,10,0.2,2.0,11,0.08137052445363997
rftl_s,10,0.2,2.0,12,0.03971415046473866
rftl_s,10,0.2,2.0,13,0.07506432153543831
rftl_s,10,0.2,2.0,14,0.0413857990977935
rftl_s,10,0.2,2.0,15,0.05739949700679639
rftl_s,10,0.2,2.0,16,0.051812287260478075
rftl_s,10,0.2,2.0,17,0.08933666706471384
rftl_s,10,0.2,2.0,18,0.0648930511294467
rftl_s,10,0.2,2.0,19,0.10587343778541146
rftl_s,10,0.2,2.0,20,0.04534356656958198
rftl_s,10,0.2,2.0,21,0.06972467392997475
rftl_s,10,0.2,2.0,22,0.07555619307293733
rftl_s,10,0.2,2.0,23,0.06396712731616373
rftl_s,10,0.2,2.0,24,0.048509940462598045
rftl_s,10,0.2,2.0,25,0.05519583275263032
rftl_s,10,0.2,2.0,26,0.07944578336583424
rftl_s,10,0.2,2.0,27,0.08272932329041893
rftl_s,10,0.2,2.0,28,0.08977073992153368
rftl_s,10,0.2,2.0,29,0.05734808589799229
rftl_s,10,0.2,2.0,30,0.07047995046143371
rftl_s,10,0.2,2.0,31,0.06358509427243081
rftl_s,10,0.2,2.0,32,0.0865850936445267
rftl_s,10,0.2,2.0,33,0.06213233783535656
rftl_s,10,0.2,2.0,34,0.048803057964633884
rftl_s,10,0.2,2.0,35,0.08065435598679005
rftl_s,10,0.2,2.0,36,0.07224519178307277
rftl_s,10,0.2,2.0,37,0.05112494627328775
rftl_s,10,0.2,2.0,38,0.07666662916140606
rftl_s,10,0.2,2.0,39,0.03363894676178551
rftl_s,10,0.2,2.0,40,0.08106744709841829
rftl_s,10,0.2,2.0,41,0.08307947658507288
rftl_s,10,0.2,2.0,42,0.05879375474848577
rftl_s,10,0.2,2.0,43,0.07556223751915707
rftl_s,10,0.2,2.0,44,0.07420284816649642
rftl_s,10,0.2,2.0,45,0.07732692360016805
rftl_s,10,0.2,2.0,46,0.045292519819845126
rftl_s,10,0.2,2.0,47,0.06919310756891724
rftl_s,10,0.2,2.0,48,0.060066432426496806
rftl_s,10,0.2,2.0,49,0.06500309546222265
rftl_s_prec,10,0.2,3.0,0,1.0
rftl_s_prec,10,0.2,3.0,1,1.0
rftl_s_prec,10,0.2,3.0,2,1.0
rftl_s_prec,10,0.2,3.0,3,1.0
rftl_s_prec,10,0.2,3.0,4,1.0
rftl_s_prec,10,0.2,3.0,5,1.0
rftl_s_prec,10,0.2,3.0,6,1.0
rftl_s_prec,10,0.2,3.0,7,1.0
rftl_s_prec,10,0.2,3.0,8,1.0
rftl_s_prec,10,0.2,3.0,9,1.0
rftl_s_prec,10,0.2,3.0,10,0.9473684210526315
rftl_s_prec,10,0.2,3.0,11,1.0
rftl_s_prec,10,0.2,3.0,12,1.0
rftl_s_prec,10,0.2,3.0,13,1.0
rftl_s_prec,10,0.2,3.0,14,1.0
rftl_s_prec,10,0.2,3.0,15,1.0
rftl_s_prec,10,0.2,3.0,16,1.0
rftl_s_prec,10,0.2,3.0,17,1.0
rftl_s_prec,10,0.2,3.0,18,1.0
rftl_s_prec,10,0.2,3.0,19,1.0
rftl_s_prec,10,0.2,3.0,20,1.0
rftl_s_prec,10,0.2,3.0,21,1.0
rftl_s_prec,10,0.2,3.0,22,1.0
rftl_s_prec,10,0.2,3.0,23,1.0
rftl_s_prec,10,0.2,3.0,24,0.9473684210526315
rftl_s_prec,10,0.2,3.0,25,1.0
rftl_s_prec,10,0.2,3.0,26,0.9473684210526315
rftl_s_prec,10,0.2,3.0,27,1.0
rftl_s_prec,10,0.2,3.0,28,1.0
rftl_s_prec,10,0.2,3.0,29,1.0
rftl_s_prec,10,0.2,3.0,30,1.0
rftl_s_prec,10,0.2,3.0,31,1.0
rftl_s_prec,10,0.2,3.0,32,1.0
rftl_s_prec,10,0.2,3.0,33,1.0
rftl_s_prec,10,0.2,3.0,34,1.0
rftl_s_prec,10,0.2,3.0,35,1.0
rftl_s_prec,10,0.2,3.0,36,1.0
rftl_s_prec,10,0.2,3.0,37,1.0
rftl_s_prec,10,0.2,3.0,38,1.0
rftl_s_prec,10,0.2,3.0,39,1.0
rftl_s_prec,10,0.2,3.0,40,1.0
rftl_s_prec,10,0.2,3.0,41,1.0
rftl_s_prec,10,0.2,3.0,42,0.9473684210526315
rftl_s_prec,10,0.2,3.0,43,1.0
rftl_s_prec,10,0.2,3.0,44,0.9473684210526315
rftl_s_prec,10,0.2,3.0,45,1.0
rftl_s_prec,10,0.2,3.0,46,1.0
rftl_s_prec,10,0.2,3.0,47,1.0
rftl_s_prec,10,0.2,3.0,48,0.9473684210526315
rftl_s_prec,10,0.2,3.0,49,1.0
rftl_s_rec,10,0.2,3.0,0,1.0
rftl_s_rec,10,0.2,3.0,1,1.0
rftl_s_rec,10,0.2,3.0,2,1.0
rftl_s_rec,10,0.2,3.0,3,1.0
rftl_s_rec,10,0.2,3.0,4,1.0
rftl_s_rec,10,0.2,3.0,5,1.0
rftl_s_rec,10,0.2,3.0,6,1.0
rftl_s_rec,10,0.2,3.0,7,1.0
rftl_s_rec,10,0.2,3.0,8,1.0
rftl_s_rec,10,0.2,3.0,9,1.0
rftl_s_rec,10,0.2,3.0,10,1.0
rftl_s_rec,10,0.2,3.0,11,1.0
rftl_s_rec,10,0.2,3.0,12,1.0
rftl_s_rec,10,0.2,3.0,13,1.0
rftl_s_rec,10,0.2,3.0,14,1.0
rftl_s_rec,10,0.2,3.0,15,1.0
rftl_s_rec,10,0.2,3.0,16,1.0
rftl_s_rec,10,0.2,3.0,17,1.0
rftl_s_rec,10,0.2,3.0,18,1.0
rftl_s_rec,10,0.2,3.0,19,1.0
rftl_s_rec,10,0.2,3.0,20,1.0
rftl_s_rec,10,0.2,3.0,21,1.0
rftl_s_rec,10,0.2,3.0,22,1.0
rftl_s_rec,10,0.2,3.0,23,1.0
rftl_s_rec,10,0.2,3.0,24,1.0
rftl_s_rec,10,0.2,3.0,25,1.0
rftl_s_rec,10,0.2,3.0,26,1.0
rftl_s_rec,10,0.2,3.0,27,1.0
rftl_s_rec,10,0.2,3.0,28,1.0
rftl_s_rec,10,0.2,3.0,29,1.0
rftl_s_rec,10,0.2,3.0,30,1.0
rftl_s_rec,10,0.2,3.0,31,1.0
rftl_s_rec,10,0.2,3.0,32,1.0
rftl_s_rec,10,0.2,3.0,33,1.0
rftl_s_rec,10,0.2,3.0,34,1.0
rftl_s_rec,10,0.2,3.0,35,1.0
rftl_s_rec,10,0.2,3.0,36,1.0
rftl_s_rec,10,0.2,3.0,37,1.0
rftl_s_rec,10,0.2,3.0,38,1.0
rftl_s_rec,10,0.2,3.0,39,1.0
rftl_s_rec,10,0.2,3.0,40,1.0
rftl_s_rec,10,0.2,3.0,41,1.0
rftl_s_rec,10,0.2,3.0,42,1.0
rftl_s_rec,10,0.2,3.0,43,1.0
rftl_s_rec,10,0.2,3.0,44,1.0
rftl_s_rec,10,0.2,3.0,45,1.0
rftl_s_rec,10,0.2,3.0,46,1.0
rftl_s_rec,10,0.2,3.0,47,1.0
rftl_s_rec,10,0.2,3.0,48,1.0
rftl_s_rec,10,0.2,3.0,49,1.0
rftl_s,10,0.2,3.0,0,0.06712291263920435
rftl_s,10,0.2,3.0,1,0.06451137631875209
rftl_s,10,0.2,3.0,2,0.07829202955162791
rftl_s,10,0.2,3.0,3,0.05146517918011357
rftl_s,10,0.2,3.0,4,0.08431492273834072
rftl_s,10,0.2,3.0,5,0.08688702712149947
rftl_s,10,0.2,3.0,6,0.0605665136897641
rftl_s,10,0.2,3.0,7,0.07571801394468604
rftl_s,10,0.2,3.0,8,0.07248457324667865
rftl_s,10,0.2,3.0,9,0.07350179769559792
rftl_s,10,0.2,3.0,10,0.10024364976420329
rftl_s,10,0.2,3.0,11,0.06424476928439848
rftl_s,10,0.2,3.0,12,0.07077399922321045
rftl_s,10,0.2,3.0,13,0.061229830996381865
rftl_s,10,0.2,3.0,14,0.08342059784394845
rftl_s,10,0.2,3.0,15,0.07486582820917803
rftl_s,10,0.2,3.0,16,0.05714816565483223
rftl_s,10,0.2,3.0,17,0.060867814949654986
rftl_s,10,0.2,3.0,18,0.08744935127578826
rftl_s,10,0.2,3.0,19,0.0799724131004823
rftl_s,10,0.2,3.0,20,0.07160376884229315
rftl_s,10,0.2,3.0,21,0.07670017470739635
rftl_s,10,0.2,3.0,22,0.07532829020459762
rftl_s,10,0.2,3.0,23,0.05197103166322515
rftl_s,10,0.2,3.0,24,0.048875085557384707
rftl_s,10,0.2,3.0,25,0.044099408557987184
rftl_s,10,0.2,3.0,26,0.04284459993016994
rftl_s,10,0.2,3.0,27,0.07848558696348927
rftl_s,10,0.2,3.0,28,0.06187836274560553
rftl_s,10,0.2,3.0,29,0.03952631762904359
rftl_s,10,0.2,3.0,30,0.053579440369960894
rftl_s,10,0.2,3.0,31,0.05000944293809395
rftl_s,10,0.2,3.0,32,0.051602449616343186
rftl_s,10,0.2,3.0,33,0.06904882568731882
rftl_s,10,0.2,3.0,34,0.08527018525477753
rftl_s,10,0.2,3.0,35,0.07324611803245006
rftl_s,10,0.2,3.0,36,0.0633924465345149
rftl_s,10,0.2,3.0,37,0.07426172136041886
rftl_s,10,0.2,3.0,38,0.07691564872176578
rftl_s,10,0.2,3.0,39,0.05247580774372075
rftl_s,10,0.2,3.0,40,0.06678301428455388
rftl_s,10,0.2,3.0,41,0.07388090977109284
rftl_s,10,0.2,3.0,42,0.07427526893376117
rftl_s,10,0.2,3.0,43,0.07933209171752678
rftl_s,10,0.2,3.0,44,0.06482507208698643
rftl_s,10,0.2,3.0,45,0.08070013036657747
rftl_s,10,0.2,3.0,46,0.08569983215795202
rftl_s,10,0.2,3.0,47,0.07623431266537707
rftl_s,10,0.2,3.0,48,0.05995263480665862
rftl_s,10,0.2,3.0,49,0.07985010808276304
baseline,10,0.3,,0,0.05547771993878915
baseline,10,0.3,,1,0.04507146149372465
baseline,10,0.3,,2,0.03919877440574722
baseline,10,0.3,,3,0.05833670526947343
baseline,10,0.3,,4,0.05643115322988248
baseline,10,0.3,,5,0.06034543147108011
baseline,10,0.3,,6,0.05752090022072424
baseline,10,0.3,,7,0.06233878405680035
baseline,10,0.3,,8,0.056927320528618
baseline,10,0.3,,9,0.07445989972896427
baseline,10,0.3,,10,0.07680220894260117
baseline,10,0.3,,11,0.07569169131137275
baseline,10,0.3,,12,0.051277691668062376
baseline,10,0.3,,13,0.05198120584317287
baseline,10,0.3,,14,0.051877874165497315
baseline,10,0.3,,15,0.07146096630332897
baseline,10,0.3,,16,0.04669953386384448
baseline,10,0.3,,17,0.06684416675283328
baseline,10,0.3,,18,0.04935948752268039
baseline,10,0.3,,19,0.05773194707427613
baseline,10,0.3,,20,0.06703115867998269
baseline,10,0.3,,21,0.058575853011735526
baseline,10,0.3,,22,0.06086114802336225
baseline,10,0.3,,23,0.048937584595023335
baseline,10,0.3,,24,0.03660242531423576
baseline,10,0.3,,25,0.08529115215132331
baseline,10,0.3,,26,0.050231727768513465
baseline,10,0.3,,27,0.07089255824841406
baseline,10,0.3,,28,0.05530985104063435
baseline,10,0.3,,29,0.055565201350816155
baseline,10,0.3,,30,0.06373914032586206
baseline,10,0.3,,31,0.06719750248677943
baseline,10,0.3,,32,0.055460027828964385
baseline,10,0.3,,33,0.04419531286464746
baseline,10,0.3,,34,0.04747191139641234
baseline,10,0.3,,35,0.05159387791788306
baseline,10,0.3,,36,0.07407351847292802
baseline,10,0.3,,37,0.05111601771943058
baseline,10,0.3,,38,0.06387460557385774
baseline,10,0.3,,39,0.07889950564000817
baseline,10,0.3,,40,0.056745841309312865
baseline,10,0.3,,41,0.0661419429812087
baseline,10,0.3,,42,0.05426067262897911
baseline,10,0.3,,43,0.040737489505709615
baseline,10,0.3,,44,0.05288716408953246
baseline,10,0.3,,45,0.04511430877777216
baseline,10,0.3,,46,0.07324535664060931
baseline,10,0.3,,47,0.048507312645085725
baseline,10,0.3,,48,0.07308621565120862
baseline,10,0.3,,49,0.05666124014026021
rftl_s_prec,10,0.3,1.0,0,0.6222222222222222
rftl_s_prec,10,0.3,1.0,1,0.6222222222222222
rftl_s_prec,10,0.3,1.0,2,0.6222222222222222
rftl_s_prec,10,0.3,1.0,3,0.6222222222222222
rftl_s_prec,10,0.3,1.0,4,0.6222222222222222
rftl_s_prec,10,0.3,1.0,5,0.6222222222222222
rftl_s_prec,10,0.3,1.0,6,0.6222222222222222
rftl_s_prec,10,0.3,1.0,7,0.6222222222222222
rftl_s_prec,10,0.3,1.0,8,0.6222222222222222
rftl_s_prec,10,0.3,1.0,9,0.6222222222222222
rftl_s_prec,10,0.3,1.0,10,0.6222222222222222
rftl_s_prec,10,0.3,1.0,11,0.6222222222222222
rftl_s_prec,10,0.3,1.0,12,0.6222222222222222
rftl_s_prec,10,0.3,1.0,13,0.6222222222222222
rftl_s_prec,10,0.3,1.0,14,0.6222222222222222
rftl_s_prec,10,0.3,1.0,15,0.6222222222222222
rftl_s_prec,10,0.3,1.0,16,0.6222222222222222
rftl_s_prec,10,0.3,1.0,17,0.6222222222222222
rftl_s_prec,10,0.3,1.0,18,0.6222222222222222
rftl_s_prec,10,0.3,1.0,19,0.6222222222222222
rftl_s_prec,10,0.3,1.0,20,0.6222222222222222
rftl_s_prec,10,0.3,1.0,21,0.6222222222222222
rftl_s_prec,10,0.3,1.0,22,0.6222222222222222
rftl_s_prec,10,0.3,1.0,23,0.6222222222222222
rftl_s_prec,10,0.3,1.0,24,0.6222222222222222
rftl_s_prec,10,0.3,1.0,25,0.6222222222222222
rftl_s_prec,10,0.3,1.0,26,0.6222222222222222
rftl_s_prec,10,0.3,1.0,27,0.6222222222222222
rftl_s_prec,10,0.3,1.0,28,0.6222222222222222
rftl_s_prec,10,0.3,1.0,29,0.6222222222222222
rftl_s_prec,10,0.3,1.0,30,0.6222222222222222
rftl_s_prec,10,0.3,1.0,31,0.6222222222222222
rftl_s_prec,10,0.3,1.0,32,0.6222222222222222
rftl_s_prec,10,0.3,1.0,33,0.6222222222222222
rftl_s_prec,10,0.3,1.0,34,0.6222222222222222
rftl_s_prec,10,0.3,1.0,35,0.6222222222222222
rftl_s_prec,10,0.3,1.0,36,0.6222222222222222
rftl_s_prec,10,0.3,1.0,37,0.6222222222222222
rftl_s_prec,10,0.3,1.0,38,0.6222222222222222
rftl_s_prec,10,0.3,1.0,39,0.6222222222222222
rftl_s_prec,10,0.3,1.0,40,0.6222222222222222
rftl_s_prec,10,0.3,1.0,41,0.6222222222222222
rftl_s_prec,10,0.3,1.0,42,0.6222222222222222
rftl_s_prec,10,0.3,1.0,43,0.6222222222222222
rftl_s_prec,10,0.3,1.0,44,0.6222222222222222
rftl_s_prec,10,0.3,1.0,45,0.6222222222222222
rftl_s_prec,10,0.3,1.0,46,0.6222222222222222
rftl_s_prec,10,0.3,1.0,47,0.6222222222222222
rftl_s_prec,10,0.3,1.0,48,0.6222222222222222
rftl_s_prec,10,0.3,1.0,49,0.6222222222222222
rftl_s_rec,10,0.3,1.0,0,1.0
rftl_s_rec,10,0.3,1.0,1,1.0
rftl_s_rec,10,0.3,1.0,2,1.0
rftl_s_rec,10,0.3,1.0,3,1.0
rftl_s_rec,10,0.3,1.0,4,1.0
rftl_s_rec,10,0.3,1.0,5,1.0
rftl_s_rec,10,0.3,1.0,6,1.0
rftl_s_rec,10,0.3,1.0,7,1.0
rftl_s_rec,10,0.3,1.0,8,1.0
rftl_s_rec,10,0.3,1.0,9,1.0
rftl_s_rec,10,0.3,1.0,10,1.0
rftl_s_rec,10,0.3,1.0,11,1.0
rftl_s_rec,10,0.3,1.0,12,1.0
rftl_s_rec,10,0.3,1.0,13,1.0
rftl_s_rec,10,0.3,1.0,14,1.0
rftl_s_rec,10,0.3,1.0,15,1.0
rftl_s_rec,10,0.3,1.0,16,1.0
rftl_s_rec,10,0.3,1.0,17,1.0
rftl_s_rec,10,0.3,1.0,18,1.0
rftl_s_rec,10,0.3,1.0,19,1.0
rftl_s_rec,10,0.3,1.0,20,1.0
rftl_s_rec,10,0.3,1.0,21,1.0
rftl_s_rec,10,0.3,1.0,22,1.0
rftl_s_rec,10,0.3,1.0,23,1.0
rftl_s_rec,10,0.3,1.0,24,1.0
rftl_s_rec,10,0.3,1.0,25,1.0
rftl_s_rec,10,0.3,1.0,26,1.0
rftl_s_rec,10,0.3,1.0,27,1.0
rftl_s_rec,10,0.3,1.0,28,1.0
rftl_s_rec,10,0.3,1.0,29,1.0
rftl_s_rec,10,0.3,1.0,30,1.0
rftl_s_rec,10,0.3,1.0,31,1.0
rftl_s_rec,10,0.3,1.0,32,1.0
rftl_s_rec,10,0.3,1.0,33,1.0
rftl_s_rec,10,0.3,1.0,34,1.0
rftl_s_rec,10,0.3,1.0,35,1.0
rftl_s_rec,10,0.3,1.0,36,1.0
rftl_s_rec,10,0.3,1.0,37,1.0
rftl_s_rec,10,0.3,1.0,38,1.0
rftl_s_rec,10,0.3,1.0,39,1.0
rftl_s_rec,10,0.3,1.0,40,1.0
rftl_s_rec,10,0.3,1.0,41,1.0
rftl_s_rec,10,0.3,1.0,42,1.0
rftl_s_rec,10,0.3,1.0,43,1.0
rftl_s_rec,10,0.3,1.0,44,1.0
rftl_s_rec,10,0.3,1.0,45,1.0
rftl_s_rec,10,0.3,1.0,46,1.0
rftl_s_rec,10,0.3,1.0,47,1.0
rftl_s_rec,10,0.3,1.0,48,1.0
rftl_s_rec,10,0.3,1.0,49,1.0
rftl_s,10,0.3,1.0,0,0.08842392152827233
rftl_s,10,0.3,1.0,1,0.07527787224485841
rftl_s,10,0.3,1.0,2,0.0837927463230239
rftl_s,10,0.3,1.0,3,0.058333397061856036
rftl_s,10,0.3,1.0,4,0.0456350966810766
rftl_s,10,0.3,1.0,5,0.04189980337084968
rftl_s,10,0.3,1.0,6,0.07657222599425301
rftl_s,10,0.3,1.0,7,0.09401703146177945
rftl_s,10,0.3,1.0,8,0.0662857843653563
rftl_s,10,0.3,1.0,9,0.08378324846234982
rftl_s,10,0.3,1.0,10,0.059562218193766434
rftl_s,10,0.3,1.0,11,0.07818100414788547
rftl_s,10,0.3,1.0,12,0.08086042920949597
rftl_s,10,0.3,1.0,13,0.06974306588492163
rftl_s,10,0.3,1.0,14,0.09591199911858077
rftl_s,10,0.3,1.0,15,0.07449652090674734
rftl_s,10,0.3,1.0,16,0.08636809238772421
rftl_s,10,0.3,1.0,17,0.08432491052153615
rftl_s,10,0.3,1.0,18,0.05005163174573583
rftl_s,10,0.3,1.0,19,0.045694802479138735
rftl_s,10,0.3,1.0,20,0.07659211925702158
rftl_s,10,0.3,1.0,21,0.07495366221721676
rftl_s,10,0.3,1.0,22,0.04922736116291955
rftl_s,10,0.3,1.0,23,0.09485680515796212
rftl_s,10,0.3,1.0,24,0.05019576105479553
rftl_s,10,0.3,1.0,25,0.07399519994563032
rftl_s,10,0.3,1.0,26,0.046217454537522226
rftl_s,10,0.3,1.0,27,0.07379584724192201
rftl_s,10,0.3,1.0,28,0.05347090720729517
rftl_s,10,0.3,1.0,29,0.06569206923044148
rftl_s,10,0.3,1.0,30,0.07263485716018553
rftl_s,10,0.3,1.0,31,0.05379466267887897
rftl_s,10,0.3,1.0,32,0.08344993920516271
rftl_s,10,0.3,1.0,33,0.08484820561156371
rftl_s,10,0.3,1.0,34,0.06263930024998533
rftl_s,10,0.3,1.0,35,0.08678551992804966
rftl_s,10,0.3,1.0,36,0.08717741885548451
rftl_s,10,0.3,1.0,37,0.04247630247523172
rftl_s,10,0.3,1.0,38,0.08231283948188566
rftl_s,10,0.3,1.0,39,0.07808642285977715
rftl_s,10,0.3,1.0,40,0.059072209609296066
rftl_s,10,0.3,1.0,41,0.0793456375067329
rftl_s,10,0.3,1.0,42,0.060824390830681134
rftl_s,10,0.3,1.0,43,0.06425702556190302
rftl_s,10,0.3,1.0,44,0.07309654852723182
rftl_s,10,0.3,1.0,45,0.09031860776808945
rftl_s,10,0.3,1.0,46,0.06398284948565307
rftl_s,10,0.3,1.0,47,0.07085902092966206
rftl_s,10,0.3,1.0,48,0.06965045884442152
rftl_s,10,0.3,1.0,49,0.086015933895229
rftl_s_prec,10,0.3,1.345,0,0.7777777777777778
rftl_s_prec,10,0.3,1.345,1,0.7777777777777778
rftl_s_prec,10,0.3,1.345,2,0.8235294117647058
rftl_s_prec,10,0.3,1.345,3,0.7777777777777778
rftl_s_prec,10,0.3,1.345,4,0.8484848484848485
rftl_s_prec,10,0.3,1.345,5,0.7368421052631579
rftl_s_prec,10,0.3,1.345,6,0.7
rftl_s_prec,10,0.3,1.345,7,0.9032258064516129
rftl_s_prec,10,0.3,1.345,8,0.8
rftl_s_prec,10,0.3,1.345,9,0.8235294117647058
rftl_s_prec,10,0.3,1.345,10,0.7777777777777778
rftl_s_prec,10,0.3,1.345,11,0.7777777777777778
rftl_s_prec,10,0.3,1.345,12,0.7567567567567568
rftl_s_prec,10,0.3,1.345,13,0.7368421052631579
rftl_s_prec,10,0.3,1.345,14,0.6666666666666666
rftl_s_prec,10,0.3,1.345,15,0.875
rftl_s_prec,10,0.3,1.345,16,0.7777777777777778
rftl_s_prec,10,0.3,1.345,17,0.6829268292682927
rftl_s_prec,10,0.3,1.345,18,0.8
rftl_s_prec,10,0.3,1.345,19,0.8235294117647058
rftl_s_prec,10,0.3,1.345,20,0.8
rftl_s_prec,10,0.3,1.345,21,0.7777777777777778
rftl_s_prec,10,0.3,1.345,22,0.8
rftl_s_prec,10,0.3,1.345,23,0.7
rftl_s_prec,10,0.3,1.345,24,0.8235294117647058
rftl_s_prec,10,0.3,1.345,25,0.6511627906976745
rftl_s_prec,10,0.3,1.345,26,0.9032258064516129
rftl_s_prec,10,0.3,1.345,27,0.7567567567567568
rftl_s_prec,10,0.3,1.345,28,0.7777777777777778
rftl_s_prec,10,0.3,1.345,29,0.717948717948718
rftl_s_prec,10,0.3,1.345,30,0.7567567567567568
rftl_s_prec,10,0.3,1.345,31,0.8
rftl_s_prec,10,0.3,1.345,32,0.7567567567567568
rftl_s_prec,10,0.3,1.345,33,0.8235294117647058
rftl_s_prec,10,0.3,1.345,34,0.8235294117647058
rftl_s_prec,10,0.3,1.345,35,0.717948717948718
rftl_s_prec,10,0.3,1.345,36,0.8235294117647058
rftl_s_prec,10,0.3,1.345,37,0.875
rftl_s_prec,10,0.3,1.345,38,0.8235294117647058
rftl_s_prec,10,0.3,1.345,39,0.7777777777777778
rftl_s_prec,10,0.3,1.345,40,0.8235294117647058
rftl_s_prec,10,0.3,1.345,41,0.8235294117647058
rftl_s_prec,10,0.3,1.345,42,0.7567567567567568
rftl_s_prec,10,0.3,1.345,43,0.8235294117647058
rftl_s_prec,10,0.3,1.345,44,0.8235294117647058
rftl_s_prec,10,0.3,1.345,45,0.7567567567567568
rftl_s_prec,10,0.3,1.345,46,0.8484848484848485
rftl_s_prec,10,0.3,1.345,47,0.8
rftl_s_prec,10,0.3,1.345,48,0.7777777777777778
rftl_s_prec,10,0.3,1.345,49,0.7368421052631579
rftl_s_rec,10,0.3,1.345,0,1.0
rftl_s_rec,10,0.3,1.345,1,1.0
rftl_s_rec,10,0.3,1.345,2,1.0
rftl_s_rec,10,0.3,1.345,3,1.0
rftl_s_rec,10,0.3,1.345,4,1.0
rftl_s_rec,10,0.3,1.345,5,1.0
rftl_s_rec,10,0.3,1.345,6,1.0
rftl_s_rec,10,0.3,1.345,7,1.0
rftl_s_rec,10,0.3,1.345,8,1.0
rftl_s_rec,10,0.3,1.345,9,1.0
rftl_s_rec,10,0.3,1.345,10,1.0
rftl_s_rec,10,0.3,1.345,11,1.0
rftl_s_rec,10,0.3,1.345,12,1.0
rftl_s_rec,10,0.3,1.345,13,1.0
rftl_s_rec,10,0.3,1.345,14,1.0
rftl_s_rec,10,0.3,1.345,15,1.0
rftl_s_rec,10,0.3,1.345,16,1.0
rftl_s_rec,10,0.3,1.345,17,1.0
rftl_s_rec,10,0.3,1.345,18,1.0
rftl_s_rec,10,0.3,1.345,19,1.0
rftl_s_rec,10,0.3,1.345,20,1.0
rftl_s_rec,10,0.3,1.345,21,1.0
rftl_s_rec,10,0.3,1.345,22,1.0
rftl_s_rec,10,0.3,1.345,23,1.0
rftl_s_rec,10,0.3,1.345,24,1.0
rftl_s_rec,10,0.3,1.345,25,1.0
rftl_s_rec,10,0.3,1.345,26,1.0
rftl_s_rec,10,0.3,1.345,27,1.0
rftl_s_rec,10,0.3,1.345,28,1.0
rftl_s_rec,10,0.3,1.345,29,1.0
rftl_s_rec,10,0.3,1.345,30,1.0
rftl_s_rec,10,0.3,1.345,31,1.0
rftl_s_rec,10,0.3,1.345,32,1.0
rftl_s_rec,10,0.3,1.345,33,1.0
rftl_s_rec,10,0.3,1.345,34,1.0
rftl_s_rec,10,0.3,1.345,35,1.0
rftl_s_rec,10,0.3,1.345,36,1.0
rftl_s_rec,10,0.3,1.345,37,1.0
rftl_s_rec,10,0.3,1.345,38,1.0
rftl_s_rec,10,0.3,1.345,39,1.0
rftl_s_rec,10,0.3,1.345,40,1.0
rftl_s_rec,10,0.3,1.345,41,1.0
rftl_s_rec,10,0.3,1.345,42,1.0
rftl_s_rec,10,0.3,1.345,43,1.0
rftl_s_rec,10,0.3,1.345,44,1.0
rftl_s_rec,10,0.3,1.345,45,1.0
rftl_s_rec,10,0.3,1.345,46,1.0
rftl_s_rec,10,0.3,1.345,47,1.0
rftl_s_rec,10,0.3,1.345,48,1.0
rftl_s_rec,10,0.3,1.345,49,1.0
rftl_s,10,0.3,1.345,0,0.05861789323546986
rftl_s,10,0.3,1.345,1,0.07733953765090398
rftl_s,10,0.3,1.345,2,0.05008763112601536
rftl_s,10,0.3,1.345,3,0.07901946137205738
rftl_s,10,0.3,1.345,4,0.07915874212017752
rftl_s,10,0.3,1.345,5,0.07755257614457249
rftl_s,10,0.3,1.345,6,0.07506900825714215
rftl_s,10,0.3,1.345,7,0.06285797614875065
rftl_s,10,0.3,1.345,8,0.0973523540820789
rftl_s,10,0.3,1.345,9,0.08246538590914122
rftl_s,10,0.3,1.345,10,0.09593388891265985
rftl_s,10,0.3,1.345,11,0.0661119534957528
rftl_s,10,0.3,1.345,12,0.08748190762706996
rftl_s,10,0.3,1.345,13,0.06867615589249544
rftl_s,10,0.3,1.345,14,0.08306183856446586
rftl_s,10,0.3,1.345,15,0.06955757031850349
rftl_s,10,0.3,1.345,16,0.07389093643760915
rftl_s,10,0.3,1.345,17,0.0713758919445464
rftl_s,10,0.3,1.345,18,0.0527755934510637
rftl_s,10,0.3,1.345,19,0.06485152012545817
rftl_s,10,0.3,1.345,20,0.0892242335299224
rftl_s,10,0.3,1.345,21,0.09175152598180727
rftl_s,10,0.3,1.345,22,0.04690890125598983
rftl_s,10,0.3,1.345,23,0.06501711272919067
rftl_s,10,0.3,1.345,24,0.08792039361751317
rftl_s,10,0.3,1.345,25,0.082592779511672
rftl_s,10,0.3,1.345,26,0.08980416442628877
rftl_s,10,0.3,1.345,27,0.06825627096353339
rftl_s,10,0.3,1.345,28,0.09543364647075787
rftl_s,10,0.3,1.345,29,0.05737303568913029
rftl_s,10,0.3,1.345,30,0.09420368383511103
rftl_s,10,0.3,1.345,31,0.08489066541060702
rftl_s,10,0.3,1.345,32,0.040050970018930834
rftl_s,10,0.3,1.345,33,0.061990102896823863
rftl_s,10,0.3,1.345,34,0.08476343269525546
rftl_s,10,0.3,1.345,35,0.07791116750105656
rftl_s,10,0.3,1.345,36,0.07567620387355324
rftl_s,10,0.3,1.345,37,0.03824557836510247
rftl_s,10,0.3,1.345,38,0.060517352021822575
rftl_s,10,0.3,1.345,39,0.07476814548737493
rftl_s,10,0.3,1.345,40,0.06733469096324012
rftl_s,10,0.3,1.345,41,0.07746859062000655
rftl_s,10,0.3,1.345,42,0.07944042893449445
rftl_s,10,0.3,1.345,43,0.07804775668385626
rftl_s,10,0.3,1.345,44,0.07944281879302599
rftl_s,10,0.3,1.345,45,0.07782397248424519
rftl_s,10,0.3,1.345,46,0.09859888906022819
rftl_s,10,0.3,1.345,47,0.07433235629009988
rftl_s,10,0.3,1.345,48,0.08941131227434716
rftl_s,10,0.3,1.345,49,0.07172517118806605
rftl_s_prec,10,0.3,2.0,0,1.0
rftl_s_prec,10,0.3,2.0,1,0.9655172413793104
rftl_s_prec,10,0.3,2.0,2,1.0
rftl_s_prec,10,0.3,2.0,3,1.0
rftl_s_prec,10,0.3,2.0,4,1.0
rftl_s_prec,10,0.3,2.0,5,1.0
rftl_s_prec,10,0.3,2.0,6,1.0
rftl_s_prec,10,0.3,2.0,7,1.0
rftl_s_prec,10,0.3,2.0,8,1.0
rftl_s_prec,10,0.3,2.0,9,1.0
rftl_s_prec,10,0.3,2.0,10,0.9655172413793104
rftl_s_prec,10,0.3,2.0,11,1.0
rftl_s_prec,10,0.3,2.0,12,1.0
rftl_s_prec,10,0.3,2.0,13,1.0
rftl_s_prec,10,0.3,2.0,14,1.0
rftl_s_prec,10,0.3,2.0,15,1.0
rftl_s_prec,10,0.3,2.0,16,1.0
rftl_s_prec,10,0.3,2.0,17,0.9655172413793104
rftl_s_prec,10,0.3,2.0,18,1.0
rftl_s_prec,10,0.3,2.0,19,1.0
rftl_s_prec,10,0.3,2.0,20,1.0
rftl_s_prec,10,0.3,2.0,21,1.0
rftl_s_prec,10,0.3,2.0,22,1.0
rftl_s_prec,10,0.3,2.0,23,1.0
rftl_s_prec,10,0.3,2.0,24,1.0
rftl_s_prec,10,0.3,2.0,25,0.9333333333333333
rftl_s_prec,10,0.3,2.0,26,1.0
rftl_s_prec,10,0.3,2.0,27,1.0
rftl_s_prec,10,0.3,2.0,28,1.0
rftl_s_prec,10,0.3,2.0,29,1.0
rftl_s_prec,10,0.3,2.0,30,1.0
rftl_s_prec,10,0.3,2.0,31,1.0
rftl_s_prec,10,0.3,2.0,32,1.0
rftl_s_prec,10,0.3,2.0,33,1.0
rftl_s_prec,10,0.3,2.0,34,1.0
rftl_s_prec,10,0.3,2.0,35,0.9655172413793104
rftl_s_prec,10,0.3,2.0,36,1.0
rftl_s_prec,10,0.3,2.0,37,1.0
rftl_s_prec,10,0.3,2.0,38,1.0
rftl_s_prec,10,0.3,2.0,39,1.0
rftl_s_prec,10,0.3,2.0,40,1.0
rftl_s_prec,10,0.3,2.0,41,1.0
rftl_s_prec,10,0.3,2.0,42,1.0
rftl_s_prec,10,0.3,2.0,43,1.0
rftl_s_prec,10,0.3,2.0,44,1.0
rftl_s_prec,10,0.3,2.0,45,1.0
rftl_s_prec,10,0.3,2.0,46,0.9655172413793104
rftl_s_prec,10,0.3,2.0,47,1.0
rftl_s_prec,10,0.3,2.0,48,1.0
rftl_s_prec,10,0.3,2.0,49,1.0
rftl_s_rec,10,0.3,2.0,0,1.0
rftl_s_rec,10,0.3,2.0,1,1.0
rftl_s_rec,10,0.3,2.0,2,1.0
rftl_s_rec,10,0.3,2.0,3,1.0
rftl_s_rec,10,0.3,2.0,4,1.0
rftl_s_rec,10,0.3,2.0,5,1.0
rftl_s_rec,10,0.3,2.0,6,1.0
rftl_s_rec,10,0.3,2.0,7,1.0
rftl_s_rec,10,0.3,2.0,8,1.0
rftl_s_rec,10,0.3,2.0,9,1.0
rftl_s_rec,10,0.3,2.0,10,1.0
rftl_s_rec,10,0.3,2.0,11,1.0
rftl_s_rec,10,0.3,2.0,12,1.0
rftl_s_rec,10,0.3,2.0,13,1.0
rftl_s_rec,10,0.3,2.0,14,1.0
rftl_s_rec,10,0.3,2.0,15,1.0
rftl_s_rec,10,0.3,2.0,16,1.0
rftl_s_rec,10,0.3,2.0,17,1.0
rftl_s_rec,10,0.3,2.0,18,1.0
rftl_s_rec,10,0.3,2.0,19,1.0
rftl_s_rec,10,0.3,2.0,20,1.0
rftl_s_rec,10,0.3,2.0,21,1.0
rftl_s_rec,10,0.3,2.0,22,1.0
rftl_s_rec,10,0.3,2.0,23,1.0
rftl_s_rec,10,0.3,2.0,24,1.0
rftl_s_rec,10,0.3,2.0,25,1.0
rftl_s_rec,10,0.3,2.0,26,1.0
rftl_s_rec,10,0.3,2.0,27,1.0
rftl_s_rec,10,0.3,2.0,28,1.0
rftl_s_rec,10,0.3,2.0,29,1.0
rftl_s_rec,10,0.3,2.0,30,1.0
rftl_s_rec,10,0.3,2.0,31,1.0
rftl_s_rec,10,0.3,2.0,32,1.0
rftl_s_rec,10,0.3,2.0,33,1.0
rftl_s_rec,10,0.3,2.0,34,1.0
rftl_s_rec,10,0.3,2.0,35,1.0
rftl_s_rec,10,0.3,2.0,36,1.0
rftl_s_rec,10,0.3,2.0,37,1.0
rftl_s_rec,10,0.3,2.0,38,1.0
rftl_s_rec,10,0.3,2.0,39,1.0
rftl_s_rec,10,0.3,2.0,40,1.0
rftl_s_rec,10,0.3,2.0,41,1.0
rftl_s_rec,10,0.3,2.0,42,1.0
rftl_s_rec,10,0.3,2.0,43,1.0
rftl_s_rec,10,0.3,2.0,44,1.0
rftl_s_rec,10,0.3,2.0,45,1.0
rftl_s_rec,10,0.3,2.0,46,1.0
rftl_s_rec,10,0.3,2.0,47,1.0
rftl_s_rec,10,0.3,2.0,48,1.0
rftl_s_rec,10,0.3,2.0,49,1.0
rftl_s,10,0.3,2.0,0,0.05437933073105878
rftl_s,10,0.3,2.0,1,0.061992475107952055
rftl_s,10,0.3,2.0,2,0.07555192111108947
rftl_s,10,0.3,2.0,3,0.08444759430031597
rftl_s,10,0.3,2.0,4,0.04214268124727933
rftl_s,10,0.3,2.0,5,0.0667082205649669
rftl_s,10,0.3,2.0,6,0.034995983850802735
rftl_s,10,0.3,2.0,7,0.0411786692808005
rftl_s,10,0.3,2.0,8,0.05635837578131072
rftl_s,10,0.3,2.0,9,0.0393882766322131
rftl_s,10,0.3,2.0,10,0.09191692258599111
rftl_s,10,0.3,2.0,11,0.05910726443874904
rftl_s,10,0.3,2.0,12,0.0628892502328253
rftl_s,10,0.3,2.0,13,0.05342253088646568
rftl_s,10,0.3,2.0,14,0.09378921972939112
rftl_s,10,0.3,2.0,15,0.09024268862118957
rftl_s,10,0.3,2.0,16,0.052025767731438834
rftl_s,10,0.3,2.0,17,0.0726916877079968
rftl_s,10,0.3,2.0,18,0.09650956936324255
rftl_s,10,0.3,2.0,19,0.07444755153274513
rftl_s,10,0.3,2.0,20,0.06118467529374252
rftl_s,10,0.3,2.0,21,0.07860886910655689
rftl_s,10,0.3,2.0,22,0.05573863745354661
rftl_s,10,0.3,2.0,23,0.06369246029270273
rftl_s,10,0.3,2.0,24,0.06758612334785671
rftl_s,10,0.3,2.0,25,0.08710880653008737
rftl_s,10,0.3,2.0,26,0.05134211187184717
rftl_s,10,0.3,2.0,27,0.07340306856652254
rftl_s,10,0.3,2.0,28,0.0917587094179187
rftl_s,10,0.3,2.0,29,0.07213021331037311
rftl_s,10,0.3,2.0,30,0.07363977296821418
rftl_s,10,0.3,2.0,31,0.06305539774801273
rftl_s,10,0.3,2.0,32,0.08244064190896642
rftl_s,10,0.3,2.0,33,0.07865985919391634
rftl_s,10,0.3,2.0,34,0.0622358308551483
rftl_s,10,0.3,2.0,35,0.052290565764108746
rftl_s,10,0.3,2.0,36,0.07637621144574101
rftl_s,10,0.3,2.0,37,0.053221221685509565
rftl_s,10,0.3,2.0,38,0.0937815500040591
rftl_s,10,0.3,2.0,39,0.0760689197299757
rftl_s,10,0.3,2.0,40,0.050533062146887985
rftl_s,10,0.3,2.0,41,0.04375446611694398
rftl_s,10,0.3,2.0,42,0.051188448826084525
rftl_s,10,0.3,2.0,43,0.06872058282573541
rftl_s,10,0.3,2.0,44,0.06941098074731311
rftl_s,10,0.3,2.0,45,0.06960985153696869
rftl_s,10,0.3,2.0,46,0.1067647970085355
rftl_s,10,0.3,2.0,47,0.06375713187748072
rftl_s,10,0.3,2.0,48,0.07612572456794627
rftl_s,10,0.3,2.0,49,0.045060342342750644
rftl_s_prec,10,0.3,3.0,0,1.0
rftl_s_prec,10,0.3,3.0,1,1.0
rftl_s_prec,10,0.3,3.0,2,1.0
rftl_s_prec,10,0.3,3.0,3,1.0
rftl_s_prec,10,0.3,3.0,4,1.0
rftl_s_prec,10,0.3,3.0,5,1.0
rftl_s_prec,10,0.3,3.0,6,1.0
rftl_s_prec,10,0.3,3.0,7,1.0
rftl_s_prec,10,0.3,3.0,8,1.0
rftl_s_prec,10,0.3,3.0,9,1.0
rftl_s_prec,10,0.3,3.0,10,1.0
rftl_s_prec,10,0.3,3.0,11,1.0
rftl_s_prec,10,0.3,3.0,12,1.0
rftl_s_prec,10,0.3,3.0,13,1.0
rftl_s_prec,10,0.3,3.0,14,1.0
rftl_s_prec,10,0.3,3.0,15,1.0
rftl_s_prec,10,0.3,3.0,16,1.0
rftl_s_prec,10,0.3,3.0,17,1.0
rftl_s_prec,10,0.3,3.0,18,1.0
rftl_s_prec,10,0.3,3.0,19,1.0
rftl_s_prec,10,0.3,3.0,20,1.0
rftl_s_prec,10,0.3,3.0,21,1.0
rftl_s_prec,10,0.3,3.0,22,1.0
rftl_s_prec,10,0.3,3.0,23,1.0
rftl_s_prec,10,0.3,3.0,24,1.0
rftl_s_prec,10,0.3,3.0,25,1.0
rftl_s_prec,10,0.3,3.0,26,1.0
rftl_s_prec,10,0.3,3.0,27,1.0
rftl_s_prec,10,0.3,3.0,28,1.0
rftl_s_prec,10,0.3,3.0,29,1.0
rftl_s_prec,10,0.3,3.0,30,1.0
rftl_s_prec,10,0.3,3.0,31,1.0
rftl_s_prec,10,0.3,3.0,32,1.0
rftl_s_prec,10,0.3,3.0,33,1.0
rftl_s_prec,10,0.3,3.0,34,1.0
rftl_s_prec,10,0.3,3.0,35,1.0
rftl_s_prec,10,0.3,3.0,36,1.0
rftl_s_prec,10,0.3,3.0,37,1.0
rftl_s_prec,10,0.3,3.0,38,1.0
rftl_s_prec,10,0.3,3.0,39,1.0
rftl_s_prec,10,0.3,3.0,40,1.0
rftl_s_prec,10,0.3,3.0,41,1.0
rftl_s_prec,10,0.3,3.0,42,1.0
rftl_s_prec,10,0.3,3.0,43,1.0
rftl_s_prec,10,0.3,3.0,44,1.0
rftl_s_prec,10,0.3,3.0,45,1.0
rftl_s_prec,10,0.3,3.0,46,1.0
rftl_s_prec,10,0.3,3.0,47,1.0
rftl_s_prec,10,0.3,3.0,48,1.0
rftl_s_prec,10,0.3,3.0,49,1.0
rftl_s_rec,10,0.3,3.0,0,1.0
rftl_s_rec,10,0.3,3.0,1,1.0
rftl_s_rec,10,0.3,3.0,2,1.0
rftl_s_rec,10,0.3,3.0,3,1.0
rftl_s_rec,10,0.3,3.0,4,1.0
rftl_s_rec,10,0.3,3.0,5,1.0
rftl_s_rec,10,0.3,3.0,6,1.0
rftl_s_rec,10,0.3,3.0,7,1.0
rftl_s_rec,10,0.3,3.0,8,1.0
rftl_s_rec,10,0.3,3.0,9,1.0
rftl_s_rec,10,0.3,3.0,10,1.0
rftl_s_rec,10,0.3,3.0,11,1.0
rftl_s_rec,10,0.3,3.0,12,1.0
rftl_s_rec,10,0.3,3.0,13,1.0
rftl_s_rec,10,0.3,3.0,14,1.0
rftl_s_rec,10,0.3,3.0,15,1.0
rftl_s_rec,10,0.3,3.0,16,1.0
rftl_s_rec,10,0.3,3.0,17,1.0
rftl_s_rec,10,0.3,3.0,18,1.0
rftl_s_rec,10,0.3,3.0,19,1.0
rftl_s_rec,10,0.3,3.0,20,1.0
rftl_s_rec,10,0.3,3.0,21,1.0
rftl_s_rec,10,0.3,3.0,22,1.0
rftl_s_rec,10,0.3,3.0,23,1.0
rftl_s_rec,10,0.3,3.0,24,1.0
rftl_s_rec,10,0.3,3.0,25,1.0
rftl_s_rec,10,0.3,3.0,26,1.0
rftl_s_rec,10,0.3,3.0,27,1.0
rftl_s_rec,10,0.3,3.0,28,1.0
rftl_s_rec,10,0.3,3.0,29,1.0
rftl_s_rec,10,0.3,3.0,30,1.0
rftl_s_rec,10,0.3,3.0,31,1.0
rftl_s_rec,10,0.3,3.0,32,1.0
rftl_s_rec,10,0.3,3.0,33,1.0
rftl_s_rec,10,0.3,3.0,34,1.0
rftl_s_rec,10,0.3,3.0,35,1.0
rftl_s_rec,10,0.3,3.0,36,1.0
rftl_s_rec,10,0.3,3.0,37,1.0
rftl_s_rec,10,0.3,3.0,38,1.0
rftl_s_rec,10,0.3,3.0,39,1.0
rftl_s_rec,10,0.3,3.0,40,1.0
rftl_s_rec,10,0.3,3.0,41,1.0
rftl_s_rec,10,0.3,3.0,42,1.0
rftl_s_rec,10,0.3,3.0,43,1.0
rftl_s_rec,10,0.3,3.0,44,1.0
rftl_s_rec,10,0.3,3.0,45,1.0
rftl_s_rec,10,0.3,3.0,46,1.0
rftl_s_rec,10,0.3,3.0,47,1.0
rftl_s_rec,10,0.3,3.0,48,1.0
rftl_s_rec,10,0.3,3.0,49,1.0
rftl_s,10,0.3,3.0,0,0.05599032014487905
rftl_s,10,0.3,3.0,1,0.051079658478770516
rftl_s,10,0.3,3.0,2,0.09199539156704234
rftl_s,10,0.3,3.0,3,0.08376964598617512
rftl_s,10,0.3,3.0,4,0.07718685276430735
rftl_s,10,0.3,3.0,5,0.058526020510889246
rftl_s,10,0.3,3.0,6,0.06506877265631114
rftl_s,10,0.3,3.0,7,0.053239504049553174
rftl_s,10,0.3,3.0,8,0.05468282804663707
rftl_s,10,0.3,3.0,9,0.08465758898335522
rftl_s,10,0.3,3.0,10,0.05906932829139166
rftl_s,10,0.3,3.0,11,0.05261984149250409
rftl_s,10,0.3,3.0,12,0.05274868349191407
rftl_s,10,0.3,3.0,13,0.06361976809287047
rftl_s,10,0.3,3.0,14,0.07803435333909924
rftl_s,10,0.3,3.0,15,0.07699054746046088
rftl_s,10,0.3,3.0,16,0.08634883305772216
rftl_s,10,0.3,3.0,17,0.07445494661139358
rftl_s,10,0.3,3.0,18,0.08331882939858465
rftl_s,10,0.3,3.0,19,0.05283451336254367
rftl_s,10,0.3,3.0,20,0.09963371928745422
rftl_s,10,0.3,3.0,21,0.069455992898987
rftl_s,10,0.3,3.0,22,0.0670432333012692
rftl_s,10,0.3,3.0,23,0.05993538520308317
rftl_s,10,0.3,3.0,24,0.07423577510944311
rftl_s,10,0.3,3.0,25,0.07645377507763866
rftl_s,10,0.3,3.0,26,0.06742016742609651
rftl_s,10,0.3,3.0,27,0.05251269517026288
rftl_s,10,0.3,3.0,28,0.08031759076515158
rftl_s,10,0.3,3.0,29,0.06463287265825769
rftl_s,10,0.3,3.0,30,0.08230695465954375
rftl_s,10,0.3,3.0,31,0.07672307797704514
rftl_s,10,0.3,3.0,32,0.06345125556985258
rftl_s,10,0.3,3.0,33,0.06991840198625478
rftl_s,10,0.3,3.0,34,0.07760520832683045
rftl_s,10,0.3,3.0,35,0.08255783474588846
rftl_s,10,0.3,3.0,36,0.0812735835286977
rftl_s,10,0.3,3.0,37,0.05485100245246118
rftl_s,10,0.3,3.0,38,0.0842638320636288
rftl_s,10,0.3,3.0,39,0.04715344870477343
rftl_s,10,0.3,3.0,40,0.06751708848554852
rftl_s,10,0.3,3.0,41,0.07829581587621871
rftl_s,10,0.3,3.0,42,0.05823108485013972
rftl_s,10,0.3,3.0,43,0.04350751932414965
rftl_s,10,0.3,3.0,44,0.07170747254348964
rftl_s,10,0.3,3.0,45,0.06735591649271269
rftl_s,10,0.3,3.0,46,0.08011609706105288
rftl_s,10,0.3,3.0,47,0.0637597787324767
rftl_s,10,0.3,3.0,48,0.08884220384481818
rftl_s,10,0.3,3.0,49,0.07449543354099777
