repeat,method,mode,amplitude,pi_s,block,limit_user0,far_user0,power_user0,auc_user0,det_ttf_user0,limit_user1,far_user1,power_user1,auc_user1,det_ttf_user1,limit_user2,far_user2,power_user2,auc_user2,det_ttf_user2,precision,recall
0,clean,none,0.0,0.0,0,60.85667443138638,0.42857142857142855,0.8636363636363636,0.8506493506493507,32.0,86.94328759943434,0.42857142857142855,1.0,0.96,35.0,124.27922841020879,0.5,0.9259259259259259,0.8796296296296297,36.0,,
0,baseline,hot_block,10.0,0.3,9,68.64475328324124,0.2857142857142857,0.6818181818181818,0.8246753246753247,31.0,86.8985574953351,0.42857142857142855,1.0,0.96,35.0,124.28641243965899,0.5,0.9259259259259259,0.8796296296296297,36.0,,
0,rftl_s,hot_block,10.0,0.3,9,61.24360305433889,0.42857142857142855,0.9090909090909091,0.8506493506493507,32.0,86.9374547618421,0.42857142857142855,1.0,0.96,35.0,124.2792085842044,0.5,0.9259259259259259,0.8796296296296297,36.0,1.0,1.0
0,baseline,hot_block,10.0,0.4,9,62.82582202932687,0.42857142857142855,0.8636363636363636,0.8051948051948051,32.0,86.94328758142262,0.42857142857142855,1.0,0.96,35.0,124.27922841020677,0.5,0.9259259259259259,0.8796296296296297,36.0,,
0,rftl_s,hot_block,10.0,0.4,9,62.82582202911561,0.42857142857142855,0.8636363636363636,0.8051948051948051,32.0,86.93364266031605,0.42857142857142855,1.0,0.96,35.0,124.27922841045398,0.5,0.9259259259259259,0.8796296296296297,36.0,0.0,0.0
0,baseline,hot_block,10.0,0.5,9,67.1769748492237,0.42857142857142855,0.7727272727272727,0.8571428571428571,31.0,86.95345876243096,0.42857142857142855,1.0,0.96,35.0,124.27922913081387,0.5,0.9259259259259259,0.8796296296296297,36.0,,
0,rftl_s,hot_block,10.0,0.5,9,67.17778519704777,0.42857142857142855,0.7727272727272727,0.8571428571428571,31.0,86.89498611340397,0.42857142857142855,1.0,0.96,35.0,124.27893780877767,0.5,0.9259259259259259,0.8796296296296297,36.0,0.0,0.0
0,baseline,hot_block,10.0,0.6,9,55.9830690375715,0.5714285714285714,0.9545454545454546,0.8701298701298702,32.0,86.94321314839672,0.42857142857142855,1.0,0.96,35.0,124.27922841682518,0.5,0.9259259259259259,0.8796296296296297,36.0,,
0,rftl_s,hot_block,10.0,0.6,9,55.98306893462703,0.5714285714285714,0.9545454545454546,0.8701298701298702,32.0,86.94328759947004,0.42857142857142855,1.0,0.96,35.0,124.27922841025853,0.5,0.9259259259259259,0.8796296296296297,36.0,0.0,0.0
0,baseline,hot_block,10.0,0.8,9,46.06317339211431,0.8571428571428571,1.0,0.8376623376623377,32.0,86.95185540646555,0.42857142857142855,1.0,0.96,35.0,124.27199763044976,0.5,0.9259259259259259,0.8796296296296297,36.0,,
0,rftl_s,hot_block,10.0,0.8,9,1213.7637168299707,0.0,0.0,0.7467532467532467,,171.33499239729156,0.0,0.36,0.9314285714285713,32.0,223.2419304059605,0.0,0.2962962962962963,0.736111111111111,32.0,0.0,0.0
0,baseline,hot_block,10.0,1.0,9,25.445737442211836,1.0,1.0,0.8506493506493507,32.0,86.94225480661517,0.42857142857142855,1.0,0.96,35.0,124.27922839324799,0.5,0.9259259259259259,0.8796296296296297,36.0,,
0,rftl_s,hot_block,10.0,1.0,9,25.44377845988561,1.0,1.0,0.8506493506493507,32.0,86.86144812873845,0.42857142857142855,1.0,0.96,35.0,124.2719608848109,0.5,0.9259259259259259,0.8796296296296297,36.0,0.0,0.0
0,baseline,stripe,10.0,0.6,9,64.56450572895125,0.42857142857142855,0.7727272727272727,0.8181818181818182,31.0,86.94328759945685,0.42857142857142855,1.0,0.96,35.0,124.27922841022789,0.5,0.9259259259259259,0.8796296296296297,36.0,,
0,rftl_s,stripe,10.0,0.6,9,64.56450572887324,0.42857142857142855,0.7727272727272727,0.8181818181818182,31.0,86.94328759943497,0.42857142857142855,1.0,0.96,35.0,124.27922841019848,0.5,0.9259259259259259,0.8796296296296297,36.0,0.0,0.0
1,clean,none,0.0,0.0,0,58.022201420090965,0.7142857142857143,1.0,0.8246753246753247,32.0,91.24381246307004,0.42857142857142855,0.88,0.8914285714285713,32.0,129.3767688406189,0.375,0.9259259259259259,0.9351851851851851,28.0,,
1,baseline,hot_block,10.0,0.3,9,70.40274982482468,0.14285714285714285,0.5909090909090909,0.7792207792207793,30.0,91.24381246309213,0.42857142857142855,0.88,0.8914285714285713,32.0,129.37676884064126,0.375,0.9259259259259259,0.9351851851851851,28.0,,
1,rftl_s,hot_block,10.0,0.3,9,70.40274982484212,0.14285714285714285,0.5909090909090909,0.7792207792207793,30.0,91.24381246309561,0.42857142857142855,0.88,0.8914285714285713,32.0,129.37676884063262,0.375,0.9259259259259259,0.9351851851851851,28.0,0.0,0.0
1,baseline,hot_block,10.0,0.4,9,61.85004458295815,0.7142857142857143,0.8636363636363636,0.7792207792207793,32.0,91.23431787550322,0.42857142857142855,0.88,0.8914285714285713,32.0,129.3767966115378,0.375,0.9259259259259259,0.9351851851851851,28.0,,
1,rftl_s,hot_block,10.0,0.4,9,61.85005933157693,0.7142857142857143,0.8636363636363636,0.7792207792207793,32.0,91.24362860082903,0.42857142857142855,0.88,0.8914285714285713,32.0,129.37677917584804,0.375,0.9259259259259259,0.9351851851851851,28.0,0.0,0.0
1,baseline,hot_block,10.0,0.5,9,59.8675148129537,0.7142857142857143,1.0,0.8246753246753247,32.0,91.24381246302245,0.42857142857142855,0.88,0.8914285714285713,32.0,129.37676884066778,0.375,0.9259259259259259,0.9351851851851851,28.0,,
1,rftl_s,hot_block,10.0,0.5,9,59.86751481287948,0.7142857142857143,1.0,0.8246753246753247,32.0,91.2438124631453,0.42857142857142855,0.88,0.8914285714285713,32.0,129.37676884065124,0.375,0.9259259259259259,0.9351851851851851,28.0,0.0,0.0
1,baseline,hot_block,10.0,0.6,9,57.90049679130238,0.7142857142857143,1.0,0.8116883116883117,32.0,91.24381244762304,0.42857142857142855,0.88,0.8914285714285713,32.0,129.37676884061366,0.375,0.9259259259259259,0.9351851851851851,28.0,,
1,rftl_s,hot_block,10.0,0.6,9,57.90049679129504,0.7142857142857143,1.0,0.8116883116883117,32.0,91.24381435036614,0.42857142857142855,0.88,0.8914285714285713,32.0,129.37676884063504,0.375,0.9259259259259259,0.9351851851851851,28.0,0.0,0.0
1,baseline,hot_block,10.0,0.8,9,1225.5737033366388,0.0,0.0,0.7467532467532467,,157.47767467750435,0.14285714285714285,0.6,0.8171428571428571,24.0,207.07734342451903,0.0,0.7037037037037037,0.9444444444444444,28.0,,
1,rftl_s,hot_block,10.0,0.8,9,49.50686482487849,1.0,1.0,0.8116883116883117,32.0,91.24397160805124,0.42857142857142855,0.88,0.8914285714285713,32.0,129.3767688330567,0.375,0.9259259259259259,0.9351851851851851,28.0,1.0,1.0
1,baseline,hot_block,10.0,1.0,9,24.824095775611184,1.0,1.0,0.7467532467532467,32.0,91.24524401604336,0.42857142857142855,0.88,0.8914285714285713,32.0,129.37677077645802,0.375,0.9259259259259259,0.9351851851851851,28.0,,
1,rftl_s,hot_block,10.0,1.0,9,24.826282774867934,1.0,1.0,0.7467532467532467,32.0,91.22331362349604,0.42857142857142855,0.88,0.8914285714285713,32.0,129.37677920981577,0.375,0.9259259259259259,0.9351851851851851,28.0,1.0,1.0
1,baseline,stripe,10.0,0.6,9,59.96528178554445,0.7142857142857143,1.0,0.7857142857142857,32.0,91.24381246307804,0.42857142857142855,0.88,0.8914285714285713,32.0,129.3767688406101,0.375,0.9259259259259259,0.9351851851851851,28.0,,
1,rftl_s,stripe,10.0,0.6,9,59.96528178544046,0.7142857142857143,1.0,0.7857142857142857,32.0,91.24381246314965,0.42857142857142855,0.88,0.8914285714285713,32.0,129.37676884063086,0.375,0.9259259259259259,0.9351851851851851,28.0,0.0,0.0
2,clean,none,0.0,0.0,0,54.44919441622821,0.8571428571428571,0.9545454545454546,0.6623376623376623,32.0,93.9258468716497,0.375,0.875,0.8697916666666666,31.0,135.25886407772717,0.2222222222222222,0.7692307692307693,0.9188034188034188,33.0,,
2,baseline,hot_block,10.0,0.3,9,72.98018854039462,0.14285714285714285,0.45454545454545453,0.7272727272727273,32.0,93.92584686729568,0.375,0.875,0.8697916666666666,31.0,135.25886407780789,0.2222222222222222,0.7692307692307693,0.9188034188034188,33.0,,
2,rftl_s,hot_block,10.0,0.3,9,72.98018854054168,0.14285714285714285,0.45454545454545453,0.7272727272727273,32.0,93.92584687164205,0.375,0.875,0.8697916666666666,31.0,135.25886407773154,0.2222222222222222,0.7692307692307693,0.9188034188034188,33.0,0.0,0.0
2,baseline,hot_block,10.0,0.4,9,68.47988517961464,0.2857142857142857,0.5909090909090909,0.7077922077922078,32.0,93.9258468717153,0.375,0.875,0.8697916666666666,31.0,135.2588640777712,0.2222222222222222,0.7692307692307693,0.9188034188034188,33.0,,
2,rftl_s,hot_block,10.0,0.4,9,64.26887332269962,0.5714285714285714,0.6363636363636364,0.6948051948051949,32.0,93.92584687168375,0.375,0.875,0.8697916666666666,31.0,135.25886407780587,0.2222222222222222,0.7692307692307693,0.9188034188034188,33.0,1.0,1.0
2,baseline,hot_block,10.0,0.5,9,61.76313206460478,0.5714285714285714,0.6818181818181818,0.6688311688311689,32.0,93.92672718239078,0.375,0.875,0.8697916666666666,31.0,135.25843759329774,0.2222222222222222,0.7692307692307693,0.9188034188034188,33.0,,
2,rftl_s,hot_block,10.0,0.5,9,61.728222521788645,0.5714285714285714,0.6818181818181818,0.6688311688311689,32.0,93.92584687165095,0.375,0.875,0.8697916666666666,31.0,135.25886407768212,0.2222222222222222,0.7692307692307693,0.9188034188034188,33.0,0.0,0.0
2,baseline,hot_block,10.0,0.6,9,2523.271045882728,0.0,0.0,0.6883116883116883,,284.6237018546478,0.0,0.2916666666666667,0.6406249999999999,20.0,404.4394882379054,0.0,0.15384615384615385,0.594017094017094,17.0,,
2,rftl_s,hot_block,10.0,0.6,9,61.74612768214217,0.5714285714285714,0.8181818181818182,0.7467532467532467,32.0,93.9258468717129,0.375,0.875,0.8697916666666666,31.0,135.2588640778159,0.2222222222222222,0.7692307692307693,0.9188034188034188,33.0,0.0,0.0
2,baseline,hot_block,10.0,0.8,9,47.03966973190898,0.8571428571428571,1.0,0.6883116883116883,32.0,93.9180132916105,0.375,0.875,0.8697916666666666,31.0,135.25839349367303,0.2222222222222222,0.7692307692307693,0.9188034188034188,33.0,,
2,rftl_s,hot_block,10.0,0.8,9,47.039674025092,0.8571428571428571,1.0,0.6883116883116883,32.0,93.92584687167202,0.375,0.875,0.8697916666666666,31.0,135.25886407765614,0.2222222222222222,0.7692307692307693,0.9188034188034188,33.0,0.0,0.0
2,baseline,hot_block,10.0,1.0,9,23.504495091451695,1.0,1.0,0.7142857142857143,32.0,95.1108655440607,0.375,0.875,0.8697916666666666,31.0,135.1634922994802,0.2222222222222222,0.7692307692307693,0.9188034188034188,33.0,,
2,rftl_s,hot_block,10.0,1.0,9,22.576625515179728,1.0,1.0,0.7207792207792207,32.0,93.90417175302787,0.375,0.875,0.8697916666666666,31.0,135.25965876472566,0.2222222222222222,0.7692307692307693,0.9188034188034188,33.0,1.0,1.0
2,baseline,stripe,10.0,0.6,9,54.86887437391745,0.7142857142857143,0.9545454545454546,0.6948051948051949,32.0,93.92584687168554,0.375,0.875,0.8697916666666666,31.0,135.25886407770855,0.2222222222222222,0.7692307692307693,0.9188034188034188,33.0,,
2,rftl_s,stripe,10.0,0.6,9,59.31136569713661,0.5714285714285714,0.8181818181818182,0.7012987012987013,32.0,93.9258465329259,0.375,0.875,0.8697916666666666,31.0,135.2588640777563,0.2222222222222222,0.7692307692307693,0.9188034188034188,33.0,1.0,1.0
3,clean,none,0.0,0.0,0,60.77732672174085,0.75,0.8421052631578947,0.7171052631578947,31.0,97.91489876458044,0.42857142857142855,0.88,0.822857142857143,31.0,134.0288283111031,0.5,0.9629629629629629,0.9398148148148148,30.0,,
3,baseline,hot_block,10.0,0.3,9,75.96763140438924,0.125,0.5789473684210527,0.7960526315789473,28.0,97.91489876458444,0.42857142857142855,0.88,0.822857142857143,31.0,134.02882831114107,0.5,0.9629629629629629,0.9398148148148148,30.0,,
3,rftl_s,hot_block,10.0,0.3,9,75.91910313759135,0.125,0.5789473684210527,0.7960526315789473,28.0,97.91489876459183,0.42857142857142855,0.88,0.822857142857143,31.0,134.02882831108235,0.5,0.9629629629629629,0.9398148148148148,30.0,1.0,0.5
3,baseline,hot_block,10.0,0.4,9,71.53678477791925,0.25,0.5263157894736842,0.7171052631578947,30.0,97.67645232005208,0.42857142857142855,0.88,0.8171428571428572,31.0,135.31478013135,0.5,0.9629629629629629,0.9398148148148148,30.0,,
3,rftl_s,hot_block,10.0,0.4,9,71.02471625461685,0.25,0.5263157894736842,0.7236842105263158,30.0,97.91545177083209,0.42857142857142855,0.88,0.822857142857143,31.0,134.02779014218626,0.5,0.9629629629629629,0.9398148148148148,30.0,1.0,0.125
3,baseline,hot_block,10.0,0.5,9,64.35128562363181,0.625,0.6842105263157895,0.618421052631579,30.0,97.91489876457526,0.42857142857142855,0.88,0.822857142857143,31.0,134.0288283111016,0.5,0.9629629629629629,0.9398148148148148,30.0,,
3,rftl_s,hot_block,10.0,0.5,9,64.31112971315969,0.625,0.6842105263157895,0.618421052631579,30.0,97.91461603461974,0.42857142857142855,0.88,0.822857142857143,31.0,134.0288295268512,0.5,0.9629629629629629,0.9398148148148148,30.0,1.0,0.2222222222222222
3,baseline,hot_block,10.0,0.6,9,58.218968794999526,0.625,0.9473684210526315,0.743421052631579,33.0,97.93285249092105,0.42857142857142855,0.88,0.822857142857143,31.0,134.03292205471877,0.5,0.9629629629629629,0.9398148148148148,30.0,,
3,rftl_s,hot_block,10.0,0.6,9,57.00509686309125,0.625,1.0,0.7960526315789473,33.0,97.9149971135441,0.42857142857142855,0.88,0.822857142857143,31.0,134.028828299297,0.5,0.9629629629629629,0.9398148148148148,30.0,1.0,1.0
3,baseline,hot_block,10.0,0.8,9,47.51057959248203,1.0,1.0,0.7697368421052632,33.0,97.91705384413444,0.42857142857142855,0.88,0.822857142857143,31.0,134.02885900472117,0.5,0.9629629629629629,0.9398148148148148,30.0,,
3,rftl_s,hot_block,10.0,0.8,9,47.59154279269325,1.0,1.0,0.7697368421052632,33.0,97.91489876456242,0.42857142857142855,0.88,0.822857142857143,31.0,134.02882831111697,0.5,0.9629629629629629,0.9398148148148148,30.0,1.0,0.4666666666666667
3,baseline,hot_block,10.0,1.0,9,181.20532132605908,0.0,0.21052631578947367,0.8947368421052632,18.0,129.1550893442245,0.0,0.72,0.9428571428571428,30.0,203.02435194625713,0.0,0.4444444444444444,0.9444444444444444,22.0,,
3,rftl_s,hot_block,10.0,1.0,9,25.500310707287436,1.0,1.0,0.756578947368421,33.0,97.91489876488421,0.42857142857142855,0.88,0.822857142857143,31.0,134.02882831106655,0.5,0.9629629629629629,0.9398148148148148,30.0,1.0,1.0
3,baseline,stripe,10.0,0.6,9,61.368729583762345,0.625,0.8421052631578947,0.7236842105263157,31.0,97.91489876458314,0.42857142857142855,0.88,0.822857142857143,31.0,134.02882831108565,0.5,0.9629629629629629,0.9398148148148148,30.0,,
3,rftl_s,stripe,10.0,0.6,9,61.368729583685784,0.625,0.8421052631578947,0.7236842105263157,31.0,97.91489876817312,0.42857142857142855,0.88,0.822857142857143,31.0,134.0288283110866,0.5,0.9629629629629629,0.9398148148148148,30.0,0.0,0.0
4,clean,none,0.0,0.0,0,59.71268987798087,0.2857142857142857,0.8,0.85,31.0,84.31798771026233,0.5714285714285714,1.0,0.9199999999999999,34.0,119.18249274006968,0.5,0.8518518518518519,0.912037037037037,31.0,,
4,baseline,hot_block,10.0,0.3,9,74.15483391624826,0.0,0.4,0.8785714285714286,29.0,84.3179877100522,0.5714285714285714,1.0,0.9199999999999999,34.0,119.18249274008878,0.5,0.8518518518518519,0.912037037037037,31.0,,
4,rftl_s,hot_block,10.0,0.3,9,74.15483391621697,0.0,0.4,0.8785714285714286,29.0,84.31798771026271,0.5714285714285714,1.0,0.9199999999999999,34.0,119.18249274006965,0.5,0.8518518518518519,0.912037037037037,31.0,0.0,0.0
4,baseline,hot_block,10.0,0.4,9,68.97629998088411,0.0,0.7,0.8642857142857143,31.0,84.31718869757769,0.5714285714285714,1.0,0.9199999999999999,34.0,119.18370597518846,0.5,0.8518518518518519,0.912037037037037,31.0,,
4,rftl_s,hot_block,10.0,0.4,9,68.97192264185894,0.0,0.7,0.8642857142857143,31.0,84.31798771035082,0.5714285714285714,1.0,0.9199999999999999,34.0,119.18249274007502,0.5,0.8518518518518519,0.912037037037037,31.0,0.0,0.0
4,baseline,hot_block,10.0,0.5,9,63.15870930929775,0.14285714285714285,0.85,0.9,31.0,84.31798771026486,0.5714285714285714,1.0,0.9199999999999999,34.0,119.18249273998518,0.5,0.8518518518518519,0.912037037037037,31.0,,
4,rftl_s,hot_block,10.0,0.5,9,63.15870930923599,0.14285714285714285,0.85,0.9,31.0,84.31798771026277,0.5714285714285714,1.0,0.9199999999999999,34.0,119.1824927400698,0.5,0.8518518518518519,0.912037037037037,31.0,0.0,0.0
4,baseline,hot_block,10.0,0.6,9,58.562148180143225,0.7142857142857143,0.9,0.9142857142857143,31.0,84.31798771029875,0.5714285714285714,1.0,0.9199999999999999,34.0,119.18249274007466,0.5,0.8518518518518519,0.912037037037037,31.0,,
4,rftl_s,hot_block,10.0,0.6,9,58.562148180110114,0.7142857142857143,0.9,0.9142857142857143,31.0,84.31798771026281,0.5714285714285714,1.0,0.9199999999999999,34.0,119.18249274006968,0.5,0.8518518518518519,0.912037037037037,31.0,0.0,0.0
4,baseline,hot_block,10.0,0.8,9,48.47764916304432,1.0,1.0,0.9571428571428571,32.0,86.89894965906674,0.5714285714285714,1.0,0.9314285714285715,34.0,121.74983341727551,0.375,0.8518518518518519,0.912037037037037,31.0,,
4,rftl_s,hot_block,10.0,0.8,9,54.432199971450146,0.5714285714285714,1.0,0.95,32.0,84.51214134525071,0.5714285714285714,1.0,0.9257142857142857,34.0,119.20098453290635,0.5,0.8518518518518519,0.912037037037037,31.0,1.0,1.0
4,baseline,hot_block,10.0,1.0,9,25.356902798601855,1.0,1.0,0.8928571428571429,32.0,84.31799546571615,0.5714285714285714,1.0,0.9199999999999999,34.0,119.18249274002414,0.5,0.8518518518518519,0.912037037037037,31.0,,
4,rftl_s,hot_block,10.0,1.0,9,1566.3125587188342,0.0,0.0,0.7928571428571429,,363.4919145153693,0.0,0.16,0.8457142857142856,23.0,472.43621397436505,0.0,0.2962962962962963,0.8194444444444444,23.0,0.0,0.0
4,baseline,stripe,10.0,0.6,9,59.37525521627702,0.42857142857142855,0.85,0.8857142857142858,32.0,84.3179877093769,0.5714285714285714,1.0,0.9199999999999999,34.0,119.18249274006023,0.5,0.8518518518518519,0.912037037037037,31.0,,
4,rftl_s,stripe,10.0,0.6,9,59.37525521644262,0.42857142857142855,0.85,0.8857142857142858,32.0,84.31798771025144,0.5714285714285714,1.0,0.9199999999999999,34.0,119.18249274000064,0.5,0.8518518518518519,0.912037037037037,31.0,0.0,0.0
5,clean,none,0.0,0.0,0,55.6967459032395,0.5714285714285714,0.8636363636363636,0.8571428571428571,31.0,88.73574111712293,0.42857142857142855,0.96,0.9428571428571428,37.0,119.80233922454917,0.5,1.0,0.8796296296296297,32.0,,
5,baseline,hot_block,10.0,0.3,9,67.94941484326927,0.14285714285714285,0.7727272727272727,0.8506493506493505,27.0,88.73574111707782,0.42857142857142855,0.96,0.9428571428571428,37.0,119.80233922455213,0.5,1.0,0.8796296296296297,32.0,,
5,rftl_s,hot_block,10.0,0.3,9,67.94941484327815,0.14285714285714285,0.7727272727272727,0.8506493506493505,27.0,88.73574111710992,0.42857142857142855,0.96,0.9428571428571428,37.0,119.80233922455187,0.5,1.0,0.8796296296296297,32.0,0.0,0.0
5,baseline,hot_block,10.0,0.4,9,69.24888997131846,0.14285714285714285,0.6363636363636364,0.8766233766233765,27.0,88.73109848687918,0.42857142857142855,0.96,0.9428571428571428,37.0,119.80226985795295,0.5,1.0,0.8796296296296297,32.0,,
5,rftl_s,hot_block,10.0,0.4,9,69.2281700086753,0.14285714285714285,0.6363636363636364,0.8766233766233765,27.0,88.77463383812722,0.42857142857142855,0.96,0.9428571428571428,37.0,119.80619029422712,0.5,1.0,0.8796296296296297,32.0,1.0,0.2857142857142857
5,baseline,hot_block,10.0,0.5,9,62.15958945545145,0.2857142857142857,0.7727272727272727,0.8701298701298702,30.0,88.73574111853114,0.42857142857142855,0.96,0.9428571428571428,37.0,119.80233922455764,0.5,1.0,0.8796296296296297,32.0,,
5,rftl_s,hot_block,10.0,0.5,9,57.66299171482544,0.2857142857142857,0.9090909090909091,0.8896103896103896,30.0,88.73587158178734,0.42857142857142855,0.96,0.9428571428571428,37.0,119.80233978939036,0.5,1.0,0.8796296296296297,32.0,1.0,1.0
5,baseline,hot_block,10.0,0.6,9,56.54440185673527,0.42857142857142855,0.9545454545454546,0.8441558441558442,31.0,88.73574112025187,0.42857142857142855,0.96,0.9428571428571428,37.0,119.80233922450282,0.5,1.0,0.8796296296296297,32.0,,
5,rftl_s,hot_block,10.0,0.6,9,56.544401856750724,0.42857142857142855,0.9545454545454546,0.8441558441558442,31.0,88.73574111705287,0.42857142857142855,0.96,0.9428571428571428,37.0,119.80233922451971,0.5,1.0,0.8796296296296297,32.0,0.0,0.0
5,baseline,hot_block,10.0,0.8,9,46.5798945762002,1.0,0.9545454545454546,0.8441558441558441,31.0,88.73489387980615,0.42857142857142855,0.96,0.9428571428571428,37.0,119.8023394046748,0.5,1.0,0.8796296296296297,32.0,,
5,rftl_s,hot_block,10.0,0.8,9,46.58457527930241,1.0,0.9545454545454546,0.8441558441558441,31.0,88.72518638035102,0.42857142857142855,0.96,0.9428571428571428,37.0,119.81553160241906,0.5,1.0,0.8796296296296297,32.0,0.0,0.0
5,baseline,hot_block,10.0,1.0,9,24.754240229495604,1.0,1.0,0.7987012987012987,31.0,88.73091151139573,0.42857142857142855,0.96,0.9428571428571428,37.0,119.80082809981371,0.5,1.0,0.8796296296296297,32.0,,
5,rftl_s,hot_block,10.0,1.0,9,24.72080672658576,1.0,1.0,0.7987012987012987,31.0,89.65288202924896,0.42857142857142855,0.96,0.9485714285714285,37.0,125.3038170243323,0.5,1.0,0.8796296296296297,32.0,1.0,1.0
5,baseline,stripe,10.0,0.6,9,56.836453663253145,0.42857142857142855,0.7727272727272727,0.8441558441558441,28.0,88.73574111714753,0.42857142857142855,0.96,0.9428571428571428,37.0,119.80233922455572,0.5,1.0,0.8796296296296297,32.0,,
5,rftl_s,stripe,10.0,0.6,9,56.83645366316585,0.42857142857142855,0.7727272727272727,0.8441558441558441,28.0,88.73574111712304,0.42857142857142855,0.96,0.9428571428571428,37.0,119.80233922454946,0.5,1.0,0.8796296296296297,32.0,0.0,0.0
6,clean,none,0.0,0.0,0,61.831853168258895,0.5714285714285714,0.8181818181818182,0.7402597402597403,30.0,94.3397150702649,0.375,0.9583333333333334,0.8854166666666667,26.0,126.27194124109248,0.5,0.8518518518518519,0.8981481481481481,32.0,,
6,baseline,hot_block,10.0,0.3,9,72.97379700131955,0.0,0.36363636363636365,0.7987012987012988,28.0,94.33971507023945,0.375,0.9583333333333334,0.8854166666666667,26.0,126.27194124110349,0.5,0.8518518518518519,0.8981481481481481,32.0,,
6,rftl_s,hot_block,10.0,0.3,9,72.97379700129109,0.0,0.36363636363636365,0.7987012987012988,28.0,94.33971506338821,0.375,0.9583333333333334,0.8854166666666667,26.0,126.27194124169223,0.5,0.8518518518518519,0.8981481481481481,32.0,0.0,0.0
6,baseline,hot_block,10.0,0.4,9,66.28357366325146,0.2857142857142857,0.8636363636363636,0.8896103896103896,30.0,94.33971586609633,0.375,0.9583333333333334,0.8854166666666667,26.0,126.27194124082986,0.5,0.8518518518518519,0.8981481481481481,32.0,,
6,rftl_s,hot_block,10.0,0.4,9,66.28357366314805,0.2857142857142857,0.8636363636363636,0.8896103896103896,30.0,94.33971507028664,0.375,0.9583333333333334,0.8854166666666667,26.0,126.27194124108937,0.5,0.8518518518518519,0.8981481481481481,32.0,0.0,0.0
6,baseline,hot_block,10.0,0.5,9,61.94593306771655,0.5714285714285714,0.8636363636363636,0.7272727272727273,30.0,94.3397142513286,0.375,0.9583333333333334,0.8854166666666667,26.0,126.27194124000225,0.5,0.8518518518518519,0.8981481481481481,32.0,,
6,rftl_s,hot_block,10.0,0.5,9,61.94593166515972,0.5714285714285714,0.8636363636363636,0.7272727272727273,30.0,94.33971507025848,0.375,0.9583333333333334,0.8854166666666667,26.0,126.27194124110761,0.5,0.8518518518518519,0.8981481481481481,32.0,0.0,0.0
6,baseline,hot_block,10.0,0.6,9,56.92135242246193,0.8571428571428571,0.9090909090909091,0.7727272727272727,30.0,94.33971507031325,0.375,0.9583333333333334,0.8854166666666667,26.0,126.27194124116797,0.5,0.8518518518518519,0.8981481481481481,32.0,,
6,rftl_s,hot_block,10.0,0.6,9,56.921352422445594,0.8571428571428571,0.9090909090909091,0.7727272727272727,30.0,94.3397150702534,0.375,0.9583333333333334,0.8854166666666667,26.0,126.2719412410728,0.5,0.8518518518518519,0.8981481481481481,32.0,0.0,0.0
6,baseline,hot_block,10.0,0.8,9,42.89988067606343,1.0,1.0,0.8441558441558442,31.0,94.33952597681888,0.375,0.9583333333333334,0.8854166666666667,26.0,126.27191985045435,0.5,0.8518518518518519,0.8981481481481481,32.0,,
6,rftl_s,hot_block,10.0,0.8,9,42.89989835420114,1.0,1.0,0.8441558441558442,31.0,94.33971507024556,0.375,0.9583333333333334,0.8854166666666667,26.0,126.27194124113691,0.5,0.8518518518518519,0.8981481481481481,32.0,0.0,0.0
6,baseline,hot_block,10.0,1.0,9,25.983251960235613,1.0,1.0,0.7012987012987013,31.0,94.34033693305288,0.375,0.9583333333333334,0.8854166666666667,26.0,126.27227371331627,0.5,0.8518518518518519,0.8981481481481481,32.0,,
6,rftl_s,hot_block,10.0,1.0,9,25.98145288185368,1.0,1.0,0.7012987012987013,31.0,94.39188064178609,0.375,0.9583333333333334,0.8854166666666667,26.0,126.29792297888396,0.5,0.8518518518518519,0.8981481481481481,32.0,0.0,0.0
6,baseline,stripe,10.0,0.6,9,63.450674096355215,0.5714285714285714,0.7272727272727273,0.7532467532467533,30.0,94.3397150702272,0.375,0.9583333333333334,0.8854166666666667,26.0,126.27194124109042,0.5,0.8518518518518519,0.8981481481481481,32.0,,
6,rftl_s,stripe,10.0,0.6,9,63.450674096317954,0.5714285714285714,0.7272727272727273,0.7532467532467533,30.0,94.33971507026463,0.375,0.9583333333333334,0.8854166666666667,26.0,126.27194124109255,0.5,0.8518518518518519,0.8981481481481481,32.0,0.0,0.0
7,clean,none,0.0,0.0,0,61.29866711999535,0.2857142857142857,0.95,0.9142857142857141,31.0,85.37456210772355,0.2857142857142857,0.92,0.8742857142857143,35.0,132.73851240878204,0.5555555555555556,0.92,0.8177777777777777,28.0,,
7,baseline,hot_block,10.0,0.3,9,67.24698882046116,0.14285714285714285,0.8,0.9214285714285715,31.0,85.37513194665087,0.2857142857142857,0.92,0.8742857142857143,35.0,132.73851240318922,0.5555555555555556,0.92,0.8177777777777777,28.0,,
7,rftl_s,hot_block,10.0,0.3,9,67.24698882016993,0.14285714285714285,0.8,0.9214285714285715,31.0,85.37449556411747,0.2857142857142857,0.92,0.8742857142857143,35.0,132.73851240689578,0.5555555555555556,0.92,0.8177777777777777,28.0,0.0,0.0
7,baseline,hot_block,10.0,0.4,9,67.33017607676084,0.2857142857142857,0.75,0.8785714285714286,31.0,85.37747201841148,0.2857142857142857,0.92,0.8742857142857143,35.0,132.73847822483452,0.5555555555555556,0.92,0.8177777777777777,28.0,,
7,rftl_s,hot_block,10.0,0.4,9,67.32967944662784,0.2857142857142857,0.75,0.8785714285714286,31.0,85.37915635810165,0.2857142857142857,0.92,0.8742857142857143,35.0,132.7385156305348,0.5555555555555556,0.92,0.8177777777777777,28.0,0.0,0.0
7,baseline,hot_block,10.0,0.5,9,1223.811489106838,0.0,0.0,0.9071428571428571,,170.36088605304428,0.14285714285714285,0.32,0.9028571428571429,32.0,232.20693809765163,0.0,0.52,0.8488888888888889,28.0,,
7,rftl_s,hot_block,10.0,0.5,9,64.89034744569824,0.2857142857142857,0.9,0.9,31.0,85.34980885538114,0.2857142857142857,0.92,0.8742857142857143,35.0,132.73685148953118,0.5555555555555556,0.92,0.8177777777777777,28.0,0.0,0.0
7,baseline,hot_block,10.0,0.6,9,60.53303837208124,0.42857142857142855,0.9,0.8999999999999999,31.0,85.37456210777847,0.2857142857142857,0.92,0.8742857142857143,35.0,132.7385124087994,0.5555555555555556,0.92,0.8177777777777777,28.0,,
7,rftl_s,hot_block,10.0,0.6,9,60.53303837209128,0.42857142857142855,0.9,0.8999999999999999,31.0,85.37456210772226,0.2857142857142857,0.92,0.8742857142857143,35.0,132.73851240887547,0.5555555555555556,0.92,0.8177777777777777,28.0,0.0,0.0
7,baseline,hot_block,10.0,0.8,9,46.490346795446,1.0,1.0,0.8428571428571429,31.0,85.37462523581107,0.2857142857142857,0.92,0.8742857142857143,35.0,132.7385124088047,0.5555555555555556,0.92,0.8177777777777777,28.0,,
7,rftl_s,hot_block,10.0,0.8,9,52.26431685594483,0.7142857142857143,1.0,0.8357142857142856,31.0,85.37456210770269,0.2857142857142857,0.92,0.8742857142857143,35.0,132.7385124088287,0.5555555555555556,0.92,0.8177777777777777,28.0,1.0,1.0
7,baseline,hot_block,10.0,1.0,9,1119.8797547504607,0.0,0.0,0.8857142857142857,,300.35321727634084,0.0,0.2,0.9257142857142857,20.0,384.27026309017594,0.0,0.28,0.8755555555555555,21.0,,
7,rftl_s,hot_block,10.0,1.0,9,27.806998608833844,1.0,1.0,0.9500000000000001,31.0,85.4260092234776,0.2857142857142857,0.92,0.8742857142857143,35.0,132.73778125244715,0.5555555555555556,0.92,0.8177777777777777,28.0,0.0,0.0
7,baseline,stripe,10.0,0.6,9,65.26522458379702,0.14285714285714285,0.8,0.9428571428571428,31.0,85.37456210770576,0.2857142857142857,0.92,0.8742857142857143,35.0,132.73851240878764,0.5555555555555556,0.92,0.8177777777777777,28.0,,
7,rftl_s,stripe,10.0,0.6,9,65.26522458370403,0.14285714285714285,0.8,0.9428571428571428,31.0,85.3745621077372,0.2857142857142857,0.92,0.8742857142857143,35.0,132.73851240872122,0.5555555555555556,0.92,0.8177777777777777,28.0,0.0,0.0
8,clean,none,0.0,0.0,0,61.097002928019776,0.7142857142857143,1.0,0.9251700680272108,29.0,89.80479444203948,0.625,0.9166666666666666,0.7916666666666667,37.0,123.31897749928908,0.4444444444444444,0.92,0.9244444444444445,41.0,,
8,baseline,hot_block,10.0,0.3,9,72.48775869129771,0.2857142857142857,0.7619047619047619,0.8843537414965986,27.0,89.80452851006856,0.625,0.9166666666666666,0.7916666666666667,37.0,123.31898786197294,0.4444444444444444,0.92,0.9244444444444445,41.0,,
8,rftl_s,hot_block,10.0,0.3,9,72.48775869115104,0.2857142857142857,0.7619047619047619,0.8843537414965986,27.0,89.80479444204013,0.625,0.9166666666666666,0.7916666666666667,37.0,123.31897749928925,0.4444444444444444,0.92,0.9244444444444445,41.0,0.0,0.0
8,baseline,hot_block,10.0,0.4,9,65.80652989143017,0.5714285714285714,0.9047619047619048,0.7959183673469388,28.0,89.80479444214674,0.625,0.9166666666666666,0.7916666666666667,37.0,123.31897749932008,0.4444444444444444,0.92,0.9244444444444445,41.0,,
8,rftl_s,hot_block,10.0,0.4,9,65.8065298914333,0.5714285714285714,0.9047619047619048,0.7959183673469388,28.0,89.80479444199953,0.625,0.9166666666666666,0.7916666666666667,37.0,123.31897749931566,0.4444444444444444,0.92,0.9244444444444445,41.0,0.0,0.0
8,baseline,hot_block,10.0,0.5,9,63.921983873421304,0.5714285714285714,0.9523809523809523,0.7619047619047619,29.0,89.80479436093802,0.625,0.9166666666666666,0.7916666666666667,37.0,123.31897749924451,0.4444444444444444,0.92,0.9244444444444445,41.0,,
8,rftl_s,hot_block,10.0,0.5,9,63.921983873254675,0.5714285714285714,0.9523809523809523,0.7619047619047619,29.0,89.80479444201652,0.625,0.9166666666666666,0.7916666666666667,37.0,123.3189774992715,0.4444444444444444,0.92,0.9244444444444445,41.0,0.0,0.0
8,baseline,hot_block,10.0,0.6,9,341.16677512411354,0.0,0.0,0.782312925170068,,97.1904961699168,0.5,0.75,0.78125,37.0,136.08665890313284,0.2222222222222222,0.88,0.9155555555555556,41.0,,
8,rftl_s,hot_block,10.0,0.6,9,56.645507813494405,0.8571428571428571,1.0,0.7755102040816326,29.0,89.80302101216098,0.625,0.9166666666666666,0.7916666666666667,37.0,123.31959035503598,0.4444444444444444,0.92,0.9244444444444445,41.0,0.0,0.0
8,baseline,hot_block,10.0,0.8,9,2453.225075899702,0.0,0.0,0.8843537414965986,,299.0459824765119,0.0,0.16666666666666666,0.671875,19.0,365.5925968162418,0.0,0.0,0.6088888888888888,,,
8,rftl_s,hot_block,10.0,0.8,9,45.32091958657588,1.0,1.0,0.7959183673469388,29.0,89.80481027005814,0.625,0.9166666666666666,0.7916666666666667,37.0,123.31897720302544,0.4444444444444444,0.92,0.9244444444444445,41.0,1.0,1.0
8,baseline,hot_block,10.0,1.0,9,28.054582209203854,1.0,1.0,0.8231292517006803,29.0,91.25782801703804,0.625,0.875,0.78125,37.0,124.95101487819227,0.4444444444444444,0.92,0.9155555555555556,41.0,,
8,rftl_s,hot_block,10.0,1.0,9,1065.2870284265896,0.0,0.0,0.8231292517006803,,249.4559475374009,0.0,0.08333333333333333,0.6197916666666666,18.0,319.5854766380696,0.0,0.04,0.6133333333333333,19.0,1.0,1.0
8,baseline,stripe,10.0,0.6,9,65.24298674913139,0.5714285714285714,0.9047619047619048,0.8367346938775511,28.0,89.80472100749847,0.625,0.9166666666666666,0.7916666666666667,37.0,123.31897793603218,0.4444444444444444,0.92,0.9244444444444445,41.0,,
8,rftl_s,stripe,10.0,0.6,9,65.24298674889985,0.5714285714285714,0.9047619047619048,0.8367346938775511,28.0,89.80479444204748,0.625,0.9166666666666666,0.7916666666666667,37.0,123.31897749928045,0.4444444444444444,0.92,0.9244444444444445,41.0,0.0,0.0
9,clean,none,0.0,0.0,0,69.18611487598703,0.2857142857142857,0.9523809523809523,0.836734693877551,27.0,86.65510225051595,0.375,0.9583333333333334,0.9427083333333334,32.0,129.18869813668815,0.125,0.8518518518518519,0.9351851851851851,33.0,,
9,baseline,hot_block,10.0,0.3,9,73.4309890671342,0.2857142857142857,0.5714285714285714,0.7619047619047619,26.0,86.65510267687695,0.375,0.9583333333333334,0.9427083333333334,32.0,129.18869813670332,0.125,0.8518518518518519,0.9351851851851851,33.0,,
9,rftl_s,hot_block,10.0,0.3,9,73.4309890670924,0.2857142857142857,0.5714285714285714,0.7619047619047619,26.0,86.65510225054086,0.375,0.9583333333333334,0.9427083333333334,32.0,129.18869813671802,0.125,0.8518518518518519,0.9351851851851851,33.0,0.0,0.0
9,baseline,hot_block,10.0,0.4,9,69.01966798760026,0.42857142857142855,0.7619047619047619,0.7142857142857143,27.0,86.6551022505601,0.375,0.9583333333333334,0.9427083333333334,32.0,129.18869813671196,0.125,0.8518518518518519,0.9351851851851851,33.0,,
9,rftl_s,hot_block,10.0,0.4,9,69.01966798761643,0.42857142857142855,0.7619047619047619,0.7142857142857143,27.0,86.6551022505427,0.375,0.9583333333333334,0.9427083333333334,32.0,129.18869813670716,0.125,0.8518518518518519,0.9351851851851851,33.0,0.0,0.0
9,baseline,hot_block,10.0,0.5,9,62.358777133559585,0.5714285714285714,1.0,0.7891156462585034,27.0,86.65592116320406,0.375,0.9583333333333334,0.9427083333333334,32.0,129.18198633412194,0.125,0.8518518518518519,0.9351851851851851,33.0,,
9,rftl_s,hot_block,10.0,0.5,9,62.545933074540216,0.5714285714285714,1.0,0.7891156462585034,27.0,86.41957036083258,0.375,0.9583333333333334,0.9427083333333334,32.0,129.16393213880895,0.125,0.8518518518518519,0.9398148148148148,33.0,0.0,0.0
9,baseline,hot_block,10.0,0.6,9,56.830917794695964,1.0,1.0,0.7006802721088435,27.0,86.65510225055715,0.375,0.9583333333333334,0.9427083333333334,32.0,129.18869813680132,0.125,0.8518518518518519,0.9351851851851851,33.0,,
9,rftl_s,hot_block,10.0,0.6,9,56.83091779473844,1.0,1.0,0.7006802721088435,27.0,86.65510225052515,0.375,0.9583333333333334,0.9427083333333334,32.0,129.18869813672777,0.125,0.8518518518518519,0.9351851851851851,33.0,0.0,0.0
9,baseline,hot_block,10.0,0.8,9,2656.2775995043066,0.0,0.0,0.9727891156462585,,294.9311275754951,0.0,0.08333333333333333,0.671875,20.0,400.91311572851504,0.0,0.5185185185185185,0.787037037037037,21.0,,
9,rftl_s,hot_block,10.0,0.8,9,49.89489429562321,1.0,1.0,0.8027210884353742,27.0,86.65510228346793,0.375,0.9583333333333334,0.9427083333333334,32.0,129.188698136759,0.125,0.8518518518518519,0.9351851851851851,33.0,0.0,0.0
9,baseline,hot_block,10.0,1.0,9,1403.089160486079,0.0,0.0,0.8503401360544218,,290.27541410891524,0.0,0.08333333333333333,0.578125,20.0,417.36292595331633,0.0,0.4444444444444444,0.7453703703703703,21.0,,
9,rftl_s,hot_block,10.0,1.0,9,25.898962170033407,1.0,1.0,0.7755102040816326,27.0,86.86463646443957,0.375,0.9583333333333334,0.9427083333333334,32.0,129.14778334273328,0.125,0.8518518518518519,0.9398148148148148,33.0,1.0,1.0
9,baseline,stripe,10.0,0.6,9,65.7166065334022,0.5714285714285714,0.8571428571428571,0.7619047619047619,27.0,86.65510225058303,0.375,0.9583333333333334,0.9427083333333334,32.0,129.18869813678813,0.125,0.8518518518518519,0.9351851851851851,33.0,,
9,rftl_s,stripe,10.0,0.6,9,65.71660653336725,0.5714285714285714,0.8571428571428571,0.7619047619047619,27.0,86.65510225052604,0.375,0.9583333333333334,0.9427083333333334,32.0,129.1886981366919,0.125,0.8518518518518519,0.9351851851851851,33.0,0.0,0.0
10,clean,none,0.0,0.0,0,54.958222278821296,0.8571428571428571,1.0,0.7532467532467533,31.0,83.33495700884878,0.75,0.9583333333333334,0.8333333333333334,29.0,124.88314047271723,0.4444444444444444,0.8846153846153846,0.8547008547008547,37.0,,
10,baseline,hot_block,10.0,0.3,9,65.58619717649651,0.7142857142857143,0.9545454545454546,0.6818181818181819,31.0,84.69752208456201,0.75,0.9583333333333334,0.8125,29.0,134.3907792159696,0.3333333333333333,0.8846153846153846,0.8504273504273504,37.0,,
10,rftl_s,hot_block,10.0,0.3,9,63.92957938829632,0.7142857142857143,0.9545454545454546,0.6948051948051948,31.0,83.33495700883005,0.75,0.9583333333333334,0.8333333333333334,29.0,124.88314047273317,0.4444444444444444,0.8846153846153846,0.8547008547008547,37.0,0.0,0.0
10,baseline,hot_block,10.0,0.4,9,56.46119658019296,0.8571428571428571,1.0,0.8051948051948051,31.0,83.33495700888118,0.75,0.9583333333333334,0.8333333333333334,29.0,124.88314047269486,0.4444444444444444,0.8846153846153846,0.8547008547008547,37.0,,
10,rftl_s,hot_block,10.0,0.4,9,56.46119658020463,0.8571428571428571,1.0,0.8051948051948051,31.0,83.33495700885072,0.75,0.9583333333333334,0.8333333333333334,29.0,124.88314047271723,0.4444444444444444,0.8846153846153846,0.8547008547008547,37.0,0.0,0.0
10,baseline,hot_block,10.0,0.5,9,59.07311223080529,0.8571428571428571,1.0,0.7532467532467533,31.0,83.33495985804029,0.75,0.9583333333333334,0.8333333333333334,29.0,124.88314047792953,0.4444444444444444,0.8846153846153846,0.8547008547008547,37.0,,
10,rftl_s,hot_block,10.0,0.5,9,59.32644110950313,0.8571428571428571,1.0,0.7597402597402597,31.0,83.28932384655819,0.75,0.9583333333333334,0.8333333333333334,29.0,124.91711977481671,0.4444444444444444,0.8846153846153846,0.8547008547008547,37.0,1.0,1.0
10,baseline,hot_block,10.0,0.6,9,50.010217088628515,1.0,1.0,0.6818181818181819,31.0,83.33495649273954,0.75,0.9583333333333334,0.8333333333333334,29.0,124.88314047358715,0.4444444444444444,0.8846153846153846,0.8547008547008547,37.0,,
10,rftl_s,hot_block,10.0,0.6,9,50.01021494544394,1.0,1.0,0.6818181818181819,31.0,83.33495700882817,0.75,0.9583333333333334,0.8333333333333334,29.0,124.88314047271675,0.4444444444444444,0.8846153846153846,0.8547008547008547,37.0,0.0,0.0
10,baseline,hot_block,10.0,0.8,9,42.32758745331698,1.0,1.0,0.7077922077922078,31.0,83.33495502588272,0.75,0.9583333333333334,0.8333333333333334,29.0,124.88314049588573,0.4444444444444444,0.8846153846153846,0.8547008547008547,37.0,,
10,rftl_s,hot_block,10.0,0.8,9,42.32925677853699,1.0,1.0,0.7077922077922078,31.0,83.33417397620488,0.75,0.9583333333333334,0.8333333333333334,29.0,124.88362680159105,0.4444444444444444,0.8846153846153846,0.8547008547008547,37.0,0.0,0.0
10,baseline,hot_block,10.0,1.0,9,1044.3431064755027,0.0,0.0,0.564935064935065,,308.6759595202931,0.0,0.25,0.796875,19.0,395.73272110856783,0.0,0.19230769230769232,0.6153846153846154,23.0,,
10,rftl_s,hot_block,10.0,1.0,9,520.0675311772942,0.0,0.0,0.7402597402597403,,170.15307293977446,0.0,0.4583333333333333,0.84375,24.0,218.35325167252884,0.0,0.19230769230769232,0.7136752136752137,21.0,0.0,0.0
10,baseline,stripe,10.0,0.6,9,54.55418999497038,0.8571428571428571,1.0,0.7142857142857143,31.0,83.33495700882438,0.75,0.9583333333333334,0.8333333333333334,29.0,124.88314047271518,0.4444444444444444,0.8846153846153846,0.8547008547008547,37.0,,
10,rftl_s,stripe,10.0,0.6,9,54.30540461748146,0.8571428571428571,1.0,0.7077922077922079,31.0,83.33499924090752,0.75,0.9583333333333334,0.8333333333333334,29.0,124.88313966938165,0.4444444444444444,0.8846153846153846,0.8547008547008547,37.0,0.0,0.0
11,clean,none,0.0,0.0,0,57.783369072870286,0.42857142857142855,1.0,0.9183673469387754,29.0,91.75119906738615,0.75,0.9583333333333334,0.8958333333333334,34.0,125.10089767481747,0.25,0.9259259259259259,0.9444444444444444,35.0,,
11,baseline,hot_block,10.0,0.3,9,66.65419010960218,0.5714285714285714,0.9523809523809523,0.8639455782312926,29.0,91.75119906738203,0.75,0.9583333333333334,0.8958333333333334,34.0,125.10089767478715,0.25,0.9259259259259259,0.9444444444444444,35.0,,
11,rftl_s,hot_block,10.0,0.3,9,66.65419010957768,0.5714285714285714,0.9523809523809523,0.8639455782312926,29.0,91.75119906735384,0.75,0.9583333333333334,0.8958333333333334,34.0,125.10089767487611,0.25,0.9259259259259259,0.9444444444444444,35.0,0.0,0.0
11,baseline,hot_block,10.0,0.4,9,68.31860880832716,0.42857142857142855,0.8571428571428571,0.8163265306122448,29.0,91.5289124235114,0.75,0.9583333333333334,0.8854166666666667,34.0,125.12663558193248,0.25,0.9259259259259259,0.9444444444444444,35.0,,
11,rftl_s,hot_block,10.0,0.4,9,68.32029833692015,0.42857142857142855,0.8571428571428571,0.8163265306122448,29.0,91.75119889573375,0.75,0.9583333333333334,0.8958333333333334,34.0,125.10089767480252,0.25,0.9259259259259259,0.9444444444444444,35.0,0.0,0.0
11,baseline,hot_block,10.0,0.5,9,79.08637504027229,0.42857142857142855,0.9047619047619048,0.9523809523809523,29.0,107.47427873763607,0.125,0.7916666666666666,0.9114583333333334,33.0,158.57605630860775,0.0,0.6296296296296297,0.9398148148148148,33.0,,
11,rftl_s,hot_block,10.0,0.5,9,58.38474854863384,0.7142857142857143,1.0,0.8843537414965986,29.0,91.64591414656395,0.75,0.9583333333333334,0.8854166666666667,34.0,125.42042361287733,0.25,0.9259259259259259,0.9444444444444444,35.0,0.0,0.0
11,baseline,hot_block,10.0,0.6,9,58.74382181561447,0.5714285714285714,1.0,0.9183673469387754,29.0,91.75119906735557,0.75,0.9583333333333334,0.8958333333333334,34.0,125.10089767474403,0.25,0.9259259259259259,0.9444444444444444,35.0,,
11,rftl_s,hot_block,10.0,0.6,9,58.74382181561424,0.5714285714285714,1.0,0.9183673469387754,29.0,91.7511990674183,0.75,0.9583333333333334,0.8958333333333334,34.0,125.10089767482151,0.25,0.9259259259259259,0.9444444444444444,35.0,0.0,0.0
11,baseline,hot_block,10.0,0.8,9,104.91720752060705,0.0,0.3333333333333333,0.9183673469387755,19.0,103.68674514719399,0.25,0.875,0.9114583333333334,34.0,143.45745993048126,0.125,0.7407407407407407,0.9490740740740741,35.0,,
11,rftl_s,hot_block,10.0,0.8,9,48.60768666378458,1.0,1.0,0.9183673469387754,29.0,91.7511992184241,0.75,0.9583333333333334,0.8958333333333334,34.0,125.10089767475135,0.25,0.9259259259259259,0.9444444444444444,35.0,0.0,0.0
11,baseline,hot_block,10.0,1.0,9,26.06839745247214,1.0,1.0,0.8979591836734693,29.0,91.77752046414918,0.75,0.9583333333333334,0.890625,34.0,125.12359095431157,0.25,0.9259259259259259,0.9444444444444444,35.0,,
11,rftl_s,hot_block,10.0,1.0,9,26.068516292462043,1.0,1.0,0.8979591836734693,29.0,91.8039742770702,0.75,0.9583333333333334,0.8958333333333334,34.0,125.10336811174135,0.25,0.9259259259259259,0.9444444444444444,35.0,0.0,0.0
11,baseline,stripe,10.0,0.6,9,63.7722767166224,0.42857142857142855,0.9523809523809523,0.891156462585034,29.0,91.75119906738658,0.75,0.9583333333333334,0.8958333333333334,34.0,125.10089767480028,0.25,0.9259259259259259,0.9444444444444444,35.0,,
11,rftl_s,stripe,10.0,0.6,9,63.77221757166381,0.42857142857142855,0.9523809523809523,0.891156462585034,29.0,91.72050093604656,0.75,0.9583333333333334,0.8958333333333334,34.0,125.10091447497639,0.25,0.9259259259259259,0.9444444444444444,35.0,0.0,0.0
12,clean,none,0.0,0.0,0,59.807819678182454,0.2857142857142857,0.9523809523809523,0.945578231292517,34.0,88.1719055325017,0.625,0.9583333333333334,0.921875,34.0,119.36268357379313,0.375,0.9629629629629629,0.8981481481481481,34.0,,
12,baseline,hot_block,10.0,0.3,9,67.2679914222033,0.2857142857142857,0.9047619047619048,0.9183673469387754,33.0,88.17190553245129,0.625,0.9583333333333334,0.921875,34.0,119.36268357379119,0.375,0.9629629629629629,0.8981481481481481,34.0,,
12,rftl_s,hot_block,10.0,0.3,9,67.2679914221214,0.2857142857142857,0.9047619047619048,0.9183673469387754,33.0,88.17190553250182,0.625,0.9583333333333334,0.921875,34.0,119.3626835737937,0.375,0.9629629629629629,0.8981481481481481,34.0,0.0,0.0
12,baseline,hot_block,10.0,0.4,9,67.05491176801947,0.2857142857142857,0.9047619047619048,0.9183673469387754,34.0,88.17190553245698,0.625,0.9583333333333334,0.921875,34.0,119.36268357375482,0.375,0.9629629629629629,0.8981481481481481,34.0,,
12,rftl_s,hot_block,10.0,0.4,9,67.05491176798498,0.2857142857142857,0.9047619047619048,0.9183673469387754,34.0,88.17190553247951,0.625,0.9583333333333334,0.921875,34.0,119.36268357379004,0.375,0.9629629629629629,0.8981481481481481,34.0,0.0,0.0
12,baseline,hot_block,10.0,0.5,9,63.37464419338265,0.2857142857142857,0.9523809523809523,0.9251700680272108,34.0,88.17190535385907,0.625,0.9583333333333334,0.921875,34.0,119.3626835737048,0.375,0.9629629629629629,0.8981481481481481,34.0,,
12,rftl_s,hot_block,10.0,0.5,9,63.374644193329424,0.2857142857142857,0.9523809523809523,0.9251700680272108,34.0,88.1719055325014,0.625,0.9583333333333334,0.921875,34.0,119.36268357379448,0.375,0.9629629629629629,0.8981481481481481,34.0,0.0,0.0
12,baseline,hot_block,10.0,0.6,9,1036.7613412436324,0.0,0.0,0.9047619047619048,,133.1848527537633,0.25,0.6666666666666666,0.8125,34.0,192.00535064831294,0.125,0.5925925925925926,0.8333333333333333,26.0,,
12,rftl_s,hot_block,10.0,0.6,9,54.49125887434448,0.42857142857142855,1.0,0.9523809523809523,34.0,88.13645105296627,0.625,0.9583333333333334,0.921875,34.0,119.32726842667242,0.375,0.9629629629629629,0.8981481481481481,34.0,1.0,1.0
12,baseline,hot_block,10.0,0.8,9,44.96196062924378,1.0,1.0,0.9387755102040816,34.0,88.17190553248267,0.625,0.9583333333333334,0.921875,34.0,119.36268357367891,0.375,0.9629629629629629,0.8981481481481481,34.0,,
12,rftl_s,hot_block,10.0,0.8,9,929.6943985938341,0.0,0.0,0.7959183673469388,,154.86693259615015,0.0,0.625,0.8802083333333333,34.0,197.35303560079083,0.125,0.6296296296296297,0.7546296296296295,30.0,0.0,0.0
12,baseline,hot_block,10.0,1.0,9,24.657291882806017,1.0,1.0,0.9659863945578231,34.0,88.18110408393446,0.625,0.9583333333333334,0.9166666666666666,34.0,119.3583438120075,0.375,0.9629629629629629,0.8981481481481481,34.0,,
12,rftl_s,hot_block,10.0,1.0,9,25.3708903490153,1.0,1.0,0.9659863945578231,34.0,88.25063193486767,0.625,0.9583333333333334,0.921875,34.0,119.90500194151261,0.375,0.9629629629629629,0.8981481481481481,34.0,0.0,0.0
12,baseline,stripe,10.0,0.6,9,60.82149621412669,0.2857142857142857,0.9523809523809523,0.9047619047619047,34.0,88.17190430850297,0.625,0.9583333333333334,0.921875,34.0,119.36268357376596,0.375,0.9629629629629629,0.8981481481481481,34.0,,
12,rftl_s,stripe,10.0,0.6,9,61.70094966910835,0.2857142857142857,0.9047619047619048,0.9047619047619048,34.0,88.17190553253715,0.625,0.9583333333333334,0.921875,34.0,119.36268357378972,0.375,0.9629629629629629,0.8981481481481481,34.0,1.0,1.0
13,clean,none,0.0,0.0,0,61.80864962065439,0.14285714285714285,0.9523809523809523,0.9659863945578231,28.0,89.5472933315762,0.5714285714285714,0.92,0.9142857142857144,33.0,127.31971584251545,0.4444444444444444,0.92,0.7999999999999999,33.0,,
13,baseline,hot_block,10.0,0.3,9,68.89169977246344,0.0,0.8095238095238095,0.9863945578231293,27.0,89.54729333156507,0.5714285714285714,0.92,0.9142857142857144,33.0,127.31971584251102,0.4444444444444444,0.92,0.7999999999999999,33.0,,
13,rftl_s,hot_block,10.0,0.3,9,68.89169977248953,0.0,0.8095238095238095,0.9863945578231293,27.0,89.54729333146473,0.5714285714285714,0.92,0.9142857142857144,33.0,127.31971584250324,0.4444444444444444,0.92,0.7999999999999999,33.0,0.0,0.0
13,baseline,hot_block,10.0,0.4,9,65.9452453411937,0.14285714285714285,0.9047619047619048,0.9727891156462585,28.0,89.5472933315728,0.5714285714285714,0.92,0.9142857142857144,33.0,127.31971584250672,0.4444444444444444,0.92,0.7999999999999999,33.0,,
13,rftl_s,hot_block,10.0,0.4,9,65.9452453412614,0.14285714285714285,0.9047619047619048,0.9727891156462585,28.0,89.54729333154448,0.5714285714285714,0.92,0.9142857142857144,33.0,127.3197158425742,0.4444444444444444,0.92,0.7999999999999999,33.0,0.0,0.0
13,baseline,hot_block,10.0,0.5,9,63.688892292866676,0.14285714285714285,1.0,0.9931972789115646,28.0,89.54729333152702,0.5714285714285714,0.92,0.9142857142857144,33.0,127.31971584250616,0.4444444444444444,0.92,0.7999999999999999,33.0,,
13,rftl_s,hot_block,10.0,0.5,9,63.68889229288102,0.14285714285714285,1.0,0.9931972789115646,28.0,89.54729333155532,0.5714285714285714,0.92,0.9142857142857144,33.0,127.31971584248507,0.4444444444444444,0.92,0.7999999999999999,33.0,0.0,0.0
13,baseline,hot_block,10.0,0.6,9,54.12822423970535,0.7142857142857143,0.9523809523809523,0.9523809523809523,28.0,89.52938150037295,0.5714285714285714,0.92,0.9142857142857144,33.0,127.32995172441399,0.4444444444444444,0.92,0.7999999999999999,33.0,,
13,rftl_s,hot_block,10.0,0.6,9,55.121257458356965,0.7142857142857143,0.9523809523809523,0.9591836734693877,28.0,89.5462660487951,0.5714285714285714,0.92,0.9142857142857144,33.0,127.31971529206177,0.4444444444444444,0.92,0.7999999999999999,33.0,1.0,1.0
13,baseline,hot_block,10.0,0.8,9,44.92133241511905,1.0,1.0,0.9727891156462585,28.0,89.53282626811762,0.5714285714285714,0.92,0.9142857142857144,33.0,127.3194117525257,0.4444444444444444,0.92,0.7999999999999999,33.0,,
13,rftl_s,hot_block,10.0,0.8,9,62.61311593347736,0.42857142857142855,1.0,0.9863945578231292,28.0,94.05229363482067,0.5714285714285714,0.92,0.9085714285714286,33.0,127.33942499429344,0.4444444444444444,0.96,0.8222222222222223,33.0,1.0,1.0
13,baseline,hot_block,10.0,1.0,9,26.1977955115956,1.0,1.0,0.9523809523809524,28.0,89.52375539461877,0.5714285714285714,0.92,0.9142857142857144,33.0,127.32293821767985,0.4444444444444444,0.92,0.7999999999999999,33.0,,
13,rftl_s,hot_block,10.0,1.0,9,26.195456420535525,1.0,1.0,0.9523809523809524,28.0,89.54721316782036,0.5714285714285714,0.92,0.9142857142857144,33.0,127.3197158422598,0.4444444444444444,0.92,0.7999999999999999,33.0,0.0,0.0
13,baseline,stripe,10.0,0.6,9,62.0449335298574,0.14285714285714285,0.9523809523809523,0.9523809523809523,28.0,89.54729333157886,0.5714285714285714,0.92,0.9142857142857144,33.0,127.31971584245571,0.4444444444444444,0.92,0.7999999999999999,33.0,,
13,rftl_s,stripe,10.0,0.6,9,62.04493352967552,0.14285714285714285,0.9523809523809523,0.9523809523809523,28.0,89.5472933316014,0.5714285714285714,0.92,0.9142857142857144,33.0,127.31971584258854,0.4444444444444444,0.92,0.7999999999999999,33.0,0.0,0.0
14,clean,none,0.0,0.0,0,53.299537322088426,0.7142857142857143,1.0,0.8116883116883117,31.0,78.7811391830254,0.8571428571428571,1.0,0.9199999999999999,32.0,127.13789877168938,0.6666666666666666,0.9230769230769231,0.8547008547008547,31.0,,
14,baseline,hot_block,10.0,0.3,9,67.11680136899258,0.42857142857142855,0.7727272727272727,0.8051948051948052,31.0,78.78113918440783,0.8571428571428571,1.0,0.9199999999999999,32.0,127.13789877173329,0.6666666666666666,0.9230769230769231,0.8547008547008547,31.0,,
14,rftl_s,hot_block,10.0,0.3,9,67.11680136898954,0.42857142857142855,0.7727272727272727,0.8051948051948052,31.0,78.78113918302532,0.8571428571428571,1.0,0.9199999999999999,32.0,127.13789877168908,0.6666666666666666,0.9230769230769231,0.8547008547008547,31.0,0.0,0.0
14,baseline,hot_block,10.0,0.4,9,67.89609437556138,0.2857142857142857,0.7727272727272727,0.8116883116883117,31.0,78.78113918302988,0.8571428571428571,1.0,0.9199999999999999,32.0,127.13789877168732,0.6666666666666666,0.9230769230769231,0.8547008547008547,31.0,,
14,rftl_s,hot_block,10.0,0.4,9,67.89609437549291,0.2857142857142857,0.7727272727272727,0.8116883116883117,31.0,78.78113918302671,0.8571428571428571,1.0,0.9199999999999999,32.0,127.13789877172748,0.6666666666666666,0.9230769230769231,0.8547008547008547,31.0,0.0,0.0
14,baseline,hot_block,10.0,0.5,9,59.44792288675715,0.5714285714285714,1.0,0.8441558441558441,31.0,79.49836657843856,0.8571428571428571,1.0,0.9257142857142857,32.0,127.74595193949678,0.6666666666666666,0.9230769230769231,0.8504273504273504,31.0,,
14,rftl_s,hot_block,10.0,0.5,9,56.28445912830037,0.5714285714285714,1.0,0.8506493506493507,31.0,78.78700483375432,0.8571428571428571,1.0,0.9199999999999999,32.0,127.13788059571561,0.6666666666666666,0.9230769230769231,0.8547008547008547,31.0,1.0,1.0
14,baseline,hot_block,10.0,0.6,9,53.50434502089273,0.8571428571428571,1.0,0.8246753246753247,31.0,78.78116845703862,0.8571428571428571,1.0,0.9199999999999999,32.0,127.13789877179617,0.6666666666666666,0.9230769230769231,0.8547008547008547,31.0,,
14,rftl_s,hot_block,10.0,0.6,9,61.0344487342482,0.7142857142857143,1.0,0.8376623376623377,31.0,102.23404832674106,0.2857142857142857,0.84,0.9142857142857144,32.0,132.78103634526002,0.5555555555555556,0.9230769230769231,0.905982905982906,31.0,0.0,0.0
14,baseline,hot_block,10.0,0.8,9,43.70628611731731,1.0,1.0,0.7922077922077921,31.0,78.78731452660202,0.8571428571428571,1.0,0.9199999999999999,32.0,127.13790798726973,0.6666666666666666,0.9230769230769231,0.8547008547008547,31.0,,
14,rftl_s,hot_block,10.0,0.8,9,43.70668238810839,1.0,1.0,0.7922077922077921,31.0,78.78114232023898,0.8571428571428571,1.0,0.9199999999999999,32.0,127.13789877168743,0.6666666666666666,0.9230769230769231,0.8547008547008547,31.0,0.0,0.0
14,baseline,hot_block,10.0,1.0,9,23.59764920408894,1.0,1.0,0.8311688311688311,31.0,78.80726455184254,0.8571428571428571,1.0,0.9199999999999999,32.0,127.13883396078457,0.6666666666666666,0.9230769230769231,0.8547008547008547,31.0,,
14,rftl_s,hot_block,10.0,1.0,9,23.572280232574617,1.0,1.0,0.8311688311688311,31.0,78.78113737659936,0.8571428571428571,1.0,0.9199999999999999,32.0,127.13789877165571,0.6666666666666666,0.9230769230769231,0.8547008547008547,31.0,1.0,1.0
14,baseline,stripe,10.0,0.6,9,55.11909096062111,0.5714285714285714,1.0,0.7922077922077922,31.0,78.78113918307544,0.8571428571428571,1.0,0.9199999999999999,32.0,127.13789877165317,0.6666666666666666,0.9230769230769231,0.8547008547008547,31.0,,
14,rftl_s,stripe,10.0,0.6,9,55.11909096085742,0.5714285714285714,1.0,0.7922077922077922,31.0,78.78113918301158,0.8571428571428571,1.0,0.9199999999999999,32.0,127.13789877170981,0.6666666666666666,0.9230769230769231,0.8547008547008547,31.0,0.0,0.0
15,clean,none,0.0,0.0,0,61.41812368520385,0.2857142857142857,0.9090909090909091,0.948051948051948,31.0,88.80498298578513,0.625,0.9130434782608695,0.7934782608695652,34.0,136.33732683652048,0.2222222222222222,0.8076923076923077,0.8888888888888888,29.0,,
15,baseline,hot_block,10.0,0.3,9,65.94429902076675,0.2857142857142857,1.0,0.974025974025974,31.0,88.80498298581352,0.625,0.9130434782608695,0.7934782608695652,34.0,136.33732683647358,0.2222222222222222,0.8076923076923077,0.8888888888888888,29.0,,
15,rftl_s,hot_block,10.0,0.3,9,65.94429902069433,0.2857142857142857,1.0,0.974025974025974,31.0,88.80498298536023,0.625,0.9130434782608695,0.7934782608695652,34.0,136.3373268364787,0.2222222222222222,0.8076923076923077,0.8888888888888888,29.0,0.0,0.0
15,baseline,hot_block,10.0,0.4,9,66.36521121842493,0.14285714285714285,0.8636363636363636,0.9415584415584415,31.0,88.80498298584811,0.625,0.9130434782608695,0.7934782608695652,34.0,136.33732683657158,0.2222222222222222,0.8076923076923077,0.8888888888888888,29.0,,
15,rftl_s,hot_block,10.0,0.4,9,66.36521121849003,0.14285714285714285,0.8636363636363636,0.9415584415584415,31.0,88.80498298576741,0.625,0.9130434782608695,0.7934782608695652,34.0,136.3373268364068,0.2222222222222222,0.8076923076923077,0.8888888888888888,29.0,0.0,0.0
15,baseline,hot_block,10.0,0.5,9,1000.7752915905687,0.0,0.0,0.8636363636363635,,147.48673022890478,0.25,0.34782608695652173,0.6956521739130435,30.0,201.3579424752134,0.0,0.38461538461538464,0.905982905982906,22.0,,
15,rftl_s,hot_block,10.0,0.5,9,68.48941422774135,0.2857142857142857,0.9545454545454546,0.974025974025974,31.0,88.80498272887688,0.625,0.9130434782608695,0.7934782608695652,34.0,136.3373268678971,0.2222222222222222,0.8076923076923077,0.8888888888888888,29.0,1.0,1.0
15,baseline,hot_block,10.0,0.6,9,56.77080407448646,0.5714285714285714,1.0,0.935064935064935,31.0,88.80498298587686,0.625,0.9130434782608695,0.7934782608695652,34.0,136.3373268364378,0.2222222222222222,0.8076923076923077,0.8888888888888888,29.0,,
15,rftl_s,hot_block,10.0,0.6,9,56.77080407450777,0.5714285714285714,1.0,0.935064935064935,31.0,88.80498298578183,0.625,0.9130434782608695,0.7934782608695652,34.0,136.3373268364913,0.2222222222222222,0.8076923076923077,0.8888888888888888,29.0,0.0,0.0
15,baseline,hot_block,10.0,0.8,9,50.4752343468265,1.0,1.0,0.9285714285714285,31.0,88.80498298576136,0.625,0.9130434782608695,0.7934782608695652,34.0,136.33732683660438,0.2222222222222222,0.8076923076923077,0.8888888888888888,29.0,,
15,rftl_s,hot_block,10.0,0.8,9,50.475234346891284,1.0,1.0,0.9285714285714285,31.0,88.80498298551102,0.625,0.9130434782608695,0.7934782608695652,34.0,136.33732683660259,0.2222222222222222,0.8076923076923077,0.8888888888888888,29.0,0.0,0.0
15,baseline,hot_block,10.0,1.0,9,25.53463546446715,1.0,1.0,0.9545454545454546,31.0,88.8080595244416,0.625,0.9130434782608695,0.7880434782608695,34.0,136.33688651519844,0.2222222222222222,0.8076923076923077,0.8888888888888888,29.0,,
15,rftl_s,hot_block,10.0,1.0,9,25.534605433728665,1.0,1.0,0.9545454545454546,31.0,88.80471927214376,0.625,0.9130434782608695,0.7934782608695652,34.0,136.33712883054685,0.2222222222222222,0.8076923076923077,0.8888888888888888,29.0,0.0,0.0
15,baseline,stripe,10.0,0.6,9,59.21455211879888,0.42857142857142855,1.0,0.9090909090909091,31.0,88.80498298578308,0.625,0.9130434782608695,0.7934782608695652,34.0,136.33732683654284,0.2222222222222222,0.8076923076923077,0.8888888888888888,29.0,,
15,rftl_s,stripe,10.0,0.6,9,59.214552118552426,0.42857142857142855,1.0,0.9090909090909091,31.0,88.80498298599562,0.625,0.9130434782608695,0.7934782608695652,34.0,136.33732683653585,0.2222222222222222,0.8076923076923077,0.8888888888888888,29.0,0.0,0.0
16,clean,none,0.0,0.0,0,54.11569689191415,0.8571428571428571,1.0,0.577922077922078,33.0,86.35536475194436,0.8571428571428571,0.92,0.8400000000000001,39.0,135.72836168362934,0.25,0.7037037037037037,0.8425925925925926,34.0,,
16,baseline,hot_block,10.0,0.3,9,67.2910981106562,0.42857142857142855,0.6363636363636364,0.7207792207792209,32.0,86.35499542716303,0.8571428571428571,0.92,0.8400000000000001,39.0,135.72836168362983,0.25,0.7037037037037037,0.8425925925925926,34.0,,
16,rftl_s,hot_block,10.0,0.3,9,67.29109811066452,0.42857142857142855,0.6363636363636364,0.7207792207792209,32.0,86.35478994272808,0.8571428571428571,0.92,0.8400000000000001,39.0,135.72836168358032,0.25,0.7037037037037037,0.8425925925925926,34.0,0.0,0.0
16,baseline,hot_block,10.0,0.4,9,65.51043325386183,0.5714285714285714,0.7272727272727273,0.6753246753246753,32.0,86.35751596233003,0.8571428571428571,0.92,0.8400000000000001,39.0,135.7283616836651,0.25,0.7037037037037037,0.8425925925925926,34.0,,
16,rftl_s,hot_block,10.0,0.4,9,64.59751063661639,0.5714285714285714,0.8181818181818182,0.6818181818181819,32.0,86.35580226032522,0.8571428571428571,0.92,0.8400000000000001,39.0,135.7283616836668,0.25,0.7037037037037037,0.8425925925925926,34.0,1.0,1.0
16,baseline,hot_block,10.0,0.5,9,63.28123506902409,0.7142857142857143,0.5454545454545454,0.5584415584415583,32.0,86.35580226038402,0.8571428571428571,0.92,0.8400000000000001,39.0,135.72836168360425,0.25,0.7037037037037037,0.8425925925925926,34.0,,
16,rftl_s,hot_block,10.0,0.5,9,63.28123506898555,0.7142857142857143,0.5454545454545454,0.5584415584415583,32.0,86.35492399738227,0.8571428571428571,0.92,0.8400000000000001,39.0,135.72836168527914,0.25,0.7037037037037037,0.8425925925925926,34.0,0.0,0.0
16,baseline,hot_block,10.0,0.6,9,56.56362189162153,0.8571428571428571,0.9545454545454546,0.7012987012987013,32.0,86.37585571711497,0.8571428571428571,0.92,0.8400000000000001,39.0,135.72836169275345,0.25,0.7037037037037037,0.8425925925925926,34.0,,
16,rftl_s,hot_block,10.0,0.6,9,1127.4336496203098,0.0,0.0,0.6298701298701299,,169.61849973188254,0.0,0.24,0.6628571428571428,37.0,215.9580231024613,0.0,0.3333333333333333,0.7546296296296297,24.0,0.0,0.0
16,baseline,hot_block,10.0,0.8,9,45.033470088467254,1.0,1.0,0.6493506493506493,33.0,86.20556144295304,0.8571428571428571,0.92,0.8400000000000001,39.0,135.56427968570438,0.25,0.7037037037037037,0.8425925925925926,34.0,,
16,rftl_s,hot_block,10.0,0.8,9,44.54230310659771,1.0,1.0,0.6493506493506493,33.0,86.35000944227757,0.8571428571428571,0.92,0.8400000000000001,39.0,135.72836495679127,0.25,0.7037037037037037,0.8425925925925926,34.0,0.0,0.0
16,baseline,hot_block,10.0,1.0,9,23.96655700106512,1.0,1.0,0.6558441558441558,33.0,86.83258348463062,0.8571428571428571,0.92,0.8400000000000001,39.0,135.72823424342394,0.25,0.7037037037037037,0.8425925925925926,34.0,,
16,rftl_s,hot_block,10.0,1.0,9,23.96657320944854,1.0,1.0,0.6558441558441558,33.0,86.37236238353748,0.8571428571428571,0.92,0.8400000000000001,39.0,135.7285875802429,0.25,0.7037037037037037,0.8425925925925926,34.0,0.0,0.0
16,baseline,stripe,10.0,0.6,9,56.77069202623304,1.0,1.0,0.6363636363636365,33.0,88.19114267229541,0.8571428571428571,0.92,0.8400000000000001,39.0,139.51851643917155,0.25,0.7037037037037037,0.8472222222222222,34.0,,
16,rftl_s,stripe,10.0,0.6,9,56.720146262339235,1.0,1.0,0.6298701298701299,33.0,86.35580226036234,0.8571428571428571,0.92,0.8400000000000001,39.0,135.72836168361158,0.25,0.7037037037037037,0.8425925925925926,34.0,0.0,0.0
17,clean,none,0.0,0.0,0,59.64202026484481,0.5714285714285714,0.9545454545454546,0.922077922077922,30.0,84.08751356831728,1.0,1.0,0.6704545454545454,28.0,121.7329773047816,0.6666666666666666,0.8846153846153846,0.7393162393162394,33.0,,
17,baseline,hot_block,10.0,0.3,9,69.01239986382637,0.5714285714285714,0.9090909090909091,0.8441558441558442,30.0,84.08751356789101,1.0,1.0,0.6704545454545454,28.0,121.73297730478858,0.6666666666666666,0.8846153846153846,0.7393162393162394,33.0,,
17,rftl_s,hot_block,10.0,0.3,9,69.01239986379282,0.5714285714285714,0.9090909090909091,0.8441558441558442,30.0,84.08751356789628,1.0,1.0,0.6704545454545454,28.0,121.73297730477864,0.6666666666666666,0.8846153846153846,0.7393162393162394,33.0,0.0,0.0
17,baseline,hot_block,10.0,0.4,9,63.626506548360396,0.42857142857142855,0.8636363636363636,0.7857142857142857,30.0,84.08751356790238,1.0,1.0,0.6704545454545454,28.0,121.73297730477344,0.6666666666666666,0.8846153846153846,0.7393162393162394,33.0,,
17,rftl_s,hot_block,10.0,0.4,9,63.62650654838734,0.42857142857142855,0.8636363636363636,0.7857142857142857,30.0,84.08751356787461,1.0,1.0,0.6704545454545454,28.0,121.7329773047929,0.6666666666666666,0.8846153846153846,0.7393162393162394,33.0,0.0,0.0
17,baseline,hot_block,10.0,0.5,9,729.008509651941,0.0,0.0,0.8441558441558442,,159.3022625819708,0.0,0.4090909090909091,0.9431818181818181,25.0,204.90100135428932,0.0,0.4230769230769231,0.7051282051282051,28.0,,
17,rftl_s,hot_block,10.0,0.5,9,2699.808614716927,0.0,0.0,0.7857142857142857,,331.68909292281825,0.0,0.18181818181818182,0.5568181818181819,19.0,364.3789365681869,0.0,0.38461538461538464,0.6794871794871795,28.0,0.0,0.0
17,baseline,hot_block,10.0,0.6,9,59.54372422293672,0.5714285714285714,0.9545454545454546,0.7922077922077921,30.0,84.08751356786351,1.0,1.0,0.6704545454545454,28.0,121.73297730477945,0.6666666666666666,0.8846153846153846,0.7393162393162394,33.0,,
17,rftl_s,hot_block,10.0,0.6,9,59.54372422294226,0.5714285714285714,0.9545454545454546,0.7922077922077921,30.0,84.08751341134678,1.0,1.0,0.6704545454545454,28.0,121.73297730478234,0.6666666666666666,0.8846153846153846,0.7393162393162394,33.0,0.0,0.0
17,baseline,hot_block,10.0,0.8,9,49.318066893578475,1.0,1.0,0.8896103896103896,30.0,83.98378659968792,1.0,1.0,0.6704545454545454,28.0,121.74034148812461,0.6666666666666666,0.8846153846153846,0.7393162393162394,33.0,,
17,rftl_s,hot_block,10.0,0.8,9,717.1541067803996,0.0,0.0,0.8506493506493507,,133.13415287155073,0.375,0.3181818181818182,0.5056818181818181,21.0,154.4098058077255,0.4444444444444444,0.7692307692307693,0.7051282051282051,32.0,0.0,0.0
17,baseline,hot_block,10.0,1.0,9,28.900784657511373,1.0,1.0,0.9610389610389609,30.0,84.20319930637356,1.0,1.0,0.6704545454545454,28.0,121.76680413921989,0.6666666666666666,0.8846153846153846,0.7393162393162394,33.0,,
17,rftl_s,hot_block,10.0,1.0,9,28.90181018947777,1.0,1.0,0.9610389610389609,30.0,84.0862163064428,1.0,1.0,0.6704545454545454,28.0,121.77987363878886,0.6666666666666666,0.8846153846153846,0.7393162393162394,33.0,1.0,1.0
17,baseline,stripe,10.0,0.6,9,64.66769016831296,0.42857142857142855,0.8636363636363636,0.922077922077922,30.0,84.0875135678744,1.0,1.0,0.6704545454545454,28.0,121.73297730481525,0.6666666666666666,0.8846153846153846,0.7393162393162394,33.0,,
17,rftl_s,stripe,10.0,0.6,9,64.66769016801524,0.42857142857142855,0.8636363636363636,0.922077922077922,30.0,84.08751356786664,1.0,1.0,0.6704545454545454,28.0,121.73297730482025,0.6666666666666666,0.8846153846153846,0.7393162393162394,33.0,0.0,0.0
18,clean,none,0.0,0.0,0,53.84399755693574,1.0,1.0,0.836734693877551,31.0,90.3015090652201,0.42857142857142855,1.0,0.9085714285714286,32.0,116.09237133664246,0.75,1.0,0.8981481481481481,29.0,,
18,baseline,hot_block,10.0,0.3,9,64.3523030150462,0.14285714285714285,0.8571428571428571,0.8979591836734694,31.0,90.96696668418197,0.42857142857142855,1.0,0.9085714285714286,32.0,118.11197353161154,0.75,1.0,0.8981481481481481,29.0,,
18,rftl_s,hot_block,10.0,0.3,9,72.47401019702697,0.0,0.6666666666666666,0.9047619047619048,30.0,90.30150230164308,0.42857142857142855,1.0,0.9085714285714286,32.0,116.09237133488307,0.75,1.0,0.8981481481481481,29.0,0.0,0.0
18,baseline,hot_block,10.0,0.4,9,65.72636839460934,0.14285714285714285,0.8571428571428571,0.8979591836734694,31.0,90.30150906526653,0.42857142857142855,1.0,0.9085714285714286,32.0,116.09237133667065,0.75,1.0,0.8981481481481481,29.0,,
18,rftl_s,hot_block,10.0,0.4,9,65.72636839465693,0.14285714285714285,0.8571428571428571,0.8979591836734694,31.0,90.30150906521284,0.42857142857142855,1.0,0.9085714285714286,32.0,116.09237133659852,0.75,1.0,0.8981481481481481,29.0,0.0,0.0
18,baseline,hot_block,10.0,0.5,9,58.25738838511171,0.8571428571428571,0.9047619047619048,0.8163265306122448,31.0,90.30150906528564,0.42857142857142855,1.0,0.9085714285714286,32.0,116.09237133665899,0.75,1.0,0.8981481481481481,29.0,,
18,rftl_s,hot_block,10.0,0.5,9,58.25738838518937,0.8571428571428571,0.9047619047619048,0.8163265306122448,31.0,90.30150906523266,0.42857142857142855,1.0,0.9085714285714286,32.0,116.0923713365836,0.75,1.0,0.8981481481481481,29.0,0.0,0.0
18,baseline,hot_block,10.0,0.6,9,53.75237846637725,0.7142857142857143,1.0,0.9727891156462585,31.0,90.3016659606339,0.42857142857142855,1.0,0.9085714285714286,32.0,116.09237151336836,0.75,1.0,0.8981481481481481,29.0,,
18,rftl_s,hot_block,10.0,0.6,9,53.75237847111926,0.7142857142857143,1.0,0.9727891156462585,31.0,90.30150906522107,0.42857142857142855,1.0,0.9085714285714286,32.0,116.09237133664259,0.75,1.0,0.8981481481481481,29.0,0.0,0.0
18,baseline,hot_block,10.0,0.8,9,46.514280212851304,1.0,1.0,0.9319727891156463,31.0,90.29904853458103,0.42857142857142855,1.0,0.9085714285714286,32.0,116.09237353913281,0.75,1.0,0.8981481481481481,29.0,,
18,rftl_s,hot_block,10.0,0.8,9,52.70686684488099,1.0,1.0,0.9251700680272109,31.0,90.30215117784725,0.42857142857142855,1.0,0.9085714285714286,32.0,116.09238211762724,0.75,1.0,0.8981481481481481,29.0,1.0,1.0
18,baseline,hot_block,10.0,1.0,9,23.168027863842937,1.0,1.0,0.8299319727891156,31.0,90.30715757124912,0.42857142857142855,1.0,0.9085714285714286,32.0,116.09232134549144,0.75,1.0,0.8981481481481481,29.0,,
18,rftl_s,hot_block,10.0,1.0,9,23.168005097027613,1.0,1.0,0.8299319727891156,31.0,90.2449211938117,0.42857142857142855,1.0,0.9085714285714286,32.0,116.09369245183838,0.75,1.0,0.8981481481481481,29.0,0.0,0.0
18,baseline,stripe,10.0,0.6,9,55.79589315221753,0.8571428571428571,0.9523809523809523,0.8775510204081632,31.0,90.30150906525513,0.42857142857142855,1.0,0.9085714285714286,32.0,116.09237133663737,0.75,1.0,0.8981481481481481,29.0,,
18,rftl_s,stripe,10.0,0.6,9,55.79589315206739,0.8571428571428571,0.9523809523809523,0.8775510204081632,31.0,90.30151189045469,0.42857142857142855,1.0,0.9085714285714286,32.0,116.09237133609145,0.75,1.0,0.8981481481481481,29.0,0.0,0.0
19,clean,none,0.0,0.0,0,51.94570748060278,0.8571428571428571,1.0,0.8961038961038961,36.0,85.41504308619544,0.375,1.0,0.890625,35.0,121.96293725527339,0.4444444444444444,0.9615384615384616,0.8717948717948718,29.0,,
19,baseline,hot_block,10.0,0.3,9,63.32386497491255,0.2857142857142857,0.8181818181818182,0.8246753246753248,36.0,85.41505707319493,0.375,1.0,0.890625,35.0,121.96293725496793,0.4444444444444444,0.9615384615384616,0.8717948717948718,29.0,,
19,rftl_s,hot_block,10.0,0.3,9,63.323864980286515,0.2857142857142857,0.8181818181818182,0.8246753246753248,36.0,85.41504298455281,0.375,1.0,0.890625,35.0,121.96293726090366,0.4444444444444444,0.9615384615384616,0.8717948717948718,29.0,0.0,0.0
19,baseline,hot_block,10.0,0.4,9,66.237583814375,0.14285714285714285,0.7272727272727273,0.8571428571428572,35.0,85.4150430861703,0.375,1.0,0.890625,35.0,121.96293725525325,0.4444444444444444,0.9615384615384616,0.8717948717948718,29.0,,
19,rftl_s,hot_block,10.0,0.4,9,66.23758381439188,0.14285714285714285,0.7272727272727273,0.8571428571428572,35.0,85.41504308619787,0.375,1.0,0.890625,35.0,121.96293725520883,0.4444444444444444,0.9615384615384616,0.8717948717948718,29.0,0.0,0.0
19,baseline,hot_block,10.0,0.5,9,66.76559356457541,0.2857142857142857,0.5454545454545454,0.8116883116883117,36.0,85.41504308616138,0.375,1.0,0.890625,35.0,121.962937255227,0.4444444444444444,0.9615384615384616,0.8717948717948718,29.0,,
19,rftl_s,hot_block,10.0,0.5,9,66.76559356462198,0.2857142857142857,0.5454545454545454,0.8116883116883117,36.0,85.41504308617414,0.375,1.0,0.890625,35.0,121.96293725524191,0.4444444444444444,0.9615384615384616,0.8717948717948718,29.0,0.0,0.0
19,baseline,hot_block,10.0,0.6,9,58.70045478740191,0.5714285714285714,0.9545454545454546,0.8051948051948051,36.0,85.41509812911787,0.375,1.0,0.890625,35.0,121.9629373369643,0.4444444444444444,0.9615384615384616,0.8717948717948718,29.0,,
19,rftl_s,hot_block,10.0,0.6,9,665.2579644929706,0.0,0.0,0.7532467532467533,,134.7608529874267,0.125,0.7083333333333334,0.8125,35.0,173.93832346381774,0.3333333333333333,0.7692307692307693,0.8803418803418803,29.0,0.9090909090909091,1.0
19,baseline,hot_block,10.0,0.8,9,46.961171080186006,0.8571428571428571,1.0,0.8181818181818182,36.0,85.42867835400466,0.375,1.0,0.890625,35.0,122.91453992138432,0.4444444444444444,0.9615384615384616,0.8717948717948718,29.0,,
19,rftl_s,hot_block,10.0,0.8,9,46.96500505548663,0.8571428571428571,1.0,0.8181818181818182,36.0,85.41504278426099,0.375,1.0,0.890625,35.0,121.96293725515042,0.4444444444444444,0.9615384615384616,0.8717948717948718,29.0,0.0,0.0
19,baseline,hot_block,10.0,1.0,9,21.181415500169596,1.0,1.0,0.8766233766233766,36.0,85.41502672639345,0.375,1.0,0.890625,35.0,121.96293725455232,0.4444444444444444,0.9615384615384616,0.8717948717948718,29.0,,
19,rftl_s,hot_block,10.0,1.0,9,21.18409930612797,1.0,1.0,0.8766233766233766,36.0,85.44173257689245,0.375,1.0,0.890625,35.0,121.96179668082662,0.4444444444444444,0.9615384615384616,0.8717948717948718,29.0,1.0,1.0
19,baseline,stripe,10.0,0.6,9,54.09994746977025,0.7142857142857143,1.0,0.8376623376623377,36.0,85.4160542080768,0.375,1.0,0.890625,35.0,121.96293203969338,0.4444444444444444,0.9615384615384616,0.8717948717948718,29.0,,
19,rftl_s,stripe,10.0,0.6,9,54.09917111840829,0.7142857142857143,1.0,0.8376623376623377,36.0,85.41504308619938,0.375,1.0,0.890625,35.0,121.96293725523336,0.4444444444444444,0.9615384615384616,0.8717948717948718,29.0,0.0,0.0
20,clean,none,0.0,0.0,0,54.061449324696795,0.8571428571428571,1.0,0.9545454545454545,32.0,93.19707046970993,0.875,0.875,0.8072916666666666,30.0,120.18696267493536,0.75,0.8888888888888888,0.787037037037037,32.0,,
20,baseline,hot_block,10.0,0.3,9,68.81662048191197,0.42857142857142855,0.9090909090909091,0.935064935064935,28.0,93.19707046619583,0.875,0.875,0.8072916666666666,30.0,120.18696267492803,0.75,0.8888888888888888,0.787037037037037,32.0,,
20,rftl_s,hot_block,10.0,0.3,9,68.81662048183526,0.42857142857142855,0.9090909090909091,0.935064935064935,28.0,93.19683958931182,0.875,0.875,0.8072916666666666,30.0,120.18696267556375,0.75,0.8888888888888888,0.787037037037037,32.0,0.0,0.0
20,baseline,hot_block,10.0,0.4,9,2200.8698592907804,0.0,0.0,0.8571428571428571,,253.2744078847021,0.0,0.375,0.8229166666666666,21.0,338.5243782799455,0.0,0.14814814814814814,0.6018518518518519,26.0,,
20,rftl_s,hot_block,10.0,0.4,9,63.078825670818496,0.42857142857142855,0.9090909090909091,0.922077922077922,28.0,93.1970705128832,0.875,0.875,0.8072916666666666,30.0,120.18696267495417,0.75,0.8888888888888888,0.787037037037037,32.0,0.0,0.0
20,baseline,hot_block,10.0,0.5,9,61.97015748956358,0.5714285714285714,0.9545454545454546,0.9415584415584416,32.0,93.19707045276641,0.875,0.875,0.8072916666666666,30.0,120.1869626749415,0.75,0.8888888888888888,0.787037037037037,32.0,,
20,rftl_s,hot_block,10.0,0.5,9,61.97015748958806,0.5714285714285714,0.9545454545454546,0.9415584415584416,32.0,93.19707046973801,0.875,0.875,0.8072916666666666,30.0,120.18696267491556,0.75,0.8888888888888888,0.787037037037037,32.0,0.0,0.0
20,baseline,hot_block,10.0,0.6,9,57.05850992668054,0.7142857142857143,1.0,0.9415584415584416,32.0,93.19707046966565,0.875,0.875,0.8072916666666666,30.0,120.18696267495984,0.75,0.8888888888888888,0.787037037037037,32.0,,
20,rftl_s,hot_block,10.0,0.6,9,57.0585099267308,0.7142857142857143,1.0,0.9415584415584416,32.0,93.19707046980922,0.875,0.875,0.8072916666666666,30.0,120.18696267502648,0.75,0.8888888888888888,0.787037037037037,32.0,0.0,0.0
20,baseline,hot_block,10.0,0.8,9,2074.207549114243,0.0,0.0,0.8571428571428571,,229.8560086164734,0.0,0.4166666666666667,0.7864583333333334,21.0,328.1190741270072,0.0,0.2962962962962963,0.7777777777777777,28.0,,
20,rftl_s,hot_block,10.0,0.8,9,49.68894221603209,1.0,1.0,0.9415584415584416,32.0,95.2965817759323,0.875,0.875,0.8072916666666666,30.0,120.0480517927188,0.75,0.9259259259259259,0.7824074074074074,32.0,0.0,0.0
20,baseline,hot_block,10.0,1.0,9,788.5744289700755,0.0,0.0,0.8766233766233766,,178.02205994128377,0.0,0.5,0.8697916666666667,23.0,253.5289946271894,0.0,0.14814814814814814,0.6157407407407408,26.0,,
20,rftl_s,hot_block,10.0,1.0,9,22.840052721860324,1.0,1.0,0.9285714285714285,32.0,93.63220376912784,0.875,0.875,0.8072916666666666,30.0,120.228592453675,0.75,0.8888888888888888,0.7824074074074074,32.0,0.0,0.0
20,baseline,stripe,10.0,0.6,9,58.32792533857523,0.8571428571428571,1.0,0.948051948051948,32.0,93.19534325295416,0.875,0.875,0.8072916666666666,30.0,120.1869627030824,0.75,0.8888888888888888,0.787037037037037,32.0,,
20,rftl_s,stripe,10.0,0.6,9,58.32792613733322,0.8571428571428571,1.0,0.948051948051948,32.0,93.19668388801651,0.875,0.875,0.8072916666666666,30.0,120.18696266952169,0.75,0.8888888888888888,0.787037037037037,32.0,0.0,0.0
21,clean,none,0.0,0.0,0,58.590624179706126,0.5714285714285714,0.8181818181818182,0.8246753246753247,32.0,88.83251091091697,0.42857142857142855,1.0,1.0,31.0,131.52175860352014,0.125,0.9259259259259259,0.9166666666666666,33.0,,
21,baseline,hot_block,10.0,0.3,9,67.34443337758299,0.14285714285714285,0.6363636363636364,0.8116883116883117,32.0,88.83243327183291,0.42857142857142855,1.0,1.0,31.0,131.52175860391947,0.125,0.9259259259259259,0.9166666666666666,33.0,,
21,rftl_s,hot_block,10.0,0.3,9,67.34442420663477,0.14285714285714285,0.6363636363636364,0.8116883116883117,32.0,88.83251091089863,0.42857142857142855,1.0,1.0,31.0,131.52175860349035,0.125,0.9259259259259259,0.9166666666666666,33.0,0.0,0.0
21,baseline,hot_block,10.0,0.4,9,67.98568989092945,0.14285714285714285,0.45454545454545453,0.7532467532467533,30.0,89.48750396682323,0.42857142857142855,1.0,1.0,31.0,133.05285132065043,0.125,0.9259259259259259,0.9166666666666666,33.0,,
21,rftl_s,hot_block,10.0,0.4,9,62.75298955998372,0.42857142857142855,0.8181818181818182,0.7337662337662337,32.0,88.81596004220798,0.42857142857142855,1.0,1.0,31.0,130.53651228662176,0.125,0.9259259259259259,0.9166666666666666,33.0,0.7777777777777778,1.0
21,baseline,hot_block,10.0,0.5,9,60.537341152299305,0.5714285714285714,0.8636363636363636,0.8051948051948051,32.0,88.83253874667754,0.42857142857142855,1.0,1.0,31.0,131.52175861526555,0.125,0.9259259259259259,0.9166666666666666,33.0,,
21,rftl_s,hot_block,10.0,0.5,9,60.53734118098109,0.5714285714285714,0.8636363636363636,0.8051948051948051,32.0,88.83251089355277,0.42857142857142855,1.0,1.0,31.0,131.52175856499787,0.125,0.9259259259259259,0.9166666666666666,33.0,0.0,0.0
21,baseline,hot_block,10.0,0.6,9,57.07915697013367,0.5714285714285714,0.9545454545454546,0.8441558441558441,32.0,88.83251091090997,0.42857142857142855,1.0,1.0,31.0,131.5217586035015,0.125,0.9259259259259259,0.9166666666666666,33.0,,
21,rftl_s,hot_block,10.0,0.6,9,57.079156789764355,0.5714285714285714,0.9545454545454546,0.8441558441558441,32.0,88.83251117088273,0.42857142857142855,1.0,1.0,31.0,131.5217579193316,0.125,0.9259259259259259,0.9166666666666666,33.0,0.0,0.0
21,baseline,hot_block,10.0,0.8,9,47.59061939567732,0.8571428571428571,1.0,0.8506493506493507,32.0,88.94230448730204,0.42857142857142855,1.0,1.0,31.0,132.58915248293016,0.125,0.8888888888888888,0.9166666666666666,33.0,,
21,rftl_s,hot_block,10.0,0.8,9,54.02773882219989,0.8571428571428571,1.0,0.8441558441558442,32.0,88.83248995182595,0.42857142857142855,1.0,1.0,31.0,131.5217586069258,0.125,0.9259259259259259,0.9166666666666666,33.0,1.0,1.0
21,baseline,hot_block,10.0,1.0,9,26.575424223208035,1.0,1.0,0.8506493506493507,32.0,88.79496545785021,0.42857142857142855,1.0,1.0,31.0,131.55996820558826,0.125,0.9259259259259259,0.9166666666666666,33.0,,
21,rftl_s,hot_block,10.0,1.0,9,1062.3192940731549,0.0,0.0,0.8441558441558441,,267.0084642679384,0.0,0.28,0.7485714285714286,20.0,351.9794170274452,0.0,0.2222222222222222,0.787037037037037,19.0,1.0,1.0
21,baseline,stripe,10.0,0.6,9,60.79682263766817,0.5714285714285714,0.8636363636363636,0.7922077922077921,32.0,88.8325109109389,0.42857142857142855,1.0,1.0,31.0,131.5217586035359,0.125,0.9259259259259259,0.9166666666666666,33.0,,
21,rftl_s,stripe,10.0,0.6,9,60.7968226375107,0.5714285714285714,0.8636363636363636,0.7922077922077921,32.0,88.83251091088154,0.42857142857142855,1.0,1.0,31.0,131.52175860351733,0.125,0.9259259259259259,0.9166666666666666,33.0,0.0,0.0
22,clean,none,0.0,0.0,0,58.417319052708436,0.42857142857142855,0.9090909090909091,0.9090909090909091,35.0,87.98261183854098,0.625,0.8333333333333334,0.7760416666666667,31.0,123.42844756350561,0.75,0.9629629629629629,0.773148148148148,30.0,,
22,baseline,hot_block,10.0,0.3,9,71.2880406915445,0.14285714285714285,0.6818181818181818,0.8831168831168832,28.0,87.9284724324363,0.625,0.8333333333333334,0.7760416666666667,31.0,123.46768195505012,0.75,0.9629629629629629,0.773148148148148,30.0,,
22,rftl_s,hot_block,10.0,0.3,9,71.28794351958032,0.14285714285714285,0.6818181818181818,0.8831168831168832,28.0,87.98261179771782,0.625,0.8333333333333334,0.7760416666666667,31.0,123.42844754741117,0.75,0.9629629629629629,0.773148148148148,30.0,0.0,0.0
22,baseline,hot_block,10.0,0.4,9,65.84874606402384,0.14285714285714285,0.8181818181818182,0.9285714285714285,34.0,87.98261183864398,0.625,0.8333333333333334,0.7760416666666667,31.0,123.42844756351145,0.75,0.9629629629629629,0.773148148148148,30.0,,
22,rftl_s,hot_block,10.0,0.4,9,65.84874606398785,0.14285714285714285,0.8181818181818182,0.9285714285714285,34.0,87.9826118385612,0.625,0.8333333333333334,0.7760416666666667,31.0,123.42844756347993,0.75,0.9629629629629629,0.773148148148148,30.0,0.0,0.0
22,baseline,hot_block,10.0,0.5,9,62.05297153364301,0.5714285714285714,0.9090909090909091,0.922077922077922,34.0,87.98261183855338,0.625,0.8333333333333334,0.7760416666666667,31.0,123.42844756353475,0.75,0.9629629629629629,0.773148148148148,30.0,,
22,rftl_s,hot_block,10.0,0.5,9,62.05297153363625,0.5714285714285714,0.9090909090909091,0.922077922077922,34.0,87.98261050442828,0.625,0.8333333333333334,0.7760416666666667,31.0,123.42844756392385,0.75,0.9629629629629629,0.773148148148148,30.0,0.0,0.0
22,baseline,hot_block,10.0,0.6,9,52.7513221658477,0.7142857142857143,0.9545454545454546,0.8506493506493507,35.0,87.98261183828399,0.625,0.8333333333333334,0.7760416666666667,31.0,123.42844756350587,0.75,0.9629629629629629,0.773148148148148,30.0,,
22,rftl_s,hot_block,10.0,0.6,9,52.75132216584218,0.7142857142857143,0.9545454545454546,0.8506493506493507,35.0,87.98261183857838,0.625,0.8333333333333334,0.7760416666666667,31.0,123.42844756349061,0.75,0.9629629629629629,0.773148148148148,30.0,0.0,0.0
22,baseline,hot_block,10.0,0.8,9,42.990911683991385,1.0,1.0,0.8506493506493507,35.0,87.97555280124081,0.625,0.8333333333333334,0.7760416666666667,31.0,123.42861163136075,0.75,0.9629629629629629,0.773148148148148,30.0,,
22,rftl_s,hot_block,10.0,0.8,9,42.983485548889405,1.0,1.0,0.8506493506493507,35.0,87.98261183854123,0.625,0.8333333333333334,0.7760416666666667,31.0,123.42844756350544,0.75,0.9629629629629629,0.773148148148148,30.0,0.0,0.0
22,baseline,hot_block,10.0,1.0,9,24.432978379426117,1.0,1.0,0.8376623376623377,35.0,87.95861716963908,0.625,0.8333333333333334,0.7760416666666667,31.0,123.42860338639773,0.75,0.9629629629629629,0.773148148148148,30.0,,
22,rftl_s,hot_block,10.0,1.0,9,24.432496800390638,1.0,1.0,0.8376623376623377,35.0,87.98261181970213,0.625,0.8333333333333334,0.7760416666666667,31.0,123.42844756350061,0.75,0.9629629629629629,0.773148148148148,30.0,0.0,0.0
22,baseline,stripe,10.0,0.6,9,61.02161335290333,0.42857142857142855,0.8636363636363636,0.8831168831168832,34.0,87.98261183783538,0.625,0.8333333333333334,0.7760416666666667,31.0,123.42844756350621,0.75,0.9629629629629629,0.773148148148148,30.0,,
22,rftl_s,stripe,10.0,0.6,9,61.02161335296958,0.42857142857142855,0.8636363636363636,0.8831168831168832,34.0,87.98261183852361,0.625,0.8333333333333334,0.7760416666666667,31.0,123.42844756352267,0.75,0.9629629629629629,0.773148148148148,30.0,0.0,0.0
23,clean,none,0.0,0.0,0,57.538992555672564,0.42857142857142855,1.0,0.9610389610389609,34.0,90.30097565845533,0.5714285714285714,0.92,0.9199999999999999,34.0,122.34149466839045,0.625,0.9629629629629629,0.8472222222222222,33.0,,
23,baseline,hot_block,10.0,0.3,9,68.2267386600858,0.14285714285714285,0.6818181818181818,0.9285714285714285,31.0,90.29862090456378,0.5714285714285714,0.92,0.9199999999999999,34.0,122.34033584808081,0.625,0.9629629629629629,0.8472222222222222,33.0,,
23,rftl_s,hot_block,10.0,0.3,9,61.10250634288362,0.5714285714285714,0.9545454545454546,0.9155844155844155,34.0,90.3009756586622,0.5714285714285714,0.92,0.9199999999999999,34.0,122.34149466836625,0.625,0.9629629629629629,0.8472222222222222,33.0,1.0,1.0
23,baseline,hot_block,10.0,0.4,9,62.91293780226009,0.2857142857142857,1.0,0.9545454545454546,34.0,90.30097565855877,0.5714285714285714,0.92,0.9199999999999999,34.0,122.34149466848885,0.625,0.9629629629629629,0.8472222222222222,33.0,,
23,rftl_s,hot_block,10.0,0.4,9,62.912937802248564,0.2857142857142857,1.0,0.9545454545454546,34.0,90.30097565844954,0.5714285714285714,0.92,0.9199999999999999,34.0,122.34149466850826,0.625,0.9629629629629629,0.8472222222222222,33.0,0.0,0.0
23,baseline,hot_block,10.0,0.5,9,64.45618862019305,0.14285714285714285,0.9090909090909091,0.9675324675324675,34.0,90.30097565848159,0.5714285714285714,0.92,0.9199999999999999,34.0,122.34149466841147,0.625,0.9629629629629629,0.8472222222222222,33.0,,
23,rftl_s,hot_block,10.0,0.5,9,64.45618862019336,0.14285714285714285,0.9090909090909091,0.9675324675324675,34.0,90.30097565846002,0.5714285714285714,0.92,0.9199999999999999,34.0,122.34149466845112,0.625,0.9629629629629629,0.8472222222222222,33.0,0.0,0.0
23,baseline,hot_block,10.0,0.6,9,54.80830809702656,0.7142857142857143,1.0,0.961038961038961,34.0,90.3009756581211,0.5714285714285714,0.92,0.9199999999999999,34.0,122.34149466839665,0.625,0.9629629629629629,0.8472222222222222,33.0,,
23,rftl_s,hot_block,10.0,0.6,9,54.80830809704908,0.7142857142857143,1.0,0.961038961038961,34.0,90.30097565843167,0.5714285714285714,0.92,0.9199999999999999,34.0,122.34149466840557,0.625,0.9629629629629629,0.8472222222222222,33.0,0.0,0.0
23,baseline,hot_block,10.0,0.8,9,50.138955501231685,0.8571428571428571,1.0,0.9415584415584416,34.0,90.3005088653363,0.5714285714285714,0.92,0.9199999999999999,34.0,122.34188484327714,0.625,0.9629629629629629,0.8472222222222222,33.0,,
23,rftl_s,hot_block,10.0,0.8,9,50.138955045384215,0.8571428571428571,1.0,0.9415584415584416,34.0,90.30097566805591,0.5714285714285714,0.92,0.9199999999999999,34.0,122.3414946696087,0.625,0.9629629629629629,0.8472222222222222,33.0,0.0,0.0
23,baseline,hot_block,10.0,1.0,9,23.969016189941698,1.0,1.0,0.974025974025974,34.0,90.30360920155562,0.5714285714285714,0.92,0.9199999999999999,34.0,122.34184176486997,0.625,0.9629629629629629,0.8472222222222222,33.0,,
23,rftl_s,hot_block,10.0,1.0,9,23.968900143596606,1.0,1.0,0.974025974025974,34.0,90.30096281203186,0.5714285714285714,0.92,0.9199999999999999,34.0,122.34148619175659,0.625,0.9629629629629629,0.8472222222222222,33.0,0.0,0.0
23,baseline,stripe,10.0,0.6,9,55.66625487556141,0.42857142857142855,1.0,0.9545454545454546,34.0,90.30097565843306,0.5714285714285714,0.92,0.9199999999999999,34.0,122.34149466840246,0.625,0.9629629629629629,0.8472222222222222,33.0,,
23,rftl_s,stripe,10.0,0.6,9,55.666221240887076,0.42857142857142855,1.0,0.9545454545454546,34.0,90.30095457128395,0.5714285714285714,0.92,0.9199999999999999,34.0,122.34149168413026,0.625,0.9629629629629629,0.8472222222222222,33.0,0.0,0.0
24,clean,none,0.0,0.0,0,54.88054861140803,0.5714285714285714,0.9090909090909091,0.8701298701298701,29.0,92.67789846854726,0.42857142857142855,0.96,0.9028571428571429,34.0,126.88502461616227,0.3333333333333333,0.7692307692307693,0.7606837606837608,32.0,,
24,baseline,hot_block,10.0,0.3,9,68.0810119090514,0.14285714285714285,0.5454545454545454,0.8636363636363636,29.0,92.6778984292521,0.42857142857142855,0.96,0.9028571428571429,34.0,126.88502461618586,0.3333333333333333,0.7692307692307693,0.7606837606837608,32.0,,
24,rftl_s,hot_block,10.0,0.3,9,68.08101190907152,0.14285714285714285,0.5454545454545454,0.8636363636363636,29.0,92.67789846849493,0.42857142857142855,0.96,0.9028571428571429,34.0,126.88502461618958,0.3333333333333333,0.7692307692307693,0.7606837606837608,32.0,0.0,0.0
24,baseline,hot_block,10.0,0.4,9,62.466107733259484,0.42857142857142855,0.8181818181818182,0.8246753246753247,29.0,92.67789846854569,0.42857142857142855,0.96,0.9028571428571429,34.0,126.88502461616848,0.3333333333333333,0.7692307692307693,0.7606837606837608,32.0,,
24,rftl_s,hot_block,10.0,0.4,9,62.46610773321743,0.42857142857142855,0.8181818181818182,0.8246753246753247,29.0,92.67789846852003,0.42857142857142855,0.96,0.9028571428571429,34.0,126.88502461621695,0.3333333333333333,0.7692307692307693,0.7606837606837608,32.0,0.0,0.0
24,baseline,hot_block,10.0,0.5,9,68.5477017098794,0.0,0.6818181818181818,0.948051948051948,28.0,92.67721568115088,0.42857142857142855,0.96,0.9028571428571429,34.0,126.88502844689069,0.3333333333333333,0.7692307692307693,0.7606837606837608,32.0,,
24,rftl_s,hot_block,10.0,0.5,9,68.54769683479893,0.0,0.6818181818181818,0.948051948051948,28.0,92.67789846850005,0.42857142857142855,0.96,0.9028571428571429,34.0,126.88502461622365,0.3333333333333333,0.7692307692307693,0.7606837606837608,32.0,0.0,0.0
24,baseline,hot_block,10.0,0.6,9,56.83372641111421,0.42857142857142855,0.9545454545454546,0.8311688311688311,30.0,92.67789847218364,0.42857142857142855,0.96,0.9028571428571429,34.0,126.88502461617102,0.3333333333333333,0.7692307692307693,0.7606837606837608,32.0,,
24,rftl_s,hot_block,10.0,0.6,9,56.833726411210044,0.42857142857142855,0.9545454545454546,0.8311688311688311,30.0,92.67789846852114,0.42857142857142855,0.96,0.9028571428571429,34.0,126.88502461619079,0.3333333333333333,0.7692307692307693,0.7606837606837608,32.0,0.0,0.0
24,baseline,hot_block,10.0,0.8,9,44.6440139986903,1.0,1.0,0.8766233766233765,30.0,92.67789846852453,0.42857142857142855,0.96,0.9028571428571429,34.0,126.8850246162657,0.3333333333333333,0.7692307692307693,0.7606837606837608,32.0,,
24,rftl_s,hot_block,10.0,0.8,9,44.64401399871406,1.0,1.0,0.8766233766233765,30.0,92.67789846851038,0.42857142857142855,0.96,0.9028571428571429,34.0,126.8850246161596,0.3333333333333333,0.7692307692307693,0.7606837606837608,32.0,0.0,0.0
24,baseline,hot_block,10.0,1.0,9,26.54369598877524,1.0,1.0,0.8571428571428571,30.0,93.01722689274894,0.2857142857142857,0.96,0.9028571428571429,34.0,127.70368665125181,0.3333333333333333,0.7692307692307693,0.764957264957265,32.0,,
24,rftl_s,hot_block,10.0,1.0,9,26.583766205398298,1.0,1.0,0.8181818181818181,30.0,92.99404891415047,0.2857142857142857,0.96,0.9085714285714285,34.0,126.90061068099446,0.3333333333333333,0.7692307692307693,0.7606837606837608,32.0,0.0,0.0
24,baseline,stripe,10.0,0.6,9,62.02245588450427,0.2857142857142857,0.7272727272727273,0.8311688311688311,29.0,92.6778984685057,0.42857142857142855,0.96,0.9028571428571429,34.0,126.88502461613231,0.3333333333333333,0.7692307692307693,0.7606837606837608,32.0,,
24,rftl_s,stripe,10.0,0.6,9,62.02245588497787,0.2857142857142857,0.7272727272727273,0.8311688311688311,29.0,92.67789846854373,0.42857142857142855,0.96,0.9028571428571429,34.0,126.88502461616457,0.3333333333333333,0.7692307692307693,0.7606837606837608,32.0,0.0,0.0
25,clean,none,0.0,0.0,0,55.90318900838462,0.42857142857142855,0.9545454545454546,0.8831168831168831,33.0,91.28817036359054,0.42857142857142855,0.92,0.9314285714285714,32.0,119.06796762357062,0.6666666666666666,1.0,0.9358974358974359,31.0,,
25,baseline,hot_block,10.0,0.3,9,71.07568772869263,0.14285714285714285,0.8181818181818182,0.9285714285714286,32.0,91.29697288445949,0.42857142857142855,0.92,0.9314285714285714,32.0,119.06908566850916,0.6666666666666666,1.0,0.9358974358974359,31.0,,
25,rftl_s,hot_block,10.0,0.3,9,71.08580528948525,0.14285714285714285,0.8181818181818182,0.9285714285714286,32.0,91.28817036359878,0.42857142857142855,0.92,0.9314285714285714,32.0,119.06796762356997,0.6666666666666666,1.0,0.9358974358974359,31.0,0.0,0.0
25,baseline,hot_block,10.0,0.4,9,62.63046542285991,0.2857142857142857,1.0,0.9090909090909092,33.0,91.28817036366864,0.42857142857142855,0.92,0.9314285714285714,32.0,119.06796762366392,0.6666666666666666,1.0,0.9358974358974359,31.0,,
25,rftl_s,hot_block,10.0,0.4,9,62.63046540323642,0.2857142857142857,1.0,0.9090909090909092,33.0,91.28817036366364,0.42857142857142855,0.92,0.9314285714285714,32.0,119.0679676235703,0.6666666666666666,1.0,0.9358974358974359,31.0,0.0,0.0
25,baseline,hot_block,10.0,0.5,9,55.09682893066882,0.5714285714285714,1.0,0.9025974025974025,33.0,91.28817036365173,0.42857142857142855,0.92,0.9314285714285714,32.0,119.06796762364927,0.6666666666666666,1.0,0.9358974358974359,31.0,,
25,rftl_s,hot_block,10.0,0.5,9,55.096828930667215,0.5714285714285714,1.0,0.9025974025974025,33.0,91.28817036367073,0.42857142857142855,0.92,0.9314285714285714,32.0,119.06796762355003,0.6666666666666666,1.0,0.9358974358974359,31.0,0.0,0.0
25,baseline,hot_block,10.0,0.6,9,55.18473036035298,0.42857142857142855,1.0,0.9285714285714286,33.0,91.28817036368125,0.42857142857142855,0.92,0.9314285714285714,32.0,119.06796762358383,0.6666666666666666,1.0,0.9358974358974359,31.0,,
25,rftl_s,hot_block,10.0,0.6,9,54.726194369548665,0.5714285714285714,1.0,0.948051948051948,33.0,91.28761061205535,0.42857142857142855,0.92,0.9314285714285714,32.0,119.08301405364989,0.6666666666666666,1.0,0.9401709401709402,31.0,0.9090909090909091,1.0
25,baseline,hot_block,10.0,0.8,9,1397.4388683705047,0.0,0.0,0.922077922077922,,209.04220628717388,0.0,0.36,0.8514285714285714,22.0,266.8507242978135,0.0,0.4230769230769231,0.7307692307692308,24.0,,
25,rftl_s,hot_block,10.0,0.8,9,1047.9654113246922,0.0,0.0,0.9090909090909091,,156.4215457067204,0.0,0.76,0.92,30.0,191.89065733140524,0.1111111111111111,0.5769230769230769,0.8205128205128205,26.0,0.0,0.0
25,baseline,hot_block,10.0,1.0,9,26.34069225931068,1.0,1.0,0.9025974025974026,33.0,91.29603368415547,0.42857142857142855,0.92,0.9314285714285714,32.0,119.06645646958287,0.6666666666666666,1.0,0.9358974358974359,31.0,,
25,rftl_s,hot_block,10.0,1.0,9,26.393678622755843,1.0,1.0,0.9025974025974026,33.0,91.28817036118107,0.42857142857142855,0.92,0.9314285714285714,32.0,119.06796762356811,0.6666666666666666,1.0,0.9358974358974359,31.0,1.0,1.0
25,baseline,stripe,10.0,0.6,9,62.26041807481363,0.2857142857142857,0.9545454545454546,0.922077922077922,33.0,91.28817036372001,0.42857142857142855,0.92,0.9314285714285714,32.0,119.06796762351377,0.6666666666666666,1.0,0.9358974358974359,31.0,,
25,rftl_s,stripe,10.0,0.6,9,62.26041807513408,0.2857142857142857,0.9545454545454546,0.922077922077922,33.0,91.28817036367622,0.42857142857142855,0.92,0.9314285714285714,32.0,119.06796762356564,0.6666666666666666,1.0,0.9358974358974359,31.0,0.0,0.0
26,clean,none,0.0,0.0,0,55.543892575592324,0.7142857142857143,0.9545454545454546,0.9025974025974025,28.0,91.82779636746906,0.5,0.9583333333333334,0.8802083333333334,33.0,126.89946874742351,0.5,0.8888888888888888,0.9027777777777778,32.0,,
26,baseline,hot_block,10.0,0.3,9,71.83021056658555,0.0,0.7727272727272727,0.8896103896103895,28.0,91.8277963673622,0.5,0.9583333333333334,0.8802083333333334,33.0,126.89946874750049,0.5,0.8888888888888888,0.9027777777777778,32.0,,
26,rftl_s,hot_block,10.0,0.3,9,71.83021056658758,0.0,0.7727272727272727,0.8896103896103895,28.0,91.827796367492,0.5,0.9583333333333334,0.8802083333333334,33.0,126.89946874745218,0.5,0.8888888888888888,0.9027777777777778,32.0,0.0,0.0
26,baseline,hot_block,10.0,0.4,9,64.73795975807062,0.2857142857142857,0.7727272727272727,0.8831168831168831,28.0,91.82779636753071,0.5,0.9583333333333334,0.8802083333333334,33.0,126.89946874747785,0.5,0.8888888888888888,0.9027777777777778,32.0,,
26,rftl_s,hot_block,10.0,0.4,9,64.73795975798618,0.2857142857142857,0.7727272727272727,0.8831168831168831,28.0,91.82779636743393,0.5,0.9583333333333334,0.8802083333333334,33.0,126.89946874738632,0.5,0.8888888888888888,0.9027777777777778,32.0,0.0,0.0
26,baseline,hot_block,10.0,0.5,9,66.0293686122823,0.2857142857142857,0.8181818181818182,0.8766233766233766,28.0,100.9429800784121,0.375,0.875,0.8854166666666666,33.0,133.77339273457522,0.5,0.8518518518518519,0.9027777777777778,32.0,,
26,rftl_s,hot_block,10.0,0.5,9,62.637917843916725,0.2857142857142857,0.8181818181818182,0.8831168831168831,28.0,91.82779636753375,0.5,0.9583333333333334,0.8802083333333334,33.0,126.89946874747952,0.5,0.8888888888888888,0.9027777777777778,32.0,0.0,0.0
26,baseline,hot_block,10.0,0.6,9,59.11286517652345,0.42857142857142855,0.9090909090909091,0.922077922077922,28.0,91.82779636751312,0.5,0.9583333333333334,0.8802083333333334,33.0,126.89946874745223,0.5,0.8888888888888888,0.9027777777777778,32.0,,
26,rftl_s,hot_block,10.0,0.6,9,61.540805088093904,0.42857142857142855,0.9090909090909091,0.9285714285714285,28.0,91.82779636749325,0.5,0.9583333333333334,0.8802083333333334,33.0,126.89946874744118,0.5,0.8888888888888888,0.9027777777777778,32.0,1.0,1.0
26,baseline,hot_block,10.0,0.8,9,48.75242548559564,0.8571428571428571,1.0,0.9675324675324676,28.0,91.97450482215609,0.5,0.9583333333333334,0.8854166666666667,33.0,127.01659085155586,0.5,0.8888888888888888,0.9027777777777778,32.0,,
26,rftl_s,hot_block,10.0,0.8,9,48.68489616815005,0.8571428571428571,1.0,0.961038961038961,28.0,91.82788381549821,0.5,0.9583333333333334,0.8802083333333334,33.0,126.89946874764293,0.5,0.8888888888888888,0.9027777777777778,32.0,0.0,0.0
26,baseline,hot_block,10.0,1.0,9,25.103767379971593,1.0,1.0,0.9090909090909091,28.0,91.82654351021041,0.5,0.9583333333333334,0.8802083333333334,33.0,126.8994685595705,0.5,0.8888888888888888,0.9027777777777778,32.0,,
26,rftl_s,hot_block,10.0,1.0,9,25.107545838704016,1.0,1.0,0.9090909090909091,28.0,91.9222192984511,0.5,0.9583333333333334,0.8802083333333334,33.0,127.40652790628863,0.5,0.8888888888888888,0.9027777777777778,32.0,0.0,0.0
26,baseline,stripe,10.0,0.6,9,57.93180270439085,0.42857142857142855,0.9545454545454546,0.9090909090909091,28.0,91.8277963674924,0.5,0.9583333333333334,0.8802083333333334,33.0,126.8994687474439,0.5,0.8888888888888888,0.9027777777777778,32.0,,
26,rftl_s,stripe,10.0,0.6,9,57.93180270442676,0.42857142857142855,0.9545454545454546,0.9090909090909091,28.0,91.82779636749584,0.5,0.9583333333333334,0.8802083333333334,33.0,126.89946874749504,0.5,0.8888888888888888,0.9027777777777778,32.0,0.0,0.0
27,clean,none,0.0,0.0,0,64.9933036989305,0.2857142857142857,0.8571428571428571,0.9047619047619048,30.0,92.864308755964,0.42857142857142855,0.92,0.8742857142857142,30.0,119.37090967745853,0.625,1.0,0.9861111111111112,30.0,,
27,baseline,hot_block,10.0,0.3,9,73.62033199770096,0.0,0.5238095238095238,0.8163265306122449,30.0,92.8642359784811,0.42857142857142855,0.92,0.8742857142857142,30.0,119.37090998884999,0.625,1.0,0.9861111111111112,30.0,,
27,rftl_s,hot_block,10.0,0.3,9,66.37125136916518,0.2857142857142857,0.6666666666666666,0.8027210884353742,30.0,92.86430875595607,0.42857142857142855,0.92,0.8742857142857142,30.0,119.08973335949372,0.625,1.0,0.9907407407407407,30.0,0.6666666666666666,1.0
27,baseline,hot_block,10.0,0.4,9,74.57418981842942,0.0,0.5238095238095238,0.9251700680272108,30.0,92.86430875596444,0.42857142857142855,0.92,0.8742857142857142,30.0,119.37090967753828,0.625,1.0,0.9861111111111112,30.0,,
27,rftl_s,hot_block,10.0,0.4,9,74.57418981846021,0.0,0.5238095238095238,0.9251700680272108,30.0,92.86430875598921,0.42857142857142855,0.92,0.8742857142857142,30.0,119.37090967743632,0.625,1.0,0.9861111111111112,30.0,0.0,0.0
27,baseline,hot_block,10.0,0.5,9,61.71203794873897,0.7142857142857143,0.7619047619047619,0.7619047619047618,30.0,92.86431688975644,0.42857142857142855,0.92,0.8742857142857142,30.0,119.37090966055881,0.625,1.0,0.9861111111111112,30.0,,
27,rftl_s,hot_block,10.0,0.5,9,70.17500944868567,0.2857142857142857,0.7619047619047619,0.782312925170068,30.0,99.66877510436738,0.42857142857142855,0.88,0.8742857142857143,30.0,130.25630509724263,0.625,1.0,0.9814814814814814,30.0,0.0,0.0
27,baseline,hot_block,10.0,0.6,9,63.26734886477169,0.2857142857142857,0.9523809523809523,0.91156462585034,30.0,92.86539326847276,0.42857142857142855,0.92,0.8742857142857142,30.0,119.37035871891324,0.625,1.0,0.9861111111111112,30.0,,
27,rftl_s,hot_block,10.0,0.6,9,62.95669909681034,0.5714285714285714,0.9523809523809523,0.891156462585034,30.0,92.59031003862538,0.42857142857142855,0.92,0.8742857142857143,30.0,120.43067598277364,0.625,1.0,0.9861111111111112,30.0,1.0,1.0
27,baseline,hot_block,10.0,0.8,9,47.12298776209146,1.0,1.0,0.782312925170068,30.0,92.86430875613219,0.42857142857142855,0.92,0.8742857142857142,30.0,119.37090967736407,0.625,1.0,0.9861111111111112,30.0,,
27,rftl_s,hot_block,10.0,0.8,9,52.725851542920324,1.0,0.9523809523809523,0.8095238095238095,30.0,92.86430875590497,0.42857142857142855,0.92,0.8742857142857142,30.0,119.37090967746494,0.625,1.0,0.9861111111111112,30.0,1.0,1.0
27,baseline,hot_block,10.0,1.0,9,29.698599267277714,1.0,1.0,0.782312925170068,30.0,92.8775376421523,0.42857142857142855,0.92,0.8685714285714287,30.0,119.40616328844982,0.625,1.0,0.9861111111111112,30.0,,
27,rftl_s,hot_block,10.0,1.0,9,1330.973818189453,0.0,0.0,0.4897959183673469,,293.73165989139,0.0,0.36,0.8,20.0,433.08075261774707,0.0,0.07407407407407407,0.7083333333333333,16.0,0.0,0.0
27,baseline,stripe,10.0,0.6,9,69.6380178043957,0.14285714285714285,0.5238095238095238,0.8775510204081632,30.0,92.86430875597603,0.42857142857142855,0.92,0.8742857142857142,30.0,119.37090967739509,0.625,1.0,0.9861111111111112,30.0,,
27,rftl_s,stripe,10.0,0.6,9,69.63801780445516,0.14285714285714285,0.5238095238095238,0.8775510204081632,30.0,92.86430875593682,0.42857142857142855,0.92,0.8742857142857142,30.0,119.37090967741639,0.625,1.0,0.9861111111111112,30.0,0.0,0.0
28,clean,none,0.0,0.0,0,55.36296507363174,0.5714285714285714,1.0,0.961038961038961,28.0,92.89777405676011,0.375,0.9565217391304348,0.8804347826086957,34.0,126.53081080053269,0.75,0.9259259259259259,0.7685185185185185,33.0,,
28,baseline,hot_block,10.0,0.3,9,67.18667803272206,0.14285714285714285,0.9090909090909091,0.948051948051948,28.0,92.89777405673209,0.375,0.9565217391304348,0.8804347826086957,34.0,126.53081080056683,0.75,0.9259259259259259,0.7685185185185185,33.0,,
28,rftl_s,hot_block,10.0,0.3,9,67.18667803270206,0.14285714285714285,0.9090909090909091,0.948051948051948,28.0,92.8977740567662,0.375,0.9565217391304348,0.8804347826086957,34.0,126.53081080050843,0.75,0.9259259259259259,0.7685185185185185,33.0,0.0,0.0
28,baseline,hot_block,10.0,0.4,9,67.84025905937418,0.14285714285714285,0.8636363636363636,0.9545454545454546,28.0,92.89777432037025,0.375,0.9565217391304348,0.8804347826086957,34.0,126.53081080121696,0.75,0.9259259259259259,0.7685185185185185,33.0,,
28,rftl_s,hot_block,10.0,0.4,9,67.84026014549083,0.14285714285714285,0.8636363636363636,0.9545454545454546,28.0,92.89745856354945,0.375,0.9565217391304348,0.8804347826086957,34.0,126.53067261652177,0.75,0.9259259259259259,0.7685185185185185,33.0,0.0,0.0
28,baseline,hot_block,10.0,0.5,9,64.35824663386842,0.14285714285714285,0.9545454545454546,0.9805194805194806,28.0,92.89777405673769,0.375,0.9565217391304348,0.8804347826086957,34.0,126.53081080049856,0.75,0.9259259259259259,0.7685185185185185,33.0,,
28,rftl_s,hot_block,10.0,0.5,9,64.35824663390136,0.14285714285714285,0.9545454545454546,0.9805194805194806,28.0,92.8977740567535,0.375,0.9565217391304348,0.8804347826086957,34.0,126.53081080052084,0.75,0.9259259259259259,0.7685185185185185,33.0,0.0,0.0
28,baseline,hot_block,10.0,0.6,9,61.309395879664336,0.42857142857142855,0.9090909090909091,0.922077922077922,28.0,92.89777405675822,0.375,0.9565217391304348,0.8804347826086957,34.0,126.53081080046141,0.75,0.9259259259259259,0.7685185185185185,33.0,,
28,rftl_s,hot_block,10.0,0.6,9,61.30939587963597,0.42857142857142855,0.9090909090909091,0.922077922077922,28.0,92.89777405676614,0.375,0.9565217391304348,0.8804347826086957,34.0,126.53081080050842,0.75,0.9259259259259259,0.7685185185185185,33.0,0.0,0.0
28,baseline,hot_block,10.0,0.8,9,50.58914849422563,0.8571428571428571,1.0,0.9870129870129871,28.0,92.89560555226225,0.375,0.9565217391304348,0.8804347826086957,34.0,126.5284905810158,0.75,0.9259259259259259,0.7685185185185185,33.0,,
28,rftl_s,hot_block,10.0,0.8,9,2116.4813322742602,0.0,0.0,0.8246753246753247,,273.82987251455825,0.0,0.30434782608695654,0.8206521739130435,26.0,340.0476571912239,0.125,0.2962962962962963,0.5555555555555556,28.0,1.0,1.0
28,baseline,hot_block,10.0,1.0,9,1351.8266844525015,0.0,0.0,0.7402597402597402,,326.68206489876206,0.0,0.21739130434782608,0.8097826086956521,24.0,414.07971182893056,0.0,0.18518518518518517,0.6435185185185185,20.0,,
28,rftl_s,hot_block,10.0,1.0,9,25.9958225984865,1.0,1.0,0.9675324675324675,28.0,92.89367412390811,0.375,0.9565217391304348,0.8804347826086957,34.0,126.52950869492302,0.75,0.9259259259259259,0.7685185185185185,33.0,1.0,1.0
28,baseline,stripe,10.0,0.6,9,60.64622625240269,0.2857142857142857,0.9090909090909091,0.948051948051948,28.0,92.89777405676328,0.375,0.9565217391304348,0.8804347826086957,34.0,126.53081080052264,0.75,0.9259259259259259,0.7685185185185185,33.0,,
28,rftl_s,stripe,10.0,0.6,9,60.646226252449516,0.2857142857142857,0.9090909090909091,0.948051948051948,28.0,92.89777405676611,0.375,0.9565217391304348,0.8804347826086957,34.0,126.53081080050865,0.75,0.9259259259259259,0.7685185185185185,33.0,0.0,0.0
29,clean,none,0.0,0.0,0,59.41230925793924,0.625,0.8947368421052632,0.7236842105263158,32.0,94.03034704935466,0.42857142857142855,0.88,0.8685714285714285,35.0,112.15613356575334,0.8888888888888888,0.9615384615384616,0.8290598290598291,35.0,,
29,baseline,hot_block,10.0,0.3,9,71.66673039485195,0.25,0.47368421052631576,0.6710526315789473,32.0,94.03034704914653,0.42857142857142855,0.88,0.8685714285714285,35.0,112.15613356573584,0.8888888888888888,0.9615384615384616,0.8290598290598291,35.0,,
29,rftl_s,hot_block,10.0,0.3,9,71.66673039488413,0.25,0.47368421052631576,0.6710526315789473,32.0,94.03034704932047,0.42857142857142855,0.88,0.8685714285714285,35.0,112.15613356577293,0.8888888888888888,0.9615384615384616,0.8290598290598291,35.0,0.0,0.0
29,baseline,hot_block,10.0,0.4,9,66.79953980177916,0.375,0.631578947368421,0.6710526315789473,32.0,94.0307048784793,0.42857142857142855,0.88,0.8685714285714285,35.0,112.1561244026703,0.8888888888888888,0.9615384615384616,0.8290598290598291,35.0,,
29,rftl_s,hot_block,10.0,0.4,9,66.79955148872892,0.375,0.631578947368421,0.6710526315789473,32.0,94.03034704928089,0.42857142857142855,0.88,0.8685714285714285,35.0,112.15613356574524,0.8888888888888888,0.9615384615384616,0.8290598290598291,35.0,0.0,0.0
29,baseline,hot_block,10.0,0.5,9,69.87383398117403,0.375,0.6842105263157895,0.7697368421052632,32.0,94.0278892435819,0.42857142857142855,0.88,0.8685714285714285,35.0,112.15606886316124,0.8888888888888888,0.9615384615384616,0.8290598290598291,35.0,,
29,rftl_s,hot_block,10.0,0.5,9,63.99304029006275,0.625,0.7894736842105263,0.756578947368421,32.0,94.03034704941193,0.42857142857142855,0.88,0.8685714285714285,35.0,112.1561335657682,0.8888888888888888,0.9615384615384616,0.8290598290598291,35.0,1.0,1.0
29,baseline,hot_block,10.0,0.6,9,60.009700210365864,0.625,0.8947368421052632,0.6907894736842105,32.0,94.03034704927133,0.42857142857142855,0.88,0.8685714285714285,35.0,112.15613356575307,0.8888888888888888,0.9615384615384616,0.8290598290598291,35.0,,
29,rftl_s,hot_block,10.0,0.6,9,60.00970021031114,0.625,0.8947368421052632,0.6907894736842105,32.0,94.03034704930761,0.42857142857142855,0.88,0.8685714285714285,35.0,112.1561335657649,0.8888888888888888,0.9615384615384616,0.8290598290598291,35.0,0.0,0.0
29,baseline,hot_block,10.0,0.8,9,49.29734984539775,1.0,1.0,0.6842105263157895,32.0,94.37900589416903,0.42857142857142855,0.88,0.8685714285714285,35.0,112.69515559680016,0.8888888888888888,0.9615384615384616,0.8290598290598291,35.0,,
29,rftl_s,hot_block,10.0,0.8,9,55.80079168932946,1.0,1.0,0.7236842105263157,32.0,94.03034044025814,0.42857142857142855,0.88,0.8685714285714285,35.0,112.15613356695411,0.8888888888888888,0.9615384615384616,0.8290598290598291,35.0,1.0,1.0
29,baseline,hot_block,10.0,1.0,9,28.6988965761142,1.0,1.0,0.6710526315789473,32.0,94.03034680724369,0.42857142857142855,0.88,0.8685714285714285,35.0,112.15613356574129,0.8888888888888888,0.9615384615384616,0.8290598290598291,35.0,,
29,rftl_s,hot_block,10.0,1.0,9,28.698896576106673,1.0,1.0,0.6710526315789473,32.0,94.03034655123045,0.42857142857142855,0.88,0.8685714285714285,35.0,112.15613356577393,0.8888888888888888,0.9615384615384616,0.8290598290598291,35.0,0.0,0.0
29,baseline,stripe,10.0,0.6,9,67.13360917549855,0.5,0.631578947368421,0.6907894736842105,32.0,94.03034704931926,0.42857142857142855,0.88,0.8685714285714285,35.0,112.15613356574399,0.8888888888888888,0.9615384615384616,0.8290598290598291,35.0,,
29,rftl_s,stripe,10.0,0.6,9,67.13969059653965,0.5,0.631578947368421,0.6907894736842105,32.0,93.96588780255703,0.42857142857142855,0.88,0.8685714285714285,35.0,112.23122645769624,0.8888888888888888,0.9615384615384616,0.8290598290598291,35.0,0.0,0.0
30,clean,none,0.0,0.0,0,54.92921042415933,0.2857142857142857,1.0,0.9523809523809524,30.0,90.91308253368842,0.125,0.9565217391304348,0.9619565217391304,36.0,127.21767633468774,0.1111111111111111,0.8846153846153846,0.952991452991453,35.0,,
30,baseline,hot_block,10.0,0.3,9,1899.602709635259,0.0,0.0,0.9455782312925171,,302.98380877105427,0.0,0.391304347826087,0.8097826086956521,19.0,377.01326965231397,0.0,0.3076923076923077,0.7948717948717949,21.0,,
30,rftl_s,hot_block,10.0,0.3,9,63.79146794991394,0.14285714285714285,0.7142857142857143,0.9319727891156463,30.0,90.91308253369712,0.125,0.9565217391304348,0.9619565217391304,36.0,127.21767633467474,0.1111111111111111,0.8846153846153846,0.952991452991453,35.0,0.0,0.0
30,baseline,hot_block,10.0,0.4,9,69.7445319533475,0.14285714285714285,0.5238095238095238,0.8707482993197279,28.0,90.91308253362618,0.125,0.9565217391304348,0.9619565217391304,36.0,127.2176763346798,0.1111111111111111,0.8846153846153846,0.952991452991453,35.0,,
30,rftl_s,hot_block,10.0,0.4,9,69.74453195330739,0.14285714285714285,0.5238095238095238,0.8707482993197279,28.0,90.91308253368311,0.125,0.9565217391304348,0.9619565217391304,36.0,127.21767633469743,0.1111111111111111,0.8846153846153846,0.952991452991453,35.0,0.0,0.0
30,baseline,hot_block,10.0,0.5,9,66.56964622647641,0.14285714285714285,0.7142857142857143,0.8707482993197279,28.0,90.9130825334714,0.125,0.9565217391304348,0.9619565217391304,36.0,127.21767633470088,0.1111111111111111,0.8846153846153846,0.952991452991453,35.0,,
30,rftl_s,hot_block,10.0,0.5,9,66.56964629213353,0.14285714285714285,0.7142857142857143,0.8707482993197279,28.0,90.91308241238882,0.125,0.9565217391304348,0.9619565217391304,36.0,127.21767633749315,0.1111111111111111,0.8846153846153846,0.952991452991453,35.0,0.0,0.0
30,baseline,hot_block,10.0,0.6,9,56.21903749724796,0.2857142857142857,1.0,0.891156462585034,30.0,90.91308253366591,0.125,0.9565217391304348,0.9619565217391304,36.0,127.21767633475031,0.1111111111111111,0.8846153846153846,0.952991452991453,35.0,,
30,rftl_s,hot_block,10.0,0.6,9,56.21903749728067,0.2857142857142857,1.0,0.891156462585034,30.0,90.9130825336619,0.125,0.9565217391304348,0.9619565217391304,36.0,127.21767633466894,0.1111111111111111,0.8846153846153846,0.952991452991453,35.0,0.0,0.0
30,baseline,hot_block,10.0,0.8,9,2221.4967095099873,0.0,0.0,0.9319727891156462,,328.9256875486192,0.0,0.391304347826087,0.7989130434782609,19.0,400.92397396736396,0.0,0.2692307692307692,0.8376068376068376,21.0,,
30,rftl_s,hot_block,10.0,0.8,9,1842.6084291653701,0.0,0.0,0.9523809523809523,,274.2777042085516,0.0,0.391304347826087,0.8097826086956521,19.0,335.6293618319133,0.0,0.3076923076923077,0.7948717948717949,21.0,0.0,0.0
30,baseline,hot_block,10.0,1.0,9,23.616902751709148,1.0,1.0,0.9591836734693877,30.0,90.91307927855146,0.125,0.9565217391304348,0.9619565217391304,36.0,127.21767633461741,0.1111111111111111,0.8846153846153846,0.952991452991453,35.0,,
30,rftl_s,hot_block,10.0,1.0,9,23.630657309062048,1.0,1.0,0.9591836734693877,30.0,90.93450928481712,0.125,0.9565217391304348,0.9619565217391304,36.0,127.21765372340155,0.1111111111111111,0.8846153846153846,0.952991452991453,35.0,1.0,1.0
30,baseline,stripe,10.0,0.6,9,58.05193713568161,0.14285714285714285,0.9523809523809523,0.9591836734693878,30.0,90.92837319307051,0.125,0.9565217391304348,0.9619565217391304,36.0,127.22228370562541,0.1111111111111111,0.8846153846153846,0.952991452991453,35.0,,
30,rftl_s,stripe,10.0,0.6,9,58.07538052054454,0.14285714285714285,0.9523809523809523,0.9591836734693878,30.0,90.9130825336753,0.125,0.9565217391304348,0.9619565217391304,36.0,127.21767633469743,0.1111111111111111,0.8846153846153846,0.952991452991453,35.0,0.0,0.0
31,clean,none,0.0,0.0,0,63.75029565458607,0.2857142857142857,0.8181818181818182,0.7987012987012988,33.0,86.29249516120318,0.5714285714285714,0.88,0.88,40.0,131.17514714633765,0.5,0.8148148148148148,0.8148148148148148,31.0,,
31,baseline,hot_block,10.0,0.3,9,69.47325204667669,0.0,0.5,0.7467532467532467,30.0,86.29093226895013,0.5714285714285714,0.88,0.88,40.0,131.18148485661678,0.5,0.8148148148148148,0.8148148148148148,31.0,,
31,rftl_s,hot_block,10.0,0.3,9,69.47325204675104,0.0,0.5,0.7467532467532467,30.0,86.29093226894449,0.5714285714285714,0.88,0.88,40.0,131.18148485665603,0.5,0.8148148148148148,0.8148148148148148,31.0,0.0,0.0
31,baseline,hot_block,10.0,0.4,9,70.53680009109567,0.0,0.5454545454545454,0.8246753246753246,30.0,86.29093226892748,0.5714285714285714,0.88,0.88,40.0,131.18148485649633,0.5,0.8148148148148148,0.8148148148148148,31.0,,
31,rftl_s,hot_block,10.0,0.4,9,70.53680009101294,0.0,0.5454545454545454,0.8246753246753246,30.0,86.29093226892512,0.5714285714285714,0.88,0.88,40.0,131.1814848566246,0.5,0.8148148148148148,0.8148148148148148,31.0,0.0,0.0
31,baseline,hot_block,10.0,0.5,9,65.06769863471945,0.2857142857142857,0.7272727272727273,0.8376623376623378,32.0,86.30946705627264,0.5714285714285714,0.88,0.88,40.0,131.17531839582023,0.5,0.8148148148148148,0.8148148148148148,31.0,,
31,rftl_s,hot_block,10.0,0.5,9,62.220980831370234,0.14285714285714285,0.7727272727272727,0.8181818181818181,33.0,86.2907953982359,0.5714285714285714,0.88,0.88,40.0,131.18148484292635,0.5,0.8148148148148148,0.8148148148148148,31.0,1.0,1.0
31,baseline,hot_block,10.0,0.6,9,58.262524313505615,0.7142857142857143,0.9545454545454546,0.7727272727272727,33.0,86.29093226890923,0.5714285714285714,0.88,0.88,40.0,131.1814848566955,0.5,0.8148148148148148,0.8148148148148148,31.0,,
31,rftl_s,hot_block,10.0,0.6,9,58.26252431349847,0.7142857142857143,0.9545454545454546,0.7727272727272727,33.0,86.290932268874,0.5714285714285714,0.88,0.88,40.0,131.1814848566267,0.5,0.8148148148148148,0.8148148148148148,31.0,0.0,0.0
31,baseline,hot_block,10.0,0.8,9,45.88996245199087,1.0,1.0,0.7857142857142856,33.0,86.29093233019833,0.5714285714285714,0.88,0.88,40.0,131.1814848566905,0.5,0.8148148148148148,0.8148148148148148,31.0,,
31,rftl_s,hot_block,10.0,0.8,9,46.2476970087066,1.0,1.0,0.7857142857142856,33.0,86.41656442809946,0.5714285714285714,0.88,0.88,40.0,131.2116471896276,0.5,0.8148148148148148,0.8194444444444443,31.0,0.0,0.0
31,baseline,hot_block,10.0,1.0,9,26.972780807865977,1.0,1.0,0.7012987012987013,33.0,86.27977302739467,0.5714285714285714,0.88,0.88,40.0,131.17794928670074,0.5,0.8148148148148148,0.8148148148148148,31.0,,
31,rftl_s,hot_block,10.0,1.0,9,29.41737100074208,1.0,1.0,0.7467532467532468,33.0,97.25588341004428,0.42857142857142855,0.8,0.8685714285714285,40.0,140.45916804066778,0.5,0.8518518518518519,0.8379629629629629,32.0,1.0,1.0
31,baseline,stripe,10.0,0.6,9,63.449504258436754,0.7142857142857143,0.7272727272727273,0.6948051948051948,32.0,86.29229343646705,0.5714285714285714,0.88,0.88,40.0,131.1814877762645,0.5,0.8148148148148148,0.8148148148148148,31.0,,
31,rftl_s,stripe,10.0,0.6,9,63.44950191236247,0.7142857142857143,0.7272727272727273,0.6948051948051948,32.0,86.29093226893278,0.5714285714285714,0.88,0.88,40.0,131.18148485673538,0.5,0.8148148148148148,0.8148148148148148,31.0,0.0,0.0
32,clean,none,0.0,0.0,0,64.2884413574093,0.2857142857142857,0.8,0.8285714285714286,29.0,86.1975248043472,0.625,1.0,0.953125,28.0,126.64275750570712,0.25,0.8148148148148148,0.8657407407407407,30.0,,
32,baseline,hot_block,10.0,0.3,9,71.58591066000103,0.14285714285714285,0.55,0.8428571428571427,29.0,86.1975248043784,0.625,1.0,0.953125,28.0,126.64275750570035,0.25,0.8148148148148148,0.8657407407407407,30.0,,
32,rftl_s,hot_block,10.0,0.3,9,71.58591065998516,0.14285714285714285,0.55,0.8428571428571427,29.0,86.19752480434735,0.625,1.0,0.953125,28.0,126.64275750570764,0.25,0.8148148148148148,0.8657407407407407,30.0,0.0,0.0
32,baseline,hot_block,10.0,0.4,9,68.22903510328243,0.2857142857142857,0.65,0.7928571428571429,29.0,86.1975248043929,0.625,1.0,0.953125,28.0,126.64275750567376,0.25,0.8148148148148148,0.8657407407407407,30.0,,
32,rftl_s,hot_block,10.0,0.4,9,68.22903510324083,0.2857142857142857,0.65,0.7928571428571429,29.0,86.19752480434762,0.625,1.0,0.953125,28.0,126.64275750570681,0.25,0.8148148148148148,0.8657407407407407,30.0,0.0,0.0
32,baseline,hot_block,10.0,0.5,9,69.45305595860412,0.0,0.55,0.8071428571428572,29.0,86.97482302391023,0.625,1.0,0.953125,28.0,131.20194539724793,0.125,0.8148148148148148,0.875,30.0,,
32,rftl_s,hot_block,10.0,0.5,9,68.49846675378814,0.14285714285714285,0.55,0.8071428571428572,29.0,86.19752469650464,0.625,1.0,0.953125,28.0,126.64275750566541,0.25,0.8148148148148148,0.8657407407407407,30.0,0.0,0.0
32,baseline,hot_block,10.0,0.6,9,62.446474116478825,0.14285714285714285,0.85,0.9428571428571428,29.0,86.30410750840731,0.75,1.0,0.9635416666666667,28.0,126.934668787079,0.25,0.8148148148148148,0.861111111111111,30.0,,
32,rftl_s,hot_block,10.0,0.6,9,1084.8205783156607,0.0,0.0,0.9285714285714285,,151.60356202938857,0.0,0.7916666666666666,0.9583333333333333,26.0,199.2702239290469,0.0,0.4444444444444444,0.7777777777777778,30.0,0.0,0.0
32,baseline,hot_block,10.0,0.8,9,43.5061402495942,1.0,1.0,0.8285714285714286,30.0,86.19752480014878,0.625,1.0,0.953125,28.0,126.64275750574701,0.25,0.8148148148148148,0.8657407407407407,30.0,,
32,rftl_s,hot_block,10.0,0.8,9,50.672542262716476,1.0,1.0,0.8285714285714285,30.0,86.19752480438015,0.625,1.0,0.953125,28.0,126.64275750571224,0.25,0.8148148148148148,0.8657407407407407,30.0,1.0,1.0
32,baseline,hot_block,10.0,1.0,9,28.41466408736706,1.0,1.0,0.7785714285714286,30.0,86.54070647083358,0.625,1.0,0.9635416666666667,28.0,127.1487188310503,0.25,0.8148148148148148,0.8657407407407407,30.0,,
32,rftl_s,hot_block,10.0,1.0,9,28.14032202157486,1.0,1.0,0.7857142857142857,30.0,86.64163901581071,0.625,1.0,0.9635416666666667,28.0,126.7603803995385,0.25,0.8148148148148148,0.8657407407407407,30.0,1.0,1.0
32,baseline,stripe,10.0,0.6,9,64.03046388369222,0.2857142857142857,0.85,0.85,29.0,86.19752479577889,0.625,1.0,0.953125,28.0,126.64275750570687,0.25,0.8148148148148148,0.8657407407407407,30.0,,
32,rftl_s,stripe,10.0,0.6,9,64.03046388369974,0.2857142857142857,0.85,0.85,29.0,86.19752480434711,0.625,1.0,0.953125,28.0,126.64275750570702,0.25,0.8148148148148148,0.8657407407407407,30.0,0.0,0.0
33,clean,none,0.0,0.0,0,56.4611227494322,0.5714285714285714,1.0,0.9047619047619048,35.0,89.91581090516652,0.625,0.9130434782608695,0.7717391304347826,29.0,131.33820529306655,0.4444444444444444,0.9230769230769231,0.905982905982906,32.0,,
33,baseline,hot_block,10.0,0.3,9,66.66719185806559,0.42857142857142855,0.9047619047619048,0.8707482993197279,34.0,90.1533410162327,0.625,0.9130434782608695,0.7717391304347826,29.0,131.33985889009085,0.4444444444444444,0.9230769230769231,0.905982905982906,32.0,,
33,rftl_s,hot_block,10.0,0.3,9,67.15049070819212,0.42857142857142855,0.8571428571428571,0.8639455782312925,34.0,90.8787451703781,0.625,0.9130434782608695,0.7608695652173914,29.0,132.93437223828965,0.4444444444444444,0.9230769230769231,0.905982905982906,32.0,0.0,0.0
33,baseline,hot_block,10.0,0.4,9,2772.756833971655,0.0,0.0,0.8503401360544218,,335.3485479487648,0.0,0.17391304347826086,0.6358695652173914,21.0,378.00305486044607,0.1111111111111111,0.4230769230769231,0.7136752136752137,22.0,,
33,rftl_s,hot_block,10.0,0.4,9,822.3412071287038,0.0,0.0,0.8707482993197279,,215.39613642201533,0.0,0.2608695652173913,0.7119565217391304,21.0,283.6791573037216,0.1111111111111111,0.5,0.7393162393162394,28.0,0.875,1.0
33,baseline,hot_block,10.0,0.5,9,66.60020148505727,0.2857142857142857,0.9523809523809523,0.91156462585034,35.0,89.90995748190622,0.625,0.9130434782608695,0.7717391304347826,29.0,131.3381033427456,0.4444444444444444,0.9230769230769231,0.905982905982906,32.0,,
33,rftl_s,hot_block,10.0,0.5,9,66.60049415429964,0.2857142857142857,0.9523809523809523,0.91156462585034,35.0,89.91554142108748,0.625,0.9130434782608695,0.7717391304347826,29.0,131.33820438548227,0.4444444444444444,0.9230769230769231,0.905982905982906,32.0,0.0,0.0
33,baseline,hot_block,10.0,0.6,9,53.734406320811445,0.7142857142857143,1.0,0.8775510204081634,35.0,89.91578402941897,0.625,0.9130434782608695,0.7717391304347826,29.0,131.33820514939495,0.4444444444444444,0.9230769230769231,0.905982905982906,32.0,,
33,rftl_s,hot_block,10.0,0.6,9,53.73601626277892,0.7142857142857143,1.0,0.8775510204081634,35.0,89.9497361996599,0.625,0.9130434782608695,0.7717391304347826,29.0,131.3354684176091,0.4444444444444444,0.9230769230769231,0.905982905982906,32.0,0.0,0.0
33,baseline,hot_block,10.0,0.8,9,47.70170611465146,1.0,1.0,0.8367346938775511,35.0,90.27725042710539,0.625,0.9130434782608695,0.7717391304347826,29.0,132.07802268800478,0.4444444444444444,0.9230769230769231,0.905982905982906,32.0,,
33,rftl_s,hot_block,10.0,0.8,9,47.0979327716151,1.0,1.0,0.8231292517006803,35.0,89.93959079399764,0.625,0.9130434782608695,0.7717391304347826,29.0,131.34907296357562,0.4444444444444444,0.9230769230769231,0.905982905982906,32.0,1.0,0.35714285714285715
33,baseline,hot_block,10.0,1.0,9,24.59169922464414,1.0,1.0,0.8639455782312926,35.0,89.91576063346903,0.625,0.9130434782608695,0.7717391304347826,29.0,131.33820538533135,0.4444444444444444,0.9230769230769231,0.905982905982906,32.0,,
33,rftl_s,hot_block,10.0,1.0,9,24.591628866516864,1.0,1.0,0.8639455782312926,35.0,89.91177538290324,0.625,0.9130434782608695,0.7717391304347826,29.0,131.3471542863779,0.4444444444444444,0.9230769230769231,0.905982905982906,32.0,1.0,1.0
33,baseline,stripe,10.0,0.6,9,58.825646089678656,0.42857142857142855,0.9523809523809523,0.8503401360544218,35.0,89.91581090519378,0.625,0.9130434782608695,0.7717391304347826,29.0,131.3382052929517,0.4444444444444444,0.9230769230769231,0.905982905982906,32.0,,
33,rftl_s,stripe,10.0,0.6,9,58.82564608965916,0.42857142857142855,0.9523809523809523,0.8503401360544218,35.0,89.91581090516523,0.625,0.9130434782608695,0.7717391304347826,29.0,131.33820529302983,0.4444444444444444,0.9230769230769231,0.905982905982906,32.0,0.0,0.0
34,clean,none,0.0,0.0,0,60.9694597270919,0.2857142857142857,0.9047619047619048,0.9047619047619048,31.0,88.31750031180276,0.8571428571428571,0.96,0.8114285714285714,33.0,114.69304105136635,0.6666666666666666,1.0,0.9444444444444444,27.0,,
34,baseline,hot_block,10.0,0.3,9,74.16906807199899,0.14285714285714285,0.38095238095238093,0.836734693877551,27.0,88.31750018612173,0.8571428571428571,0.96,0.8114285714285714,33.0,114.69304105131936,0.6666666666666666,1.0,0.9444444444444444,27.0,,
34,rftl_s,hot_block,10.0,0.3,9,74.16906807205993,0.14285714285714285,0.38095238095238093,0.836734693877551,27.0,88.31750031187057,0.8571428571428571,0.96,0.8114285714285714,33.0,114.69304105135521,0.6666666666666666,1.0,0.9444444444444444,27.0,0.0,0.0
34,baseline,hot_block,10.0,0.4,9,75.60320700251091,0.14285714285714285,0.5238095238095238,0.8503401360544217,28.0,88.31750031189912,0.8571428571428571,0.96,0.8114285714285714,33.0,114.69304105128157,0.6666666666666666,1.0,0.9444444444444444,27.0,,
34,rftl_s,hot_block,10.0,0.4,9,75.6032070025361,0.14285714285714285,0.5238095238095238,0.8503401360544217,28.0,88.31750031186783,0.8571428571428571,0.96,0.8114285714285714,33.0,114.69304105134131,0.6666666666666666,1.0,0.9444444444444444,27.0,0.0,0.0
34,baseline,hot_block,10.0,0.5,9,59.46198634387646,0.42857142857142855,0.9047619047619048,0.8231292517006803,30.0,88.31750031185572,0.8571428571428571,0.96,0.8114285714285714,33.0,114.69304105132628,0.6666666666666666,1.0,0.9444444444444444,27.0,,
34,rftl_s,hot_block,10.0,0.5,9,59.46198634389735,0.42857142857142855,0.9047619047619048,0.8231292517006803,30.0,88.31750031189347,0.8571428571428571,0.96,0.8114285714285714,33.0,114.69304105134275,0.6666666666666666,1.0,0.9444444444444444,27.0,0.0,0.0
34,baseline,hot_block,10.0,0.6,9,55.268855481188716,0.5714285714285714,0.9047619047619048,0.8027210884353742,30.0,88.31750031185464,0.8571428571428571,0.96,0.8114285714285714,33.0,114.69304105130615,0.6666666666666666,1.0,0.9444444444444444,27.0,,
34,rftl_s,hot_block,10.0,0.6,9,55.2688554811672,0.5714285714285714,0.9047619047619048,0.8027210884353742,30.0,88.31750031185194,0.8571428571428571,0.96,0.8114285714285714,33.0,114.69304105135505,0.6666666666666666,1.0,0.9444444444444444,27.0,0.0,0.0
34,baseline,hot_block,10.0,0.8,9,1717.5570746337676,0.0,0.0,0.8367346938775511,,263.3907527873176,0.0,0.28,0.6457142857142857,19.0,274.3110123285678,0.1111111111111111,0.4583333333333333,0.8333333333333334,26.0,,
34,rftl_s,hot_block,10.0,0.8,9,55.30626427711968,0.7142857142857143,0.9523809523809523,0.8095238095238094,31.0,91.28433406810989,0.8571428571428571,0.88,0.8057142857142856,33.0,119.99428645847058,0.5555555555555556,0.9583333333333334,0.9212962962962963,26.0,1.0,1.0
34,baseline,hot_block,10.0,1.0,9,237.40724196410497,0.0,0.0,0.8367346938775511,,106.28595501922977,0.42857142857142855,0.84,0.8285714285714286,32.0,144.41858759317242,0.2222222222222222,0.9583333333333334,0.9305555555555556,26.0,,
34,rftl_s,hot_block,10.0,1.0,9,26.123924949231075,1.0,1.0,0.891156462585034,31.0,88.2707764674764,0.8571428571428571,0.96,0.8114285714285714,33.0,114.70022273304849,0.6666666666666666,1.0,0.9444444444444444,27.0,0.0,0.0
34,baseline,stripe,10.0,0.6,9,63.686657655034075,0.14285714285714285,0.8095238095238095,0.8571428571428571,30.0,88.31750031190175,0.8571428571428571,0.96,0.8114285714285714,33.0,114.69304105138588,0.6666666666666666,1.0,0.9444444444444444,27.0,,
34,rftl_s,stripe,10.0,0.6,9,63.68665765492712,0.14285714285714285,0.8095238095238095,0.8571428571428571,30.0,88.31750031183317,0.8571428571428571,0.96,0.8114285714285714,33.0,114.69304105129414,0.6666666666666666,1.0,0.9444444444444444,27.0,0.0,0.0
35,clean,none,0.0,0.0,0,59.088238871079795,0.14285714285714285,0.9545454545454546,0.9285714285714286,34.0,86.62906763500419,0.7142857142857143,0.96,0.8171428571428572,29.0,114.54418191739988,0.75,1.0,0.8657407407407407,36.0,,
35,baseline,hot_block,10.0,0.3,9,68.60757585766414,0.0,0.6818181818181818,0.9155844155844156,34.0,86.62875379578611,0.7142857142857143,0.96,0.8171428571428572,29.0,114.54418193411708,0.75,1.0,0.8657407407407407,36.0,,
35,rftl_s,hot_block,10.0,0.3,9,68.60757585784529,0.0,0.6818181818181818,0.9155844155844156,34.0,86.62906785198095,0.7142857142857143,0.96,0.8171428571428572,29.0,114.54418191743139,0.75,1.0,0.8657407407407407,36.0,0.0,0.0
35,baseline,hot_block,10.0,0.4,9,60.50077330797199,0.42857142857142855,0.8636363636363636,0.8701298701298701,34.0,86.60374701496586,0.7142857142857143,0.96,0.8171428571428572,29.0,114.54557865853388,0.75,1.0,0.8657407407407407,36.0,,
35,rftl_s,hot_block,10.0,0.4,9,60.49948191766269,0.42857142857142855,0.8636363636363636,0.8701298701298701,34.0,86.64949422943208,0.7142857142857143,0.96,0.8171428571428572,29.0,115.24796230489,0.75,1.0,0.8657407407407407,36.0,0.0,0.0
35,baseline,hot_block,10.0,0.5,9,63.65233705595094,0.14285714285714285,0.7727272727272727,0.9155844155844156,34.0,86.62906763411583,0.7142857142857143,0.96,0.8171428571428572,29.0,114.54418191737719,0.75,1.0,0.8657407407407407,36.0,,
35,rftl_s,hot_block,10.0,0.5,9,62.576622061872676,0.14285714285714285,0.7727272727272727,0.9090909090909092,34.0,86.62906667155589,0.7142857142857143,0.96,0.8171428571428572,29.0,114.54418191737668,0.75,1.0,0.8657407407407407,36.0,1.0,1.0
35,baseline,hot_block,10.0,0.6,9,54.14788413078631,0.42857142857142855,0.9545454545454546,0.935064935064935,34.0,86.62906763499842,0.7142857142857143,0.96,0.8171428571428572,29.0,114.54418191736501,0.75,1.0,0.8657407407407407,36.0,,
35,rftl_s,hot_block,10.0,0.6,9,54.147884130728094,0.42857142857142855,0.9545454545454546,0.935064935064935,34.0,86.62906763499981,0.7142857142857143,0.96,0.8171428571428572,29.0,114.54418191742027,0.75,1.0,0.8657407407407407,36.0,0.0,0.0
35,baseline,hot_block,10.0,0.8,9,49.595622370130044,1.0,0.9545454545454546,0.8766233766233765,34.0,86.62906763465107,0.7142857142857143,0.96,0.8171428571428572,29.0,114.544181917467,0.75,1.0,0.8657407407407407,36.0,,
35,rftl_s,hot_block,10.0,0.8,9,49.595622370120886,1.0,0.9545454545454546,0.8766233766233765,34.0,86.62906769846205,0.7142857142857143,0.96,0.8171428571428572,29.0,114.54418191742957,0.75,1.0,0.8657407407407407,36.0,0.0,0.0
35,baseline,hot_block,10.0,1.0,9,23.59492176939372,1.0,1.0,0.8376623376623377,34.0,86.62974139220984,0.7142857142857143,0.96,0.8171428571428572,29.0,114.54418221979826,0.75,1.0,0.8657407407407407,36.0,,
35,rftl_s,hot_block,10.0,1.0,9,23.58359473017768,1.0,1.0,0.8376623376623377,34.0,86.66234073545027,0.7142857142857143,0.96,0.8171428571428572,29.0,114.56228904995982,0.75,1.0,0.8657407407407407,36.0,1.0,1.0
35,baseline,stripe,10.0,0.6,9,59.181277679968844,0.42857142857142855,0.9545454545454546,0.9025974025974025,34.0,86.6261787278992,0.7142857142857143,0.96,0.8171428571428572,29.0,114.54426837058878,0.75,1.0,0.8657407407407407,36.0,,
35,rftl_s,stripe,10.0,0.6,9,59.18128404591283,0.42857142857142855,0.9545454545454546,0.9025974025974025,34.0,86.6290676350124,0.7142857142857143,0.96,0.8171428571428572,29.0,114.54418191734106,0.75,1.0,0.8657407407407407,36.0,0.0,0.0
36,clean,none,0.0,0.0,0,55.481383601562186,0.7142857142857143,0.9090909090909091,0.7792207792207793,30.0,90.15337366058073,0.5714285714285714,0.84,0.8857142857142858,32.0,126.47522506909193,0.3333333333333333,0.8333333333333334,0.8518518518518519,30.0,,
36,baseline,hot_block,10.0,0.3,9,69.88577989187829,0.2857142857142857,0.6818181818181818,0.7922077922077922,29.0,90.15337366062258,0.5714285714285714,0.84,0.8857142857142858,32.0,126.47522506915608,0.3333333333333333,0.8333333333333334,0.8518518518518519,30.0,,
36,rftl_s,hot_block,10.0,0.3,9,69.88577989184702,0.2857142857142857,0.6818181818181818,0.7922077922077922,29.0,90.15337366057992,0.5714285714285714,0.84,0.8857142857142858,32.0,126.47522506909999,0.3333333333333333,0.8333333333333334,0.8518518518518519,30.0,0.0,0.0
36,baseline,hot_block,10.0,0.4,9,69.28285520003911,0.2857142857142857,0.6818181818181818,0.7792207792207791,30.0,90.15337366061968,0.5714285714285714,0.84,0.8857142857142858,32.0,126.47522506909769,0.3333333333333333,0.8333333333333334,0.8518518518518519,30.0,,
36,rftl_s,hot_block,10.0,0.4,9,69.28285519998992,0.2857142857142857,0.6818181818181818,0.7792207792207791,30.0,90.15335205586909,0.5714285714285714,0.84,0.8857142857142858,32.0,126.4752250691906,0.3333333333333333,0.8333333333333334,0.8518518518518519,30.0,0.0,0.0
36,baseline,hot_block,10.0,0.5,9,64.02047306762134,0.5714285714285714,0.7727272727272727,0.7207792207792207,30.0,90.15337366053492,0.5714285714285714,0.84,0.8857142857142858,32.0,126.47522506907842,0.3333333333333333,0.8333333333333334,0.8518518518518519,30.0,,
36,rftl_s,hot_block,10.0,0.5,9,64.02047306767088,0.5714285714285714,0.7727272727272727,0.7207792207792207,30.0,90.15337366058804,0.5714285714285714,0.84,0.8857142857142858,32.0,126.47522506903115,0.3333333333333333,0.8333333333333334,0.8518518518518519,30.0,0.0,0.0
36,baseline,hot_block,10.0,0.6,9,57.32874327257174,0.5714285714285714,0.9090909090909091,0.7922077922077922,30.0,90.15337366058444,0.5714285714285714,0.84,0.8857142857142858,32.0,126.47522506914285,0.3333333333333333,0.8333333333333334,0.8518518518518519,30.0,,
36,rftl_s,hot_block,10.0,0.6,9,57.82894832573262,0.5714285714285714,0.9090909090909091,0.7922077922077922,30.0,90.6687361990665,0.2857142857142857,0.84,0.8857142857142858,32.0,126.6662349451637,0.3333333333333333,0.8333333333333334,0.861111111111111,30.0,0.0,0.0
36,baseline,hot_block,10.0,0.8,9,45.32029455582787,1.0,1.0,0.7922077922077922,30.0,90.13688864946198,0.5714285714285714,0.84,0.8857142857142858,32.0,126.47527271048752,0.3333333333333333,0.8333333333333334,0.8518518518518519,30.0,,
36,rftl_s,hot_block,10.0,0.8,9,45.83582011243807,1.0,1.0,0.7792207792207793,30.0,90.2119319123508,0.2857142857142857,0.84,0.8857142857142858,32.0,127.14922078109609,0.3333333333333333,0.8333333333333334,0.8425925925925927,30.0,0.0,0.0
36,baseline,hot_block,10.0,1.0,9,26.205113057340704,1.0,1.0,0.7922077922077922,30.0,90.10434381609312,0.5714285714285714,0.84,0.8857142857142858,32.0,126.48990419888705,0.3333333333333333,0.8333333333333334,0.8564814814814815,30.0,,
36,rftl_s,hot_block,10.0,1.0,9,26.438982172127275,1.0,1.0,0.7792207792207793,30.0,90.12009803023666,0.5714285714285714,0.84,0.8857142857142858,32.0,126.51268580988416,0.3333333333333333,0.8333333333333334,0.8518518518518519,30.0,0.0,0.0
36,baseline,stripe,10.0,0.6,9,62.05407198333654,0.42857142857142855,0.8636363636363636,0.7467532467532467,30.0,90.15337366058243,0.5714285714285714,0.84,0.8857142857142858,32.0,126.4752250691322,0.3333333333333333,0.8333333333333334,0.8518518518518519,30.0,,
36,rftl_s,stripe,10.0,0.6,9,62.054071983410104,0.42857142857142855,0.8636363636363636,0.7467532467532467,30.0,90.15337366060791,0.5714285714285714,0.84,0.8857142857142858,32.0,126.47522506907134,0.3333333333333333,0.8333333333333334,0.8518518518518519,30.0,0.0,0.0
37,clean,none,0.0,0.0,0,57.26285289677334,0.7142857142857143,0.9090909090909091,0.7272727272727273,37.0,87.4797711448198,0.7142857142857143,1.0,0.9657142857142857,33.0,122.43340623956965,0.5,0.9259259259259259,0.9444444444444444,33.0,,
37,baseline,hot_block,10.0,0.3,9,70.40850477758954,0.42857142857142855,0.5,0.6883116883116883,33.0,87.47977067277344,0.7142857142857143,1.0,0.9657142857142857,33.0,122.43340623963562,0.5,0.9259259259259259,0.9444444444444444,33.0,,
37,rftl_s,hot_block,10.0,0.3,9,70.40850477755824,0.42857142857142855,0.5,0.6883116883116883,33.0,87.47977119866238,0.7142857142857143,1.0,0.9657142857142857,33.0,122.43340623955959,0.5,0.9259259259259259,0.9444444444444444,33.0,0.0,0.0
37,baseline,hot_block,10.0,0.4,9,66.06424206081367,0.42857142857142855,0.6818181818181818,0.6883116883116883,36.0,87.46974109756022,0.7142857142857143,1.0,0.9657142857142857,33.0,122.43341783113351,0.5,0.9259259259259259,0.9444444444444444,33.0,,
37,rftl_s,hot_block,10.0,0.4,9,66.06384079334549,0.42857142857142855,0.6818181818181818,0.6883116883116883,36.0,87.47977126201147,0.7142857142857143,1.0,0.9657142857142857,33.0,122.4334060936194,0.5,0.9259259259259259,0.9444444444444444,33.0,0.0,0.0
37,baseline,hot_block,10.0,0.5,9,57.364531430730565,0.7142857142857143,0.9090909090909091,0.7142857142857143,37.0,87.47905675118008,0.7142857142857143,1.0,0.9657142857142857,33.0,122.43340625886931,0.5,0.9259259259259259,0.9444444444444444,33.0,,
37,rftl_s,hot_block,10.0,0.5,9,57.36453084594505,0.7142857142857143,0.9090909090909091,0.7142857142857143,37.0,87.47977114482279,0.7142857142857143,1.0,0.9657142857142857,33.0,122.43340623958682,0.5,0.9259259259259259,0.9444444444444444,33.0,0.0,0.0
37,baseline,hot_block,10.0,0.6,9,55.65022192850084,0.8571428571428571,0.9545454545454546,0.6818181818181819,37.0,87.5531443581955,0.7142857142857143,1.0,0.9657142857142857,33.0,122.45587238201765,0.5,0.9259259259259259,0.9444444444444444,33.0,,
37,rftl_s,hot_block,10.0,0.6,9,55.59254491525287,0.8571428571428571,0.9545454545454546,0.6818181818181819,37.0,87.47427251450166,0.7142857142857143,1.0,0.9657142857142857,33.0,122.43393185339416,0.5,0.9259259259259259,0.9444444444444444,33.0,0.0,0.0
37,baseline,hot_block,10.0,0.8,9,39.8604611617892,1.0,1.0,0.7337662337662338,37.0,87.47071699152053,0.7142857142857143,1.0,0.9657142857142857,33.0,122.43310513522593,0.5,0.9259259259259259,0.9444444444444444,33.0,,
37,rftl_s,hot_block,10.0,0.8,9,728.4251340533049,0.0,0.0,0.7272727272727273,,134.50322252823435,0.14285714285714285,0.64,0.8971428571428571,33.0,165.556668882582,0.0,0.8888888888888888,0.9583333333333333,33.0,1.0,1.0
37,baseline,hot_block,10.0,1.0,9,23.564704557350417,1.0,1.0,0.6883116883116883,37.0,87.48330337245636,0.7142857142857143,1.0,0.9657142857142857,33.0,122.433406188166,0.5,0.9259259259259259,0.9444444444444444,33.0,,
37,rftl_s,hot_block,10.0,1.0,9,23.564704485256065,1.0,1.0,0.6883116883116883,37.0,87.47975689983191,0.7142857142857143,1.0,0.9657142857142857,33.0,122.43340624053914,0.5,0.9259259259259259,0.9444444444444444,33.0,0.0,0.0
37,baseline,stripe,10.0,0.6,9,59.65205914943172,0.5714285714285714,0.9090909090909091,0.7077922077922079,37.0,87.47977114478971,0.7142857142857143,1.0,0.9657142857142857,33.0,122.43340623957226,0.5,0.9259259259259259,0.9444444444444444,33.0,,
37,rftl_s,stripe,10.0,0.6,9,60.04141537287789,0.5714285714285714,0.9545454545454546,0.7402597402597403,37.0,87.4797711448082,0.7142857142857143,1.0,0.9657142857142857,33.0,122.43340623955955,0.5,0.9259259259259259,0.9444444444444444,33.0,1.0,1.0
38,clean,none,0.0,0.0,0,56.68056081399609,0.8571428571428571,0.9545454545454546,0.7337662337662338,32.0,84.91269516475685,0.75,1.0,0.7717391304347826,35.0,125.57924381840994,0.5555555555555556,0.9615384615384616,0.9658119658119658,32.0,,
38,baseline,hot_block,10.0,0.3,9,62.67291112838551,0.42857142857142855,0.8181818181818182,0.7662337662337663,32.0,84.912695164767,0.75,1.0,0.7717391304347826,35.0,125.57924381830402,0.5555555555555556,0.9615384615384616,0.9658119658119658,32.0,,
38,rftl_s,hot_block,10.0,0.3,9,62.672911128351465,0.42857142857142855,0.8181818181818182,0.7662337662337663,32.0,84.91269516475441,0.75,1.0,0.7717391304347826,35.0,125.57924381842045,0.5555555555555556,0.9615384615384616,0.9658119658119658,32.0,0.0,0.0
38,baseline,hot_block,10.0,0.4,9,59.71876421718749,0.8571428571428571,0.9090909090909091,0.7857142857142858,32.0,84.91269516475754,0.75,1.0,0.7717391304347826,35.0,125.57924381842241,0.5555555555555556,0.9615384615384616,0.9658119658119658,32.0,,
38,rftl_s,hot_block,10.0,0.4,9,59.718764217247184,0.8571428571428571,0.9090909090909091,0.7857142857142858,32.0,84.91269516444822,0.75,1.0,0.7717391304347826,35.0,125.57924381842516,0.5555555555555556,0.9615384615384616,0.9658119658119658,32.0,0.0,0.0
38,baseline,hot_block,10.0,0.5,9,68.20706612089714,0.42857142857142855,0.8181818181818182,0.7597402597402596,32.0,84.9126951647518,0.75,1.0,0.7717391304347826,35.0,125.5792438183991,0.5555555555555556,0.9615384615384616,0.9658119658119658,32.0,,
38,rftl_s,hot_block,10.0,0.5,9,68.20706612093574,0.42857142857142855,0.8181818181818182,0.7597402597402596,32.0,84.91269516476135,0.75,1.0,0.7717391304347826,35.0,125.57924381839885,0.5555555555555556,0.9615384615384616,0.9658119658119658,32.0,0.0,0.0
38,baseline,hot_block,10.0,0.6,9,60.90106727022707,0.8571428571428571,0.8636363636363636,0.7337662337662337,32.0,84.91390484323679,0.75,1.0,0.7717391304347826,35.0,125.57923910590902,0.5555555555555556,0.9615384615384616,0.9658119658119658,32.0,,
38,rftl_s,hot_block,10.0,0.6,9,60.90105844993096,0.8571428571428571,0.8636363636363636,0.7337662337662337,32.0,84.91446765362274,0.75,1.0,0.7717391304347826,35.0,125.57924398315272,0.5555555555555556,0.9615384615384616,0.9658119658119658,32.0,0.0,0.0
38,baseline,hot_block,10.0,0.8,9,47.28976170949243,1.0,1.0,0.8181818181818181,32.0,84.91532197120459,0.75,1.0,0.7717391304347826,35.0,125.57918642598122,0.5555555555555556,0.9615384615384616,0.9658119658119658,32.0,,
38,rftl_s,hot_block,10.0,0.8,9,48.216153303271426,1.0,1.0,0.7987012987012987,32.0,85.19142631044096,0.75,1.0,0.7717391304347826,35.0,126.18560250426735,0.5555555555555556,0.9615384615384616,0.9658119658119658,32.0,0.0,0.0
38,baseline,hot_block,10.0,1.0,9,25.88695944219171,1.0,1.0,0.7922077922077922,32.0,86.23357788373272,0.75,1.0,0.782608695652174,35.0,125.8055015466331,0.5555555555555556,0.9615384615384616,0.9658119658119658,32.0,,
38,rftl_s,hot_block,10.0,1.0,9,1480.5886768542464,0.0,0.0,0.7337662337662338,,349.2804181378226,0.0,0.34782608695652173,0.7119565217391305,23.0,454.17349169615954,0.0,0.46153846153846156,0.8974358974358975,20.0,1.0,1.0
38,baseline,stripe,10.0,0.6,9,62.55839002625838,0.42857142857142855,0.9090909090909091,0.7792207792207791,32.0,84.9126951969591,0.75,1.0,0.7717391304347826,35.0,125.5792438184233,0.5555555555555556,0.9615384615384616,0.9658119658119658,32.0,,
38,rftl_s,stripe,10.0,0.6,9,62.558390026297126,0.42857142857142855,0.9090909090909091,0.7792207792207791,32.0,84.91269516475587,0.75,1.0,0.7717391304347826,35.0,125.57924381838009,0.5555555555555556,0.9615384615384616,0.9658119658119658,32.0,0.0,0.0
39,clean,none,0.0,0.0,0,57.72665701973287,0.5714285714285714,0.9090909090909091,0.7792207792207791,25.0,93.1551440752003,0.42857142857142855,0.76,0.7142857142857142,33.0,128.86781418193834,0.2222222222222222,0.8,0.8488888888888889,30.0,,
39,baseline,hot_block,10.0,0.3,9,71.79098167642229,0.14285714285714285,0.5,0.7662337662337663,24.0,93.15514407517088,0.42857142857142855,0.76,0.7142857142857142,33.0,128.8678141819156,0.2222222222222222,0.8,0.8488888888888889,30.0,,
39,rftl_s,hot_block,10.0,0.3,9,71.79098167640693,0.14285714285714285,0.5,0.7662337662337663,24.0,93.15514407518157,0.42857142857142855,0.76,0.7142857142857142,33.0,128.86781418197046,0.2222222222222222,0.8,0.8488888888888889,30.0,0.0,0.0
39,baseline,hot_block,10.0,0.4,9,67.5833245987148,0.2857142857142857,0.6818181818181818,0.8181818181818182,24.0,93.15514407522856,0.42857142857142855,0.76,0.7142857142857142,33.0,128.8678141819735,0.2222222222222222,0.8,0.8488888888888889,30.0,,
39,rftl_s,hot_block,10.0,0.4,9,67.58332465313768,0.2857142857142857,0.6818181818181818,0.8181818181818182,24.0,93.1551440325616,0.42857142857142855,0.76,0.7142857142857142,33.0,128.8678140932046,0.2222222222222222,0.8,0.8488888888888889,30.0,0.0,0.0
39,baseline,hot_block,10.0,0.5,9,64.75107730727572,0.2857142857142857,0.8636363636363636,0.8311688311688311,25.0,93.15514407518961,0.42857142857142855,0.76,0.7142857142857142,33.0,128.8678141819336,0.2222222222222222,0.8,0.8488888888888889,30.0,,
39,rftl_s,hot_block,10.0,0.5,9,64.75107730728493,0.2857142857142857,0.8636363636363636,0.8311688311688311,25.0,93.15514407522306,0.42857142857142855,0.76,0.7142857142857142,33.0,128.86781418192268,0.2222222222222222,0.8,0.8488888888888889,30.0,0.0,0.0
39,baseline,hot_block,10.0,0.6,9,60.009764069232034,0.8571428571428571,0.9090909090909091,0.7597402597402597,25.0,94.71473171369767,0.42857142857142855,0.76,0.7314285714285713,33.0,130.61007492627527,0.2222222222222222,0.76,0.8444444444444444,30.0,,
39,rftl_s,hot_block,10.0,0.6,9,1355.9795426415403,0.0,0.0,0.8961038961038961,,197.26205473542626,0.0,0.2,0.7714285714285714,19.0,243.3425335909866,0.0,0.52,0.92,26.0,0.0,0.0
39,baseline,hot_block,10.0,0.8,9,45.31180593302386,1.0,1.0,0.7727272727272727,27.0,93.67410337295827,0.42857142857142855,0.76,0.72,33.0,129.0168206159271,0.2222222222222222,0.8,0.8488888888888889,30.0,,
39,rftl_s,hot_block,10.0,0.8,9,51.58408782039881,1.0,1.0,0.7662337662337664,27.0,93.1392066361005,0.42857142857142855,0.76,0.7142857142857142,33.0,128.86468960920647,0.2222222222222222,0.8,0.8488888888888889,30.0,1.0,1.0
39,baseline,hot_block,10.0,1.0,9,23.053009810292515,1.0,1.0,0.7532467532467533,27.0,93.15684042724175,0.42857142857142855,0.76,0.7142857142857142,33.0,128.86970722781615,0.2222222222222222,0.8,0.8488888888888889,30.0,,
39,rftl_s,hot_block,10.0,1.0,9,1355.2020540253186,0.0,0.0,0.6948051948051948,,335.42595344413485,0.0,0.24,0.7314285714285714,20.0,388.9576806222069,0.0,0.16,0.8,21.0,0.0,0.0
39,baseline,stripe,10.0,0.6,9,59.28111507987233,0.7142857142857143,0.8636363636363636,0.7857142857142857,25.0,93.15514407516585,0.42857142857142855,0.76,0.7142857142857142,33.0,128.86781418191185,0.2222222222222222,0.8,0.8488888888888889,30.0,,
39,rftl_s,stripe,10.0,0.6,9,59.281115079202024,0.7142857142857143,0.8636363636363636,0.7857142857142857,25.0,93.15514444000695,0.42857142857142855,0.76,0.7142857142857142,33.0,128.86781418193482,0.2222222222222222,0.8,0.8488888888888889,30.0,0.0,0.0
40,clean,none,0.0,0.0,0,56.91030125140803,0.42857142857142855,0.9545454545454546,0.922077922077922,30.0,93.45389378357306,0.0,0.75,0.9375,31.0,127.63744486112923,0.3,0.8636363636363636,0.8954545454545455,27.0,,
40,baseline,hot_block,10.0,0.3,9,67.9988260173516,0.14285714285714285,0.7272727272727273,0.8571428571428572,30.0,93.45389378359404,0.0,0.75,0.9375,31.0,127.6374448611245,0.3,0.8636363636363636,0.8954545454545455,27.0,,
40,rftl_s,hot_block,10.0,0.3,9,67.99882601733604,0.14285714285714285,0.7272727272727273,0.8571428571428572,30.0,93.45389378361705,0.0,0.75,0.9375,31.0,127.63744486113268,0.3,0.8636363636363636,0.8954545454545455,27.0,0.0,0.0
40,baseline,hot_block,10.0,0.4,9,67.24975823307035,0.2857142857142857,0.6818181818181818,0.8441558441558442,30.0,93.17896510508578,0.0,0.75,0.9375,31.0,127.87361150344717,0.3,0.8636363636363636,0.8954545454545455,27.0,,
40,rftl_s,hot_block,10.0,0.4,9,67.3457797989802,0.2857142857142857,0.6818181818181818,0.8376623376623377,30.0,93.53287926147365,0.0,0.75,0.9375,31.0,127.75501980902985,0.3,0.8636363636363636,0.8909090909090909,27.0,0.0,0.0
40,baseline,hot_block,10.0,0.5,9,60.12572256582746,0.42857142857142855,0.9545454545454546,0.8506493506493507,30.0,93.45389378362334,0.0,0.75,0.9375,31.0,127.63744486112145,0.3,0.8636363636363636,0.8954545454545455,27.0,,
40,rftl_s,hot_block,10.0,0.5,9,60.12572256583056,0.42857142857142855,0.9545454545454546,0.8506493506493507,30.0,93.45389378361494,0.0,0.75,0.9375,31.0,127.63744486115566,0.3,0.8636363636363636,0.8954545454545455,27.0,0.0,0.0
40,baseline,hot_block,10.0,0.6,9,54.832202458020674,0.5714285714285714,1.0,0.9025974025974026,30.0,93.45389378359775,0.0,0.75,0.9375,31.0,127.63744486114777,0.3,0.8636363636363636,0.8954545454545455,27.0,,
40,rftl_s,hot_block,10.0,0.6,9,54.832202458041806,0.5714285714285714,1.0,0.9025974025974026,30.0,93.45389346611651,0.0,0.75,0.9375,31.0,127.63744486114518,0.3,0.8636363636363636,0.8954545454545455,27.0,0.0,0.0
40,baseline,hot_block,10.0,0.8,9,1552.8666960773216,0.0,0.0,0.7987012987012987,,208.14484046278534,0.0,0.4583333333333333,0.953125,28.0,297.08346855789915,0.0,0.36363636363636365,0.9227272727272727,20.0,,
40,rftl_s,hot_block,10.0,0.8,9,42.805109421949645,1.0,1.0,0.8376623376623376,30.0,93.45792022473273,0.0,0.75,0.9375,31.0,127.63746822656684,0.3,0.8636363636363636,0.8954545454545455,27.0,0.0,0.0
40,baseline,hot_block,10.0,1.0,9,24.50873998333587,1.0,1.0,0.8766233766233766,30.0,93.54854745115105,0.0,0.75,0.9375,31.0,127.67813137331802,0.3,0.8636363636363636,0.8954545454545455,27.0,,
40,rftl_s,hot_block,10.0,1.0,9,24.511365404130604,1.0,1.0,0.8766233766233766,30.0,93.45123201378154,0.0,0.75,0.9375,31.0,127.66582910107275,0.3,0.8636363636363636,0.8909090909090909,27.0,0.0,0.0
40,baseline,stripe,10.0,0.6,9,58.121917711102995,0.5714285714285714,0.9545454545454546,0.8441558441558442,30.0,93.45389362609754,0.0,0.75,0.9375,31.0,127.6374448611731,0.3,0.8636363636363636,0.8954545454545455,27.0,,
40,rftl_s,stripe,10.0,0.6,9,58.59495766039524,0.42857142857142855,0.9545454545454546,0.8701298701298701,30.0,93.45389378358243,0.0,0.75,0.9375,31.0,127.63744486113487,0.3,0.8636363636363636,0.8954545454545455,27.0,1.0,1.0
41,clean,none,0.0,0.0,0,60.440717817382136,0.2857142857142857,0.9,0.8642857142857142,33.0,95.5293321465214,0.25,0.875,0.9166666666666667,30.0,141.2377477109203,0.0,0.8846153846153846,0.982905982905983,34.0,,
41,baseline,hot_block,10.0,0.3,9,66.34364315537434,0.14285714285714285,0.8,0.9285714285714286,33.0,95.52933214650903,0.25,0.875,0.9166666666666667,30.0,141.23774771088247,0.0,0.8846153846153846,0.982905982905983,34.0,,
41,rftl_s,hot_block,10.0,0.3,9,66.34364315536939,0.14285714285714285,0.8,0.9285714285714286,33.0,95.52933214651657,0.25,0.875,0.9166666666666667,30.0,141.2377477109248,0.0,0.8846153846153846,0.982905982905983,34.0,0.0,0.0
41,baseline,hot_block,10.0,0.4,9,65.97317123141644,0.2857142857142857,0.55,0.7928571428571428,32.0,95.4516749179181,0.375,0.875,0.921875,30.0,141.23774771092025,0.0,0.8846153846153846,0.982905982905983,34.0,,
41,rftl_s,hot_block,10.0,0.4,9,65.97317123144512,0.2857142857142857,0.55,0.7928571428571428,32.0,95.52933214651411,0.25,0.875,0.9166666666666667,30.0,141.23774771092448,0.0,0.8846153846153846,0.982905982905983,34.0,0.0,0.0
41,baseline,hot_block,10.0,0.5,9,62.933617065123286,0.2857142857142857,0.75,0.8142857142857143,32.0,95.5310366944039,0.25,0.875,0.9166666666666667,30.0,141.23822936099657,0.0,0.8846153846153846,0.982905982905983,34.0,,
41,rftl_s,hot_block,10.0,0.5,9,62.933595052129796,0.2857142857142857,0.75,0.8142857142857143,32.0,95.52933214653845,0.25,0.875,0.9166666666666667,30.0,141.23774771092977,0.0,0.8846153846153846,0.982905982905983,34.0,0.0,0.0
41,baseline,hot_block,10.0,0.6,9,56.772879518065146,0.7142857142857143,1.0,0.8142857142857143,33.0,95.91751598950248,0.25,0.875,0.9166666666666667,30.0,141.534161551363,0.0,0.8846153846153846,0.9786324786324786,34.0,,
41,rftl_s,hot_block,10.0,0.6,9,55.0431351463108,0.7142857142857143,1.0,0.8,33.0,95.52463333999415,0.25,0.875,0.9166666666666667,30.0,141.2373215244371,0.0,0.8846153846153846,0.982905982905983,34.0,0.0,0.0
41,baseline,hot_block,10.0,0.8,9,49.08534315572106,1.0,1.0,0.7571428571428571,33.0,95.52677158418709,0.25,0.875,0.9166666666666667,30.0,141.26962591043997,0.0,0.8846153846153846,0.982905982905983,34.0,,
41,rftl_s,hot_block,10.0,0.8,9,50.11463343873578,1.0,1.0,0.7642857142857143,33.0,95.49664890022036,0.25,0.875,0.9166666666666667,30.0,141.36061746996887,0.0,0.8846153846153846,0.982905982905983,34.0,0.0,0.0
41,baseline,hot_block,10.0,1.0,9,26.38169586661391,1.0,1.0,0.7214285714285714,33.0,95.52932508373308,0.25,0.875,0.9166666666666667,30.0,141.23774993658492,0.0,0.8846153846153846,0.982905982905983,34.0,,
41,rftl_s,hot_block,10.0,1.0,9,27.73425056029589,1.0,1.0,0.7071428571428572,33.0,96.07520637659316,0.25,0.875,0.921875,30.0,141.95749632269778,0.0,0.8846153846153846,0.982905982905983,34.0,0.0,0.0
41,baseline,stripe,10.0,0.6,9,63.195879732010155,0.2857142857142857,0.7,0.8571428571428571,32.0,95.52933214654641,0.25,0.875,0.9166666666666667,30.0,141.23774771094577,0.0,0.8846153846153846,0.982905982905983,34.0,,
41,rftl_s,stripe,10.0,0.6,9,63.19587999536467,0.2857142857142857,0.7,0.8571428571428571,32.0,95.52932311826034,0.25,0.875,0.9166666666666667,30.0,141.2377495762056,0.0,0.8846153846153846,0.982905982905983,34.0,0.0,0.0
42,clean,none,0.0,0.0,0,80.11690637090707,0.0,0.45454545454545453,0.8246753246753247,23.0,102.90394146359912,0.14285714285714285,0.96,0.9600000000000001,35.0,138.22701159498854,0.4444444444444444,0.8846153846153846,0.8974358974358975,37.0,,
42,baseline,hot_block,10.0,0.3,9,68.86780875995302,0.0,0.8181818181818182,1.0,31.0,85.95114395947911,0.2857142857142857,1.0,0.9942857142857143,35.0,118.45392325695514,0.5555555555555556,0.9615384615384616,0.8974358974358974,37.0,,
42,rftl_s,hot_block,10.0,0.3,9,62.03318169030835,0.2857142857142857,0.9545454545454546,0.974025974025974,31.0,85.95114411529974,0.2857142857142857,1.0,0.9942857142857143,35.0,118.45392325693291,0.5555555555555556,0.9615384615384616,0.8974358974358974,37.0,1.0,1.0
42,baseline,hot_block,10.0,0.4,9,66.70351389094267,0.0,0.9090909090909091,0.974025974025974,31.0,85.95114411526961,0.2857142857142857,1.0,0.9942857142857143,35.0,118.45392325688303,0.5555555555555556,0.9615384615384616,0.8974358974358974,37.0,,
42,rftl_s,hot_block,10.0,0.4,9,66.70351389093847,0.0,0.9090909090909091,0.974025974025974,31.0,85.95114411529906,0.2857142857142857,1.0,0.9942857142857143,35.0,118.45392325690717,0.5555555555555556,0.9615384615384616,0.8974358974358974,37.0,0.0,0.0
42,baseline,hot_block,10.0,0.5,9,60.848681603545934,0.2857142857142857,1.0,0.987012987012987,31.0,85.95114411526227,0.2857142857142857,1.0,0.9942857142857143,35.0,118.45392325690808,0.5555555555555556,0.9615384615384616,0.8974358974358974,37.0,,
42,rftl_s,hot_block,10.0,0.5,9,60.84868160356035,0.2857142857142857,1.0,0.987012987012987,31.0,85.95114411527052,0.2857142857142857,1.0,0.9942857142857143,35.0,118.4539232569249,0.5555555555555556,0.9615384615384616,0.8974358974358974,37.0,0.0,0.0
42,baseline,hot_block,10.0,0.6,9,58.67758772400925,0.7142857142857143,1.0,0.9805194805194806,31.0,85.9511441152429,0.2857142857142857,1.0,0.9942857142857143,35.0,118.45392325683738,0.5555555555555556,0.9615384615384616,0.8974358974358974,37.0,,
42,rftl_s,hot_block,10.0,0.6,9,58.67738614990072,0.7142857142857143,1.0,0.9805194805194806,31.0,85.9483227921229,0.2857142857142857,1.0,0.9942857142857143,35.0,118.45263255843132,0.5555555555555556,0.9615384615384616,0.8974358974358974,37.0,0.0,0.0
42,baseline,hot_block,10.0,0.8,9,47.34841076431259,1.0,1.0,0.961038961038961,31.0,85.94808543451917,0.2857142857142857,1.0,0.9942857142857143,35.0,118.45393984254642,0.5555555555555556,0.9615384615384616,0.8974358974358974,37.0,,
42,rftl_s,hot_block,10.0,0.8,9,54.61466063373312,0.5714285714285714,1.0,0.9675324675324675,31.0,85.86857320268255,0.2857142857142857,1.0,0.9942857142857143,35.0,118.60200650633654,0.5555555555555556,0.9615384615384616,0.8974358974358974,37.0,1.0,1.0
42,baseline,hot_block,10.0,1.0,9,24.890020056027822,1.0,1.0,0.9285714285714286,31.0,85.93634811650698,0.2857142857142857,1.0,0.9942857142857143,35.0,118.45326415189541,0.5555555555555556,0.9615384615384616,0.8974358974358974,37.0,,
42,rftl_s,hot_block,10.0,1.0,9,24.889936102447052,1.0,1.0,0.9285714285714286,31.0,85.95170979442372,0.2857142857142857,1.0,0.9942857142857143,35.0,118.45392801466487,0.5555555555555556,0.9615384615384616,0.8974358974358974,37.0,0.0,0.0
42,baseline,stripe,10.0,0.6,9,60.918073766715466,0.14285714285714285,1.0,0.9805194805194806,31.0,85.95114411526407,0.2857142857142857,1.0,0.9942857142857143,35.0,118.45392325690537,0.5555555555555556,0.9615384615384616,0.8974358974358974,37.0,,
42,rftl_s,stripe,10.0,0.6,9,60.91807376664494,0.14285714285714285,1.0,0.9805194805194806,31.0,85.95114411526932,0.2857142857142857,1.0,0.9942857142857143,35.0,118.45392325688984,0.5555555555555556,0.9615384615384616,0.8974358974358974,37.0,0.0,0.0
43,clean,none,0.0,0.0,0,59.69341060430494,0.14285714285714285,0.9545454545454546,0.974025974025974,30.0,92.07075043546375,0.75,1.0,0.8967391304347826,33.0,117.68028380157297,0.625,0.9259259259259259,0.75,35.0,,
43,baseline,hot_block,10.0,0.3,9,71.42870449572044,0.14285714285714285,0.9090909090909091,0.9805194805194806,30.0,92.07075043548218,0.75,1.0,0.8967391304347826,33.0,117.68028380162667,0.625,0.9259259259259259,0.75,35.0,,
43,rftl_s,hot_block,10.0,0.3,9,71.42870449565238,0.14285714285714285,0.9090909090909091,0.9805194805194806,30.0,92.07075043546317,0.75,1.0,0.8967391304347826,33.0,117.68028380664302,0.625,0.9259259259259259,0.75,35.0,0.0,0.0
43,baseline,hot_block,10.0,0.4,9,65.60938534573029,0.14285714285714285,0.9090909090909091,0.974025974025974,30.0,92.0721960147113,0.75,1.0,0.8967391304347826,33.0,117.68811493070038,0.625,0.9259259259259259,0.75,35.0,,
43,rftl_s,hot_block,10.0,0.4,9,1428.0682960666377,0.0,0.0,0.6883116883116883,,324.2557717480371,0.0,0.391304347826087,0.7989130434782609,21.0,331.1553123537425,0.375,0.2222222222222222,0.5601851851851851,23.0,1.0,1.0
43,baseline,hot_block,10.0,0.5,9,64.67717739950737,0.14285714285714285,0.9090909090909091,0.9415584415584416,30.0,92.07075043479094,0.75,1.0,0.8967391304347826,33.0,117.68028320232573,0.625,0.9259259259259259,0.75,35.0,,
43,rftl_s,hot_block,10.0,0.5,9,64.67717739937805,0.14285714285714285,0.9090909090909091,0.9415584415584416,30.0,92.07075043609301,0.75,1.0,0.8967391304347826,33.0,117.68028431578394,0.625,0.9259259259259259,0.75,35.0,0.0,0.0
43,baseline,hot_block,10.0,0.6,9,53.97303174980382,0.7142857142857143,1.0,0.9675324675324676,31.0,92.07075179309214,0.75,1.0,0.8967391304347826,33.0,117.68038381951486,0.625,0.9259259259259259,0.75,35.0,,
43,rftl_s,hot_block,10.0,0.6,9,53.9730317497945,0.7142857142857143,1.0,0.9675324675324676,31.0,92.0707515934707,0.75,1.0,0.8967391304347826,33.0,117.68067313939315,0.625,0.9259259259259259,0.75,35.0,0.0,0.0
43,baseline,hot_block,10.0,0.8,9,47.39481562493216,1.0,1.0,0.9870129870129871,31.0,92.07075043549467,0.75,1.0,0.8967391304347826,33.0,117.68028380162201,0.625,0.9259259259259259,0.75,35.0,,
43,rftl_s,hot_block,10.0,0.8,9,47.3948194774353,1.0,1.0,0.9870129870129871,31.0,92.07098055529852,0.75,1.0,0.8967391304347826,33.0,117.69741025276537,0.625,0.9259259259259259,0.75,35.0,0.0,0.0
43,baseline,hot_block,10.0,1.0,9,23.273234963265093,1.0,1.0,0.9610389610389611,31.0,91.98726234095713,0.75,1.0,0.8913043478260869,33.0,118.06280901843357,0.625,0.8888888888888888,0.7546296296296297,35.0,,
43,rftl_s,hot_block,10.0,1.0,9,955.7453220586613,0.0,0.0,0.8051948051948052,,229.18821681024468,0.0,0.6086956521739131,0.7989130434782609,24.0,250.6995746523299,0.375,0.4074074074074074,0.5972222222222222,26.0,1.0,1.0
43,baseline,stripe,10.0,0.6,9,59.25333791763704,0.2857142857142857,1.0,0.9805194805194806,31.0,92.07075043547502,0.75,1.0,0.8967391304347826,33.0,117.68028380159276,0.625,0.9259259259259259,0.75,35.0,,
43,rftl_s,stripe,10.0,0.6,9,59.25333791754131,0.2857142857142857,1.0,0.9805194805194806,31.0,92.07075043546233,0.75,1.0,0.8967391304347826,33.0,117.68028380157162,0.625,0.9259259259259259,0.75,35.0,0.0,0.0
44,clean,none,0.0,0.0,0,57.19947241435635,0.5714285714285714,1.0,0.9025974025974026,35.0,88.68071272199956,0.7142857142857143,0.96,0.7542857142857142,30.0,122.95553709612057,0.4444444444444444,0.92,0.8933333333333333,34.0,,
44,baseline,hot_block,10.0,0.3,9,64.30583488626732,0.42857142857142855,0.9545454545454546,0.8701298701298701,35.0,88.48468500932097,0.7142857142857143,0.96,0.7542857142857142,30.0,122.9569116029261,0.4444444444444444,0.92,0.8933333333333333,34.0,,
44,rftl_s,hot_block,10.0,0.3,9,69.11624215677902,0.42857142857142855,0.9545454545454546,0.8831168831168831,35.0,122.35671769377544,0.0,0.72,0.9085714285714286,30.0,156.1406660868965,0.0,0.68,0.9422222222222222,34.0,0.5,1.0
44,baseline,hot_block,10.0,0.4,9,62.95579099171191,0.2857142857142857,1.0,0.8961038961038961,35.0,88.68071272199066,0.7142857142857143,0.96,0.7542857142857142,30.0,122.95553709608782,0.4444444444444444,0.92,0.8933333333333333,34.0,,
44,rftl_s,hot_block,10.0,0.4,9,62.95579099177318,0.2857142857142857,1.0,0.8961038961038961,35.0,88.68071272201246,0.7142857142857143,0.96,0.7542857142857142,30.0,122.95553709612457,0.4444444444444444,0.92,0.8933333333333333,34.0,0.0,0.0
44,baseline,hot_block,10.0,0.5,9,62.52831521495,0.42857142857142855,1.0,0.8896103896103895,35.0,88.68071272208556,0.7142857142857143,0.96,0.7542857142857142,30.0,122.9555370961481,0.4444444444444444,0.92,0.8933333333333333,34.0,,
44,rftl_s,hot_block,10.0,0.5,9,62.52831521502,0.42857142857142855,1.0,0.8896103896103895,35.0,88.68071272199612,0.7142857142857143,0.96,0.7542857142857142,30.0,122.95553709609763,0.4444444444444444,0.92,0.8933333333333333,34.0,0.0,0.0
44,baseline,hot_block,10.0,0.6,9,62.82850099510615,0.2857142857142857,1.0,0.8766233766233766,35.0,88.68071272199734,0.7142857142857143,0.96,0.7542857142857142,30.0,122.9555370961734,0.4444444444444444,0.92,0.8933333333333333,34.0,,
44,rftl_s,hot_block,10.0,0.6,9,62.82850099510836,0.2857142857142857,1.0,0.8766233766233766,35.0,88.68071272201159,0.7142857142857143,0.96,0.7542857142857142,30.0,122.95553709611661,0.4444444444444444,0.92,0.8933333333333333,34.0,0.0,0.0
44,baseline,hot_block,10.0,0.8,9,44.12772258436065,0.8571428571428571,1.0,0.8831168831168832,35.0,88.68071294666902,0.7142857142857143,0.96,0.7542857142857142,30.0,122.9555370960284,0.4444444444444444,0.92,0.8933333333333333,34.0,,
44,rftl_s,hot_block,10.0,0.8,9,726.2344234344059,0.0,0.0,0.8506493506493507,,115.04240465896659,0.2857142857142857,0.64,0.7257142857142858,29.0,167.84534222663973,0.1111111111111111,0.64,0.8133333333333334,30.0,1.0,1.0
44,baseline,hot_block,10.0,1.0,9,24.986768620562955,1.0,1.0,0.948051948051948,35.0,88.68063185908429,0.7142857142857143,0.96,0.7542857142857142,30.0,122.95553709828766,0.4444444444444444,0.92,0.8933333333333333,34.0,,
44,rftl_s,hot_block,10.0,1.0,9,1010.7952590367919,0.0,0.0,0.7662337662337663,,215.79701723880655,0.0,0.28,0.6971428571428571,21.0,332.2280715614891,0.0,0.24,0.6755555555555556,21.0,1.0,1.0
44,baseline,stripe,10.0,0.6,9,57.9243453752361,0.7142857142857143,1.0,0.8961038961038961,35.0,88.68071272200399,0.7142857142857143,0.96,0.7542857142857142,30.0,122.95553709609166,0.4444444444444444,0.92,0.8933333333333333,34.0,,
44,rftl_s,stripe,10.0,0.6,9,57.92434537497019,0.7142857142857143,1.0,0.8961038961038961,35.0,88.68071272565311,0.7142857142857143,0.96,0.7542857142857142,30.0,122.95553709607954,0.4444444444444444,0.92,0.8933333333333333,34.0,0.0,0.0
45,clean,none,0.0,0.0,0,55.66668162515703,0.8571428571428571,1.0,0.8506493506493507,37.0,90.67208036085505,0.2857142857142857,0.88,0.8685714285714284,32.0,124.03488505090579,0.3333333333333333,1.0,0.9358974358974359,33.0,,
45,baseline,hot_block,10.0,0.3,9,71.66382583834704,0.0,0.5909090909090909,0.8246753246753247,32.0,90.67208036083571,0.2857142857142857,0.88,0.8685714285714284,32.0,124.03488505095709,0.3333333333333333,1.0,0.9358974358974359,33.0,,
45,rftl_s,hot_block,10.0,0.3,9,71.66382583832278,0.0,0.5909090909090909,0.8246753246753247,32.0,90.6720803608721,0.2857142857142857,0.88,0.8685714285714284,32.0,124.03488505092913,0.3333333333333333,1.0,0.9358974358974359,33.0,0.0,0.0
45,baseline,hot_block,10.0,0.4,9,63.523452954432685,0.5714285714285714,0.8636363636363636,0.8051948051948052,33.0,91.68525841479084,0.2857142857142857,0.88,0.8628571428571428,32.0,128.54612300473127,0.2222222222222222,1.0,0.9358974358974359,33.0,,
45,rftl_s,hot_block,10.0,0.4,9,57.40769330239653,0.8571428571428571,0.9545454545454546,0.8051948051948052,37.0,90.67208036084841,0.2857142857142857,0.88,0.8685714285714284,32.0,124.03488505092281,0.3333333333333333,1.0,0.9358974358974359,33.0,0.0,0.0
45,baseline,hot_block,10.0,0.5,9,57.95608653976979,0.5714285714285714,0.9090909090909091,0.8701298701298702,37.0,90.67208036085674,0.2857142857142857,0.88,0.8685714285714284,32.0,124.03488505093267,0.3333333333333333,1.0,0.9358974358974359,33.0,,
45,rftl_s,hot_block,10.0,0.5,9,57.95608647795275,0.5714285714285714,0.9090909090909091,0.8701298701298702,37.0,90.6720803637816,0.2857142857142857,0.88,0.8685714285714284,32.0,124.0348850510513,0.3333333333333333,1.0,0.9358974358974359,33.0,0.0,0.0
45,baseline,hot_block,10.0,0.6,9,51.12460119234288,1.0,0.9545454545454546,0.7987012987012987,37.0,90.67208036085566,0.2857142857142857,0.88,0.8685714285714284,32.0,124.0348850509292,0.3333333333333333,1.0,0.9358974358974359,33.0,,
45,rftl_s,hot_block,10.0,0.6,9,51.124601192353765,1.0,0.9545454545454546,0.7987012987012987,37.0,90.6720803608493,0.2857142857142857,0.88,0.8685714285714284,32.0,124.03488505090473,0.3333333333333333,1.0,0.9358974358974359,33.0,0.0,0.0
45,baseline,hot_block,10.0,0.8,9,44.747572540979604,1.0,1.0,0.8246753246753248,37.0,90.6720803608651,0.2857142857142857,0.88,0.8685714285714284,32.0,124.03488505086568,0.3333333333333333,1.0,0.9358974358974359,33.0,,
45,rftl_s,hot_block,10.0,0.8,9,44.74288216925877,1.0,1.0,0.8246753246753248,37.0,90.574287972998,0.2857142857142857,0.88,0.8685714285714284,32.0,124.03712279587008,0.3333333333333333,1.0,0.9358974358974359,33.0,0.0,0.0
45,baseline,hot_block,10.0,1.0,9,24.68784805566945,1.0,1.0,0.8051948051948052,37.0,104.01020878954125,0.14285714285714285,0.8,0.8457142857142856,32.0,139.38874940421545,0.2222222222222222,0.9615384615384616,0.9316239316239316,33.0,,
45,rftl_s,hot_block,10.0,1.0,9,23.537359105474465,1.0,1.0,0.8051948051948052,37.0,90.67287119628591,0.2857142857142857,0.88,0.8685714285714284,32.0,124.0354317384331,0.3333333333333333,1.0,0.9358974358974359,33.0,0.0,0.0
45,baseline,stripe,10.0,0.6,9,55.025004764244436,0.8571428571428571,0.9545454545454546,0.8441558441558441,37.0,90.67208036081064,0.2857142857142857,0.88,0.8685714285714284,32.0,124.03488505095774,0.3333333333333333,1.0,0.9358974358974359,33.0,,
45,rftl_s,stripe,10.0,0.6,9,55.02500476428957,0.8571428571428571,0.9545454545454546,0.8441558441558441,37.0,90.67208036084102,0.2857142857142857,0.88,0.8685714285714284,32.0,124.03488505092798,0.3333333333333333,1.0,0.9358974358974359,33.0,0.0,0.0
46,clean,none,0.0,0.0,0,58.13172633458059,0.5714285714285714,0.9545454545454546,0.9090909090909091,30.0,89.32018064538202,0.42857142857142855,0.96,0.8457142857142856,36.0,118.94238388598791,0.625,1.0,0.9675925925925926,30.0,,
46,baseline,hot_block,10.0,0.3,9,68.31933315201154,0.14285714285714285,0.8181818181818182,0.922077922077922,30.0,89.3201118336442,0.42857142857142855,0.96,0.8457142857142856,36.0,118.9423838812252,0.625,1.0,0.9675925925925926,30.0,,
46,rftl_s,hot_block,10.0,0.3,9,68.31933310030063,0.14285714285714285,0.8181818181818182,0.922077922077922,30.0,89.32018064537746,0.42857142857142855,0.96,0.8457142857142856,36.0,118.9423838860148,0.625,1.0,0.9675925925925926,30.0,0.0,0.0
46,baseline,hot_block,10.0,0.4,9,69.65456970023962,0.14285714285714285,0.6818181818181818,0.9025974025974026,30.0,89.32018064541697,0.42857142857142855,0.96,0.8457142857142856,36.0,118.94238388601202,0.625,1.0,0.9675925925925926,30.0,,
46,rftl_s,hot_block,10.0,0.4,9,69.65456970022385,0.14285714285714285,0.6818181818181818,0.9025974025974026,30.0,89.32018064538212,0.42857142857142855,0.96,0.8457142857142856,36.0,118.94238388599004,0.625,1.0,0.9675925925925926,30.0,0.0,0.0
46,baseline,hot_block,10.0,0.5,9,65.21943507773811,0.14285714285714285,0.9090909090909091,0.9090909090909091,30.0,89.32018058293929,0.42857142857142855,0.96,0.8457142857142856,36.0,118.9423838859932,0.625,1.0,0.9675925925925926,30.0,,
46,rftl_s,hot_block,10.0,0.5,9,62.46451196263497,0.2857142857142857,0.9090909090909091,0.9155844155844155,30.0,89.29530823325504,0.42857142857142855,0.96,0.8457142857142856,36.0,118.94222425742171,0.625,1.0,0.9675925925925926,30.0,1.0,1.0
46,baseline,hot_block,10.0,0.6,9,56.46215239814429,0.8571428571428571,1.0,0.9025974025974026,30.0,89.32016937538654,0.42857142857142855,0.96,0.8457142857142856,36.0,118.9423838859789,0.625,1.0,0.9675925925925926,30.0,,
46,rftl_s,hot_block,10.0,0.6,9,56.462156532045526,0.8571428571428571,1.0,0.9025974025974026,30.0,89.32018064537819,0.42857142857142855,0.96,0.8457142857142856,36.0,118.94238388597941,0.625,1.0,0.9675925925925926,30.0,0.0,0.0
46,baseline,hot_block,10.0,0.8,9,39.61601743441891,1.0,1.0,0.8831168831168831,30.0,89.31560041678719,0.42857142857142855,0.96,0.8457142857142856,36.0,118.94243986768748,0.625,1.0,0.9675925925925926,30.0,,
46,rftl_s,hot_block,10.0,0.8,9,39.963981526154924,1.0,1.0,0.8831168831168831,30.0,89.16704530015865,0.42857142857142855,0.96,0.8457142857142856,36.0,119.1911054704119,0.625,1.0,0.9675925925925926,30.0,0.0,0.0
46,baseline,hot_block,10.0,1.0,9,25.77669049053626,1.0,1.0,0.9415584415584416,30.0,89.25828242360481,0.42857142857142855,0.96,0.8457142857142856,36.0,118.95535792929226,0.625,1.0,0.9675925925925926,30.0,,
46,rftl_s,hot_block,10.0,1.0,9,25.7764701760703,1.0,1.0,0.9415584415584416,30.0,89.30639496715995,0.42857142857142855,0.96,0.8457142857142856,36.0,118.94241631505125,0.625,1.0,0.9675925925925926,30.0,0.0,0.0
46,baseline,stripe,10.0,0.6,9,61.00703715597152,0.42857142857142855,1.0,0.9285714285714285,30.0,89.27547523307042,0.42857142857142855,0.96,0.8457142857142856,36.0,118.9369885288273,0.625,1.0,0.9675925925925926,30.0,,
46,rftl_s,stripe,10.0,0.6,9,62.585673413427585,0.2857142857142857,1.0,0.922077922077922,30.0,89.32018064537073,0.42857142857142855,0.96,0.8457142857142856,36.0,118.94238388599628,0.625,1.0,0.9675925925925926,30.0,1.0,1.0
47,clean,none,0.0,0.0,0,56.519689528947765,0.5714285714285714,1.0,0.9090909090909092,33.0,94.56653591117723,0.5,0.9166666666666666,0.78125,30.0,117.89576645194794,0.625,1.0,0.9675925925925926,33.0,,
47,baseline,hot_block,10.0,0.3,9,71.99653698289498,0.2857142857142857,0.7727272727272727,0.8701298701298701,33.0,94.54221571074288,0.5,0.9166666666666666,0.78125,30.0,117.8956271075094,0.625,1.0,0.9675925925925926,33.0,,
47,rftl_s,hot_block,10.0,0.3,9,72.86513401807505,0.2857142857142857,0.7727272727272727,0.8766233766233766,33.0,95.4964478446998,0.5,0.9166666666666666,0.78125,30.0,118.30755268222808,0.625,1.0,0.9675925925925926,33.0,0.0,0.0
47,baseline,hot_block,10.0,0.4,9,65.90698100586074,0.2857142857142857,0.8636363636363636,0.9025974025974026,33.0,94.56653591188167,0.5,0.9166666666666666,0.78125,30.0,117.89576645188782,0.625,1.0,0.9675925925925926,33.0,,
47,rftl_s,hot_block,10.0,0.4,9,65.90698100583978,0.2857142857142857,0.8636363636363636,0.9025974025974026,33.0,94.5665359111695,0.5,0.9166666666666666,0.78125,30.0,117.89576645193397,0.625,1.0,0.9675925925925926,33.0,0.0,0.0
47,baseline,hot_block,10.0,0.5,9,66.52699089083283,0.2857142857142857,0.8181818181818182,0.8831168831168831,33.0,94.91740032015764,0.5,0.9166666666666666,0.78125,30.0,118.03821791371959,0.625,1.0,0.9675925925925926,33.0,,
47,rftl_s,hot_block,10.0,0.5,9,67.52654333017665,0.2857142857142857,0.8181818181818182,0.8766233766233766,33.0,95.20496457619976,0.5,0.9166666666666666,0.78125,30.0,119.5746348105923,0.625,1.0,0.962962962962963,33.0,0.0,0.0
47,baseline,hot_block,10.0,0.6,9,1951.2542633351868,0.0,0.0,0.8116883116883117,,242.47864568425405,0.0,0.25,0.703125,21.0,312.4332586305401,0.0,0.3333333333333333,0.8981481481481481,26.0,,
47,rftl_s,hot_block,10.0,0.6,9,57.64776553975191,0.8571428571428571,0.9545454545454546,0.9415584415584416,33.0,94.5428827513278,0.5,0.9166666666666666,0.78125,30.0,117.89572857391339,0.625,1.0,0.9675925925925926,33.0,1.0,1.0
47,baseline,hot_block,10.0,0.8,9,47.52507422214137,1.0,1.0,0.935064935064935,33.0,94.56177069609495,0.5,0.9166666666666666,0.78125,30.0,117.89576598055154,0.625,1.0,0.9675925925925926,33.0,,
47,rftl_s,hot_block,10.0,0.8,9,47.556028678311314,1.0,1.0,0.935064935064935,33.0,94.60259304822003,0.5,0.9166666666666666,0.78125,30.0,117.89701392477002,0.625,1.0,0.9675925925925926,33.0,0.0,0.0
47,baseline,hot_block,10.0,1.0,9,25.011582196044387,1.0,1.0,0.8766233766233766,33.0,94.56653872441277,0.5,0.9166666666666666,0.78125,30.0,117.89576645190135,0.625,1.0,0.9675925925925926,33.0,,
47,rftl_s,hot_block,10.0,1.0,9,25.002311277151897,1.0,1.0,0.8766233766233766,33.0,94.54515177555291,0.5,0.9166666666666666,0.78125,30.0,117.90026484653495,0.625,1.0,0.9675925925925926,33.0,1.0,1.0
47,baseline,stripe,10.0,0.6,9,58.43404713848743,0.5714285714285714,1.0,0.9155844155844156,33.0,94.56653591136899,0.5,0.9166666666666666,0.78125,30.0,117.89576645189169,0.625,1.0,0.9675925925925926,33.0,,
47,rftl_s,stripe,10.0,0.6,9,66.44579676534036,0.5714285714285714,0.7727272727272727,0.7467532467532467,33.0,94.56653591106878,0.5,0.9166666666666666,0.78125,30.0,117.89576645190012,0.625,1.0,0.9675925925925926,33.0,1.0,1.0
48,clean,none,0.0,0.0,0,59.11522891236527,0.5714285714285714,0.9523809523809523,0.8231292517006802,30.0,86.5659705839356,0.42857142857142855,0.88,0.8628571428571429,34.0,126.68538807362722,0.375,0.8518518518518519,0.8379629629629629,30.0,,
48,baseline,hot_block,10.0,0.3,9,63.02878682874605,0.42857142857142855,0.8571428571428571,0.8027210884353742,30.0,86.56597058370642,0.42857142857142855,0.88,0.8628571428571429,34.0,126.68538807352843,0.375,0.8518518518518519,0.8379629629629629,30.0,,
48,rftl_s,hot_block,10.0,0.3,9,63.02878682869142,0.42857142857142855,0.8571428571428571,0.8027210884353742,30.0,86.56597058390889,0.42857142857142855,0.88,0.8628571428571429,34.0,126.84780296945283,0.375,0.8148148148148148,0.8379629629629629,30.0,0.0,0.0
48,baseline,hot_block,10.0,0.4,9,69.02530893293536,0.2857142857142857,0.7142857142857143,0.8299319727891157,30.0,86.56609288318671,0.42857142857142855,0.88,0.8628571428571429,34.0,126.68538805559162,0.375,0.8518518518518519,0.8379629629629629,30.0,,
48,rftl_s,hot_block,10.0,0.4,9,69.04565328161955,0.2857142857142857,0.7142857142857143,0.8299319727891157,30.0,86.6902604776261,0.42857142857142855,0.88,0.8628571428571429,34.0,126.72140837567804,0.375,0.8518518518518519,0.8379629629629629,30.0,0.0,0.0
48,baseline,hot_block,10.0,0.5,9,60.25382218262946,0.7142857142857143,0.9523809523809523,0.7959183673469387,30.0,86.56155343500504,0.42857142857142855,0.88,0.8628571428571429,34.0,126.68538955045253,0.375,0.8518518518518519,0.8379629629629629,30.0,,
48,rftl_s,hot_block,10.0,0.5,9,60.96192636245479,0.5714285714285714,0.9523809523809523,0.8163265306122449,30.0,87.73549815376327,0.42857142857142855,0.88,0.8628571428571429,34.0,128.12482149234918,0.375,0.8148148148148148,0.8379629629629629,30.0,0.0,0.0
48,baseline,hot_block,10.0,0.6,9,56.38953550651182,0.7142857142857143,1.0,0.782312925170068,30.0,86.56597058393227,0.42857142857142855,0.88,0.8628571428571429,34.0,126.68538807365924,0.375,0.8518518518518519,0.8379629629629629,30.0,,
48,rftl_s,hot_block,10.0,0.6,9,56.38953550644615,0.7142857142857143,1.0,0.782312925170068,30.0,86.56597058802183,0.42857142857142855,0.88,0.8628571428571429,34.0,126.68538807359678,0.375,0.8518518518518519,0.8379629629629629,30.0,0.0,0.0
48,baseline,hot_block,10.0,0.8,9,47.40363134353301,1.0,1.0,0.782312925170068,30.0,86.56597038438646,0.42857142857142855,0.88,0.8628571428571429,34.0,126.68538807371411,0.375,0.8518518518518519,0.8379629629629629,30.0,,
48,rftl_s,hot_block,10.0,0.8,9,47.40363134355888,1.0,1.0,0.782312925170068,30.0,86.56598955341377,0.42857142857142855,0.88,0.8628571428571429,34.0,126.68538807365204,0.375,0.8518518518518519,0.8379629629629629,30.0,0.0,0.0
48,baseline,hot_block,10.0,1.0,9,26.488144614245122,1.0,1.0,0.8231292517006803,30.0,86.49367077037864,0.42857142857142855,0.92,0.8628571428571429,34.0,126.69338699784296,0.375,0.8518518518518519,0.8379629629629629,30.0,,
48,rftl_s,hot_block,10.0,1.0,9,911.5825621062854,0.0,0.0,0.7619047619047619,,217.99322524080762,0.0,0.4,0.8171428571428572,24.0,276.99192420246465,0.125,0.2962962962962963,0.75,21.0,0.0,0.0
48,baseline,stripe,10.0,0.6,9,64.31917250050822,0.42857142857142855,0.7619047619047619,0.782312925170068,30.0,86.56597058395587,0.42857142857142855,0.88,0.8628571428571429,34.0,126.68538807361938,0.375,0.8518518518518519,0.8379629629629629,30.0,,
48,rftl_s,stripe,10.0,0.6,9,64.31917250067482,0.42857142857142855,0.7619047619047619,0.782312925170068,30.0,86.56595608116868,0.42857142857142855,0.88,0.8628571428571429,34.0,126.68538807369981,0.375,0.8518518518518519,0.8379629629629629,30.0,0.0,0.0
49,clean,none,0.0,0.0,0,60.166739105807835,0.5,0.7222222222222222,0.7986111111111112,32.0,89.826247264135,0.25,0.7391304347826086,0.7934782608695652,34.0,132.04048351684213,0.4444444444444444,0.8461538461538461,0.8119658119658121,32.0,,
49,baseline,hot_block,10.0,0.3,9,74.38012264279972,0.125,0.3888888888888889,0.7569444444444444,26.0,89.82624726420444,0.25,0.7391304347826086,0.7934782608695652,34.0,132.04048351681107,0.4444444444444444,0.8461538461538461,0.8119658119658121,32.0,,
49,rftl_s,hot_block,10.0,0.3,9,67.0074211175276,0.25,0.4444444444444444,0.7569444444444444,26.0,89.82624726343195,0.25,0.7391304347826086,0.7934782608695652,34.0,132.09400533859363,0.4444444444444444,0.8461538461538461,0.8247863247863247,32.0,0.8571428571428571,1.0
49,baseline,hot_block,10.0,0.4,9,69.91641608171082,0.125,0.5555555555555556,0.8055555555555556,32.0,89.82341383369587,0.25,0.7391304347826086,0.7934782608695652,34.0,132.0391165472481,0.4444444444444444,0.8461538461538461,0.8119658119658121,32.0,,
49,rftl_s,hot_block,10.0,0.4,9,69.91641614776302,0.125,0.5555555555555556,0.8055555555555556,32.0,89.82387052521139,0.25,0.7391304347826086,0.7934782608695652,34.0,132.0450131608796,0.4444444444444444,0.8461538461538461,0.8119658119658121,32.0,0.0,0.0
49,baseline,hot_block,10.0,0.5,9,279.27599907127103,0.0,0.0,0.8194444444444444,,110.8138530386014,0.125,0.5652173913043478,0.8641304347826086,34.0,185.20503959397448,0.2222222222222222,0.5769230769230769,0.7777777777777778,32.0,,
49,rftl_s,hot_block,10.0,0.5,9,65.75247563958159,0.375,0.6111111111111112,0.7638888888888888,28.0,89.84616855029972,0.25,0.7391304347826086,0.7934782608695652,34.0,132.04563465386272,0.4444444444444444,0.8461538461538461,0.8119658119658121,32.0,0.0,0.0
49,baseline,hot_block,10.0,0.6,9,59.95592080551705,0.375,0.8333333333333334,0.7847222222222222,32.0,89.8262472254304,0.25,0.7391304347826086,0.7934782608695652,34.0,132.0404833962752,0.4444444444444444,0.8461538461538461,0.8119658119658121,32.0,,
49,rftl_s,hot_block,10.0,0.6,9,59.955672061511336,0.375,0.8333333333333334,0.7847222222222222,32.0,89.82115925898674,0.25,0.7391304347826086,0.7934782608695652,34.0,132.3265082726669,0.4444444444444444,0.8461538461538461,0.8119658119658121,32.0,0.0,0.0
49,baseline,hot_block,10.0,0.8,9,239.10629765952052,0.0,0.0,0.7847222222222223,,93.42954166865059,0.25,0.6521739130434783,0.7717391304347826,35.0,133.13483194368501,0.5555555555555556,0.8846153846153846,0.811965811965812,32.0,,
49,rftl_s,hot_block,10.0,0.8,9,48.66746289076342,0.875,1.0,0.7638888888888888,33.0,90.00399814234603,0.25,0.7391304347826086,0.7934782608695652,34.0,131.7129557600286,0.4444444444444444,0.8461538461538461,0.8247863247863247,32.0,0.0,0.0
49,baseline,hot_block,10.0,1.0,9,25.857080678958923,1.0,1.0,0.7708333333333334,33.0,89.80170346373413,0.25,0.7391304347826086,0.7934782608695652,34.0,132.02748334168854,0.4444444444444444,0.8461538461538461,0.8119658119658121,32.0,,
49,rftl_s,hot_block,10.0,1.0,9,462.92957136362793,0.0,0.0,0.7847222222222223,,155.24778473509588,0.0,0.21739130434782608,0.8369565217391304,21.0,218.65939636221475,0.2222222222222222,0.4230769230769231,0.7649572649572649,27.0,0.0,0.0
49,baseline,stripe,10.0,0.6,9,61.47933064322635,0.25,0.7222222222222222,0.7708333333333333,32.0,89.82624726414359,0.25,0.7391304347826086,0.7934782608695652,34.0,132.0404835168291,0.4444444444444444,0.8461538461538461,0.8119658119658121,32.0,,
49,rftl_s,stripe,10.0,0.6,9,61.47933064317629,0.25,0.7222222222222222,0.7708333333333333,32.0,89.82624726415061,0.25,0.7391304347826086,0.7934782608695652,34.0,132.0092109364097,0.4444444444444444,0.8461538461538461,0.8205128205128206,32.0,0.0,0.0
